cp,municipio,provincia,ccaa
01001,Vitoria-Gasteiz,Araba/Álava,País Vasco
01002,Vitoria-Gasteiz,Araba/Álava,País Vasco
01003,Vitoria-Gasteiz,Araba/Álava,País Vasco
01004,Vitoria-Gasteiz,Araba/Álava,País Vasco
01005,Vitoria-Gasteiz,Araba/Álava,País Vasco
01006,Vitoria-Gasteiz,Araba/Álava,País Vasco
01007,Vitoria-Gasteiz,Araba/Álava,País Vasco
01008,Vitoria-Gasteiz,Araba/Álava,País Vasco
01009,Vitoria-Gasteiz,Araba/Álava,País Vasco
01010,Vitoria-Gasteiz,Araba/Álava,País Vasco
01012,Vitoria-Gasteiz,Araba/Álava,País Vasco
01013,Vitoria-Gasteiz,Araba/Álava,País Vasco
01015,Vitoria-Gasteiz,Araba/Álava,País Vasco
01100,Vitoria-Gasteiz,Araba/Álava,País Vasco
01110,Campezo/Kanpezu,Araba/Álava,País Vasco
01117,Campezo/Kanpezu,Araba/Álava,País Vasco
01117,Harana/Valle de Arana,Araba/Álava,País Vasco
01118,Bernedo,Araba/Álava,País Vasco
01118,Lagrán,Araba/Álava,País Vasco
01118,Condado de Treviño,Burgos,Castilla y León
01120,Arraia-Maeztu,Araba/Álava,País Vasco
01128,Bernedo,Araba/Álava,País Vasco
01128,Campezo/Kanpezu,Araba/Álava,País Vasco
01128,Arraia-Maeztu,Araba/Álava,País Vasco
01129,Arraia-Maeztu,Araba/Álava,País Vasco
01130,Zuia,Araba/Álava,País Vasco
01138,Zigoitia,Araba/Álava,País Vasco
01139,Zuia,Araba/Álava,País Vasco
01160,Aramaio,Araba/Álava,País Vasco
01165,Aramaio,Araba/Álava,País Vasco
01169,Aramaio,Araba/Álava,País Vasco
01170,Legutio,Araba/Álava,País Vasco
01191,Vitoria-Gasteiz,Araba/Álava,País Vasco
01191,Iruña Oka/Iruña de Oca,Araba/Álava,País Vasco
01192,Elburgo/Burgelu,Araba/Álava,País Vasco
01192,Vitoria-Gasteiz,Araba/Álava,País Vasco
01193,Alegría-Dulantzi,Araba/Álava,País Vasco
01193,Elburgo/Burgelu,Araba/Álava,País Vasco
01193,Iruraiz-Gauna,Araba/Álava,País Vasco
01193,Vitoria-Gasteiz,Araba/Álava,País Vasco
01194,Bernedo,Araba/Álava,País Vasco
01194,Vitoria-Gasteiz,Araba/Álava,País Vasco
01195,Vitoria-Gasteiz,Araba/Álava,País Vasco
01195,Iruña Oka/Iruña de Oca,Araba/Álava,País Vasco
01196,Zigoitia,Araba/Álava,País Vasco
01196,Vitoria-Gasteiz,Araba/Álava,País Vasco
01200,Agurain/Salvatierra,Araba/Álava,País Vasco
01206,Barrundia,Araba/Álava,País Vasco
01206,Iruraiz-Gauna,Araba/Álava,País Vasco
01207,Iruraiz-Gauna,Araba/Álava,País Vasco
01207,Agurain/Salvatierra,Araba/Álava,País Vasco
01207,San Millán/Donemiliaga,Araba/Álava,País Vasco
01208,Asparrena,Araba/Álava,País Vasco
01208,Barrundia,Araba/Álava,País Vasco
01208,San Millán/Donemiliaga,Araba/Álava,País Vasco
01208,Zalduondo,Araba/Álava,País Vasco
01211,Armiñón,Araba/Álava,País Vasco
01211,Berantevilla,Araba/Álava,País Vasco
01211,Lagrán,Araba/Álava,País Vasco
01211,Peñacerrada-Urizaharra,Araba/Álava,País Vasco
01211,Condado de Treviño,Burgos,Castilla y León
01212,Berantevilla,Araba/Álava,País Vasco
01212,Labastida/Bastida,Araba/Álava,País Vasco
01212,Peñacerrada-Urizaharra,Araba/Álava,País Vasco
01212,Zambrana,Araba/Álava,País Vasco
01213,Erriberagoitia/Ribera Alta,Araba/Álava,País Vasco
01213,Ribera Baja/Erriberabeitia,Araba/Álava,País Vasco
01213,Lantarón,Araba/Álava,País Vasco
01216,Bernedo,Araba/Álava,País Vasco
01216,Peñacerrada-Urizaharra,Araba/Álava,País Vasco
01220,Armiñón,Araba/Álava,País Vasco
01220,Berantevilla,Araba/Álava,País Vasco
01220,Erriberagoitia/Ribera Alta,Araba/Álava,País Vasco
01220,Ribera Baja/Erriberabeitia,Araba/Álava,País Vasco
01230,Iruña Oka/Iruña de Oca,Araba/Álava,País Vasco
01240,Alegría-Dulantzi,Araba/Álava,País Vasco
01250,Asparrena,Araba/Álava,País Vasco
01260,Asparrena,Araba/Álava,País Vasco
01300,Laguardia,Araba/Álava,País Vasco
01306,Lapuebla de Labarca,Araba/Álava,País Vasco
01307,Baños de Ebro/Mañueta,Araba/Álava,País Vasco
01307,Samaniego,Araba/Álava,País Vasco
01307,Villabuena de Álava/Eskuernaga,Araba/Álava,País Vasco
01308,Kripan,Araba/Álava,País Vasco
01308,Laguardia,Araba/Álava,País Vasco
01308,Lanciego/Lantziego,Araba/Álava,País Vasco
01309,Elvillar/Bilar,Araba/Álava,País Vasco
01309,Laguardia,Araba/Álava,País Vasco
01309,Leza,Araba/Álava,País Vasco
01309,Navaridas,Araba/Álava,País Vasco
01320,Oyón-Oion,Araba/Álava,País Vasco
01321,Laguardia,Araba/Álava,País Vasco
01322,Moreda de Álava/Moreda Araba,Araba/Álava,País Vasco
01322,Oyón-Oion,Araba/Álava,País Vasco
01322,Yécora/Iekora,Araba/Álava,País Vasco
01330,Labastida/Bastida,Araba/Álava,País Vasco
01340,Elciego,Araba/Álava,País Vasco
01400,Laudio/Llodio,Araba/Álava,País Vasco
01408,Ayala/Aiara,Araba/Álava,País Vasco
01409,Okondo,Araba/Álava,País Vasco
01420,Erriberagoitia/Ribera Alta,Araba/Álava,País Vasco
01423,Erriberagoitia/Ribera Alta,Araba/Álava,País Vasco
01423,Añana,Araba/Álava,País Vasco
01423,Valdegovía/Gaubea,Araba/Álava,País Vasco
01423,Lantarón,Araba/Álava,País Vasco
01426,Erriberagoitia/Ribera Alta,Araba/Álava,País Vasco
01426,Añana,Araba/Álava,País Vasco
01426,Valdegovía/Gaubea,Araba/Álava,País Vasco
01427,Valdegovía/Gaubea,Araba/Álava,País Vasco
01427,Berberana,Burgos,Castilla y León
01427,Jurisdicción de San Zadornil,Burgos,Castilla y León
01428,Erriberagoitia/Ribera Alta,Araba/Álava,País Vasco
01428,Valdegovía/Gaubea,Araba/Álava,País Vasco
01428,Iruña Oka/Iruña de Oca,Araba/Álava,País Vasco
01430,Kuartango,Araba/Álava,País Vasco
01439,Kuartango,Araba/Álava,País Vasco
01440,Urkabustaiz,Araba/Álava,País Vasco
01449,Urkabustaiz,Araba/Álava,País Vasco
01450,Amurrio,Araba/Álava,País Vasco
01450,Urkabustaiz,Araba/Álava,País Vasco
01450,Zuia,Araba/Álava,País Vasco
01468,Amurrio,Araba/Álava,País Vasco
01470,Amurrio,Araba/Álava,País Vasco
01470,Ayala/Aiara,Araba/Álava,País Vasco
01474,Artziniega,Araba/Álava,País Vasco
01476,Ayala/Aiara,Araba/Álava,País Vasco
01477,Ayala/Aiara,Araba/Álava,País Vasco
01478,Artziniega,Araba/Álava,País Vasco
01478,Ayala/Aiara,Araba/Álava,País Vasco
01479,Ayala/Aiara,Araba/Álava,País Vasco
01510,Arratzua-Ubarrundia,Araba/Álava,País Vasco
01510,Legutio,Araba/Álava,País Vasco
01510,Vitoria-Gasteiz,Araba/Álava,País Vasco
01520,Arratzua-Ubarrundia,Araba/Álava,País Vasco
01520,Vitoria-Gasteiz,Araba/Álava,País Vasco
02001,Albacete,Albacete,Castilla-La Mancha
02002,Albacete,Albacete,Castilla-La Mancha
02003,Albacete,Albacete,Castilla-La Mancha
02004,Albacete,Albacete,Castilla-La Mancha
02005,Albacete,Albacete,Castilla-La Mancha
02006,Albacete,Albacete,Castilla-La Mancha
02007,Albacete,Albacete,Castilla-La Mancha
02008,Albacete,Albacete,Castilla-La Mancha
02049,Albacete,Albacete,Castilla-La Mancha
02100,Tarazona de la Mancha,Albacete,Castilla-La Mancha
02110,La Gineta,Albacete,Castilla-La Mancha
02120,Peñas de San Pedro,Albacete,Castilla-La Mancha
02124,Alcadozo,Albacete,Castilla-La Mancha
02124,Ayna,Albacete,Castilla-La Mancha
02124,Liétor,Albacete,Castilla-La Mancha
02125,Ayna,Albacete,Castilla-La Mancha
02127,Casas de Lázaro,Albacete,Castilla-La Mancha
02127,Peñascosa,Albacete,Castilla-La Mancha
02127,Peñas de San Pedro,Albacete,Castilla-La Mancha
02129,Alcadozo,Albacete,Castilla-La Mancha
02129,Peñas de San Pedro,Albacete,Castilla-La Mancha
02129,Pozohondo,Albacete,Castilla-La Mancha
02130,Bogarra,Albacete,Castilla-La Mancha
02136,Paterna del Madera,Albacete,Castilla-La Mancha
02137,Paterna del Madera,Albacete,Castilla-La Mancha
02137,Peñascosa,Albacete,Castilla-La Mancha
02139,Ayna,Albacete,Castilla-La Mancha
02139,Bogarra,Albacete,Castilla-La Mancha
02140,Albacete,Albacete,Castilla-La Mancha
02141,Pozohondo,Albacete,Castilla-La Mancha
02142,Hellín,Albacete,Castilla-La Mancha
02142,Liétor,Albacete,Castilla-La Mancha
02142,Pozohondo,Albacete,Castilla-La Mancha
02150,Valdeganga,Albacete,Castilla-La Mancha
02151,Casas de Juan Núñez,Albacete,Castilla-La Mancha
02152,Alatoz,Albacete,Castilla-La Mancha
02153,Carcelén,Albacete,Castilla-La Mancha
02154,Pozo-Lorente,Albacete,Castilla-La Mancha
02154,Villavaliente,Albacete,Castilla-La Mancha
02155,Albacete,Albacete,Castilla-La Mancha
02156,Chinchilla de Monte-Aragón,Albacete,Castilla-La Mancha
02160,Lezuza,Albacete,Castilla-La Mancha
02161,Lezuza,Albacete,Castilla-La Mancha
02162,La Herrera,Albacete,Castilla-La Mancha
02200,Casas-Ibáñez,Albacete,Castilla-La Mancha
02210,Alcalá del Júcar,Albacete,Castilla-La Mancha
02211,Alcalá del Júcar,Albacete,Castilla-La Mancha
02212,Casas de Ves,Albacete,Castilla-La Mancha
02213,Balsa de Ves,Albacete,Castilla-La Mancha
02213,Villa de Ves,Albacete,Castilla-La Mancha
02214,Alcalá del Júcar,Albacete,Castilla-La Mancha
02214,Balsa de Ves,Albacete,Castilla-La Mancha
02214,Villa de Ves,Albacete,Castilla-La Mancha
02215,Alborea,Albacete,Castilla-La Mancha
02215,Villatoya,Albacete,Castilla-La Mancha
02220,Albacete,Albacete,Castilla-La Mancha
02220,Motilleja,Albacete,Castilla-La Mancha
02230,Madrigueras,Albacete,Castilla-La Mancha
02240,Mahora,Albacete,Castilla-La Mancha
02246,Navas de Jorquera,Albacete,Castilla-La Mancha
02247,Cenizate,Albacete,Castilla-La Mancha
02248,Jorquera,Albacete,Castilla-La Mancha
02249,Fuentealbilla,Albacete,Castilla-La Mancha
02249,Jorquera,Albacete,Castilla-La Mancha
02249,La Recueja,Albacete,Castilla-La Mancha
02250,Abengibre,Albacete,Castilla-La Mancha
02251,Fuentealbilla,Albacete,Castilla-La Mancha
02252,Alcalá del Júcar,Albacete,Castilla-La Mancha
02253,Golosalvo,Albacete,Castilla-La Mancha
02260,Fuentealbilla,Albacete,Castilla-La Mancha
02270,Villamalea,Albacete,Castilla-La Mancha
02300,Alcaraz,Albacete,Castilla-La Mancha
02310,Viveros,Albacete,Castilla-La Mancha
02311,Povedilla,Albacete,Castilla-La Mancha
02312,Alcaraz,Albacete,Castilla-La Mancha
02313,Peñascosa,Albacete,Castilla-La Mancha
02314,Alcaraz,Albacete,Castilla-La Mancha
02314,Masegoso,Albacete,Castilla-La Mancha
02314,Peñascosa,Albacete,Castilla-La Mancha
02315,Vianos,Albacete,Castilla-La Mancha
02316,Salobre,Albacete,Castilla-La Mancha
02320,Balazote,Albacete,Castilla-La Mancha
02326,San Pedro,Albacete,Castilla-La Mancha
02327,Albacete,Albacete,Castilla-La Mancha
02327,Pozuelo,Albacete,Castilla-La Mancha
02328,Albacete,Albacete,Castilla-La Mancha
02329,Casas de Lázaro,Albacete,Castilla-La Mancha
02340,Alcaraz,Albacete,Castilla-La Mancha
02340,Robledo,Albacete,Castilla-La Mancha
02350,Villapalacios,Albacete,Castilla-La Mancha
02360,Bienservida,Albacete,Castilla-La Mancha
02400,Hellín,Albacete,Castilla-La Mancha
02409,Hellín,Albacete,Castilla-La Mancha
02410,Liétor,Albacete,Castilla-La Mancha
02420,Hellín,Albacete,Castilla-La Mancha
02430,Elche de la Sierra,Albacete,Castilla-La Mancha
02434,Letur,Albacete,Castilla-La Mancha
02435,Socovos,Albacete,Castilla-La Mancha
02436,Férez,Albacete,Castilla-La Mancha
02437,Socovos,Albacete,Castilla-La Mancha
02439,Elche de la Sierra,Albacete,Castilla-La Mancha
02439,Letur,Albacete,Castilla-La Mancha
02440,Molinicos,Albacete,Castilla-La Mancha
02448,Bogarra,Albacete,Castilla-La Mancha
02448,Molinicos,Albacete,Castilla-La Mancha
02449,Elche de la Sierra,Albacete,Castilla-La Mancha
02449,Molinicos,Albacete,Castilla-La Mancha
02450,Riópar,Albacete,Castilla-La Mancha
02459,Riópar,Albacete,Castilla-La Mancha
02460,Villaverde de Guadalimar,Albacete,Castilla-La Mancha
02461,Cotillas,Albacete,Castilla-La Mancha
02462,Cotillas,Albacete,Castilla-La Mancha
02462,Riópar,Albacete,Castilla-La Mancha
02480,Yeste,Albacete,Castilla-La Mancha
02484,Yeste,Albacete,Castilla-La Mancha
02485,Yeste,Albacete,Castilla-La Mancha
02486,Elche de la Sierra,Albacete,Castilla-La Mancha
02486,Yeste,Albacete,Castilla-La Mancha
02487,Yeste,Albacete,Castilla-La Mancha
02489,Yeste,Albacete,Castilla-La Mancha
02490,Hellín,Albacete,Castilla-La Mancha
02499,Hellín,Albacete,Castilla-La Mancha
02500,Tobarra,Albacete,Castilla-La Mancha
02510,Chinchilla de Monte-Aragón,Albacete,Castilla-La Mancha
02510,Pozo Cañada,Albacete,Castilla-La Mancha
02511,Albacete,Albacete,Castilla-La Mancha
02511,Chinchilla de Monte-Aragón,Albacete,Castilla-La Mancha
02512,Albacete,Albacete,Castilla-La Mancha
02512,Chinchilla de Monte-Aragón,Albacete,Castilla-La Mancha
02512,Tobarra,Albacete,Castilla-La Mancha
02513,Tobarra,Albacete,Castilla-La Mancha
02520,Chinchilla de Monte-Aragón,Albacete,Castilla-La Mancha
02530,Nerpio,Albacete,Castilla-La Mancha
02534,Nerpio,Albacete,Castilla-La Mancha
02536,Nerpio,Albacete,Castilla-La Mancha
02600,Villarrobledo,Albacete,Castilla-La Mancha
02610,El Bonillo,Albacete,Castilla-La Mancha
02611,Ossa de Montiel,Albacete,Castilla-La Mancha
02612,Munera,Albacete,Castilla-La Mancha
02614,El Ballestero,Albacete,Castilla-La Mancha
02620,Minaya,Albacete,Castilla-La Mancha
02630,La Roda,Albacete,Castilla-La Mancha
02636,Villalgordo del Júcar,Albacete,Castilla-La Mancha
02637,Fuensanta,Albacete,Castilla-La Mancha
02638,Montalvos,Albacete,Castilla-La Mancha
02639,Barrax,Albacete,Castilla-La Mancha
02639,La Roda,Albacete,Castilla-La Mancha
02640,Almansa,Albacete,Castilla-La Mancha
02650,Montealegre del Castillo,Albacete,Castilla-La Mancha
02651,Fuente-Álamo,Albacete,Castilla-La Mancha
02652,Ontur,Albacete,Castilla-La Mancha
02653,Albatana,Albacete,Castilla-La Mancha
02660,Caudete,Albacete,Castilla-La Mancha
02690,Alpera,Albacete,Castilla-La Mancha
02691,Bonete,Albacete,Castilla-La Mancha
02691,Chinchilla de Monte-Aragón,Albacete,Castilla-La Mancha
02692,Chinchilla de Monte-Aragón,Albacete,Castilla-La Mancha
02692,Pétrola,Albacete,Castilla-La Mancha
02693,Corral-Rubio,Albacete,Castilla-La Mancha
02694,Higueruela,Albacete,Castilla-La Mancha
02695,Chinchilla de Monte-Aragón,Albacete,Castilla-La Mancha
02696,Hoya-Gonzalo,Albacete,Castilla-La Mancha
03001,Alacant/Alicante,Alicante,Comunitat Valenciana
03002,Alacant/Alicante,Alicante,Comunitat Valenciana
03003,Alacant/Alicante,Alicante,Comunitat Valenciana
03004,Alacant/Alicante,Alicante,Comunitat Valenciana
03005,Alacant/Alicante,Alicante,Comunitat Valenciana
03006,Alacant/Alicante,Alicante,Comunitat Valenciana
03007,Alacant/Alicante,Alicante,Comunitat Valenciana
03008,Alacant/Alicante,Alicante,Comunitat Valenciana
03009,Alacant/Alicante,Alicante,Comunitat Valenciana
03010,Alacant/Alicante,Alicante,Comunitat Valenciana
03011,Alacant/Alicante,Alicante,Comunitat Valenciana
03012,Alacant/Alicante,Alicante,Comunitat Valenciana
03013,Alacant/Alicante,Alicante,Comunitat Valenciana
03014,Alacant/Alicante,Alicante,Comunitat Valenciana
03015,Alacant/Alicante,Alicante,Comunitat Valenciana
03016,Alacant/Alicante,Alicante,Comunitat Valenciana
03071,Elx/Elche,Alicante,Comunitat Valenciana
03100,Xixona/Jijona,Alicante,Comunitat Valenciana
03108,"Torre de les Maçanes, la/Torremanzanas",Alicante,Comunitat Valenciana
03109,Tibi,Alicante,Comunitat Valenciana
03110,Mutxamel,Alicante,Comunitat Valenciana
03111,Busot,Alicante,Comunitat Valenciana
03112,Alacant/Alicante,Alicante,Comunitat Valenciana
03113,Alacant/Alicante,Alicante,Comunitat Valenciana
03113,Elx/Elche,Alicante,Comunitat Valenciana
03114,Alacant/Alicante,Alicante,Comunitat Valenciana
03115,Alacant/Alicante,Alicante,Comunitat Valenciana
03130,Santa Pola,Alicante,Comunitat Valenciana
03138,Alacant/Alicante,Alicante,Comunitat Valenciana
03139,Elx/Elche,Alicante,Comunitat Valenciana
03140,Guardamar del Segura,Alicante,Comunitat Valenciana
03149,Guardamar del Segura,Alicante,Comunitat Valenciana
03150,Dolores,Alicante,Comunitat Valenciana
03158,Catral,Alicante,Comunitat Valenciana
03158,Crevillent,Alicante,Comunitat Valenciana
03159,Daya Nueva,Alicante,Comunitat Valenciana
03160,Almoradí,Alicante,Comunitat Valenciana
03169,Algorfa,Alicante,Comunitat Valenciana
03169,Almoradí,Alicante,Comunitat Valenciana
03170,Rojales,Alicante,Comunitat Valenciana
03176,Algorfa,Alicante,Comunitat Valenciana
03177,Daya Vieja,Alicante,Comunitat Valenciana
03177,San Fulgencio,Alicante,Comunitat Valenciana
03178,Benijófar,Alicante,Comunitat Valenciana
03179,Almoradí,Alicante,Comunitat Valenciana
03179,Formentera del Segura,Alicante,Comunitat Valenciana
03181,Torrevieja,Alicante,Comunitat Valenciana
03182,Torrevieja,Alicante,Comunitat Valenciana
03183,Torrevieja,Alicante,Comunitat Valenciana
03184,Torrevieja,Alicante,Comunitat Valenciana
03185,Torrevieja,Alicante,Comunitat Valenciana
03186,Orihuela,Alicante,Comunitat Valenciana
03186,Torrevieja,Alicante,Comunitat Valenciana
03187,Los Montesinos,Alicante,Comunitat Valenciana
03188,Torrevieja,Alicante,Comunitat Valenciana
03189,Orihuela,Alicante,Comunitat Valenciana
03189,Torrevieja,Alicante,Comunitat Valenciana
03190,Pilar de la Horadada,Alicante,Comunitat Valenciana
03191,Orihuela,Alicante,Comunitat Valenciana
03191,Pilar de la Horadada,Alicante,Comunitat Valenciana
03193,San Miguel de Salinas,Alicante,Comunitat Valenciana
03194,Elx/Elche,Alicante,Comunitat Valenciana
03195,Elx/Elche,Alicante,Comunitat Valenciana
03201,Elx/Elche,Alicante,Comunitat Valenciana
03202,Elx/Elche,Alicante,Comunitat Valenciana
03203,Elx/Elche,Alicante,Comunitat Valenciana
03204,Elx/Elche,Alicante,Comunitat Valenciana
03205,Elx/Elche,Alicante,Comunitat Valenciana
03206,Elx/Elche,Alicante,Comunitat Valenciana
03207,Elx/Elche,Alicante,Comunitat Valenciana
03208,Elx/Elche,Alicante,Comunitat Valenciana
03290,Elx/Elche,Alicante,Comunitat Valenciana
03291,Elx/Elche,Alicante,Comunitat Valenciana
03292,Elx/Elche,Alicante,Comunitat Valenciana
03293,Elx/Elche,Alicante,Comunitat Valenciana
03294,Elx/Elche,Alicante,Comunitat Valenciana
03295,Elx/Elche,Alicante,Comunitat Valenciana
03296,Elx/Elche,Alicante,Comunitat Valenciana
03300,Orihuela,Alicante,Comunitat Valenciana
03310,Jacarilla,Alicante,Comunitat Valenciana
03311,Orihuela,Alicante,Comunitat Valenciana
03312,Orihuela,Alicante,Comunitat Valenciana
03313,Orihuela,Alicante,Comunitat Valenciana
03314,Orihuela,Alicante,Comunitat Valenciana
03315,Orihuela,Alicante,Comunitat Valenciana
03316,Benferri,Alicante,Comunitat Valenciana
03316,Orihuela,Alicante,Comunitat Valenciana
03317,Orihuela,Alicante,Comunitat Valenciana
03318,Orihuela,Alicante,Comunitat Valenciana
03319,Orihuela,Alicante,Comunitat Valenciana
03320,Elx/Elche,Alicante,Comunitat Valenciana
03321,Orihuela,Alicante,Comunitat Valenciana
03322,Orihuela,Alicante,Comunitat Valenciana
03325,Orihuela,Alicante,Comunitat Valenciana
03330,Crevillent,Alicante,Comunitat Valenciana
03339,Crevillent,Alicante,Comunitat Valenciana
03340,Albatera,Alicante,Comunitat Valenciana
03348,Granja de Rocamora,Alicante,Comunitat Valenciana
03349,San Isidro,Alicante,Comunitat Valenciana
03350,Cox,Alicante,Comunitat Valenciana
03360,Callosa de Segura,Alicante,Comunitat Valenciana
03360,Catral,Alicante,Comunitat Valenciana
03369,Orihuela,Alicante,Comunitat Valenciana
03369,Rafal,Alicante,Comunitat Valenciana
03370,Redován,Alicante,Comunitat Valenciana
03380,Bigastro,Alicante,Comunitat Valenciana
03380,Orihuela,Alicante,Comunitat Valenciana
03390,Benejúzar,Alicante,Comunitat Valenciana
03400,Villena,Alicante,Comunitat Valenciana
03408,Villena,Alicante,Comunitat Valenciana
03409,Cañada,Alicante,Comunitat Valenciana
03409,Villena,Alicante,Comunitat Valenciana
03410,Biar,Alicante,Comunitat Valenciana
03420,Castalla,Alicante,Comunitat Valenciana
03430,Onil,Alicante,Comunitat Valenciana
03440,Ibi,Alicante,Comunitat Valenciana
03450,Banyeres de Mariola,Alicante,Comunitat Valenciana
03460,Beneixama,Alicante,Comunitat Valenciana
03469,Beneixama,Alicante,Comunitat Valenciana
03469,"Camp de Mirra, el/Campo de Mirra",Alicante,Comunitat Valenciana
03501,Benidorm,Alicante,Comunitat Valenciana
03502,Benidorm,Alicante,Comunitat Valenciana
03503,Benidorm,Alicante,Comunitat Valenciana
03509,Finestrat,Alicante,Comunitat Valenciana
03510,Callosa d'en Sarrià,Alicante,Comunitat Valenciana
03516,Benimantell,Alicante,Comunitat Valenciana
03517,Beniardà,Alicante,Comunitat Valenciana
03517,Benifato,Alicante,Comunitat Valenciana
03517,Confrides,Alicante,Comunitat Valenciana
03517,el Castell de Guadalest,Alicante,Comunitat Valenciana
03518,Bolulla,Alicante,Comunitat Valenciana
03518,Tàrbena,Alicante,Comunitat Valenciana
03520,Polop,Alicante,Comunitat Valenciana
03530,la Nucia,Alicante,Comunitat Valenciana
03540,Alacant/Alicante,Alicante,Comunitat Valenciana
03550,Sant Joan d'Alacant,Alicante,Comunitat Valenciana
03559,Alacant/Alicante,Alicante,Comunitat Valenciana
03560,el Campello,Alicante,Comunitat Valenciana
03569,Aigües,Alicante,Comunitat Valenciana
03570,"Vila Joiosa, la/Villajoyosa",Alicante,Comunitat Valenciana
03578,Relleu,Alicante,Comunitat Valenciana
03579,Orxeta,Alicante,Comunitat Valenciana
03579,Sella,Alicante,Comunitat Valenciana
03580,l'Alfàs del Pi,Alicante,Comunitat Valenciana
03581,l'Alfàs del Pi,Alicante,Comunitat Valenciana
03590,Altea,Alicante,Comunitat Valenciana
03599,Altea,Alicante,Comunitat Valenciana
03599,Callosa d'en Sarrià,Alicante,Comunitat Valenciana
03600,Elda,Alicante,Comunitat Valenciana
03610,Petrer,Alicante,Comunitat Valenciana
03630,Sax,Alicante,Comunitat Valenciana
03638,Salinas,Alicante,Comunitat Valenciana
03638,Villena,Alicante,Comunitat Valenciana
03639,Sax,Alicante,Comunitat Valenciana
03639,Villena,Alicante,Comunitat Valenciana
03640,Elda,Alicante,Comunitat Valenciana
03640,Monòver/Monóvar,Alicante,Comunitat Valenciana
03649,Monòver/Monóvar,Alicante,Comunitat Valenciana
03650,"Pinós, el/Pinoso",Alicante,Comunitat Valenciana
03657,"Pinós, el/Pinoso",Alicante,Comunitat Valenciana
03657,Yecla,Murcia,Región de Murcia
03658,"Pinós, el/Pinoso",Alicante,Comunitat Valenciana
03659,"Pinós, el/Pinoso",Alicante,Comunitat Valenciana
03660,Novelda,Alicante,Comunitat Valenciana
03668,Algueña,Alicante,Comunitat Valenciana
03669,la Romana,Alicante,Comunitat Valenciana
03670,Monforte del Cid,Alicante,Comunitat Valenciana
03679,Monforte del Cid,Alicante,Comunitat Valenciana
03680,Aspe,Alicante,Comunitat Valenciana
03688,"Fondó de les Neus, el/Hondón de las Nieves",Alicante,Comunitat Valenciana
03689,Hondón de los Frailes,Alicante,Comunitat Valenciana
03689,Orihuela,Alicante,Comunitat Valenciana
03690,Sant Vicent del Raspeig/San Vicente del Raspeig,Alicante,Comunitat Valenciana
03698,Agost,Alicante,Comunitat Valenciana
03699,Alacant/Alicante,Alicante,Comunitat Valenciana
03700,Dénia,Alicante,Comunitat Valenciana
03709,Dénia,Alicante,Comunitat Valenciana
03710,Calp,Alicante,Comunitat Valenciana
03720,Benissa,Alicante,Comunitat Valenciana
03723,Alcalalí,Alicante,Comunitat Valenciana
03724,Teulada,Alicante,Comunitat Valenciana
03725,Teulada,Alicante,Comunitat Valenciana
03726,"Poble Nou de Benitatxell, el/Benitachell",Alicante,Comunitat Valenciana
03727,Xaló,Alicante,Comunitat Valenciana
03728,Alcalalí,Alicante,Comunitat Valenciana
03729,Llíber,Alicante,Comunitat Valenciana
03729,Senija,Alicante,Comunitat Valenciana
03730,Xàbia/Jávea,Alicante,Comunitat Valenciana
03737,Xàbia/Jávea,Alicante,Comunitat Valenciana
03738,Xàbia/Jávea,Alicante,Comunitat Valenciana
03739,Xàbia/Jávea,Alicante,Comunitat Valenciana
03740,Gata de Gorgos,Alicante,Comunitat Valenciana
03749,Dénia,Alicante,Comunitat Valenciana
03750,Pedreguer,Alicante,Comunitat Valenciana
03759,Alcalalí,Alicante,Comunitat Valenciana
03759,Benidoleig,Alicante,Comunitat Valenciana
03760,Ondara,Alicante,Comunitat Valenciana
03769,Benimeli,Alicante,Comunitat Valenciana
03769,el Ràfol d'Almúnia,Alicante,Comunitat Valenciana
03769,Sanet y Negrals,Alicante,Comunitat Valenciana
03770,el Verger,Alicante,Comunitat Valenciana
03778,Beniarbeig,Alicante,Comunitat Valenciana
03779,Dénia,Alicante,Comunitat Valenciana
03779,els Poblets,Alicante,Comunitat Valenciana
03780,Pego,Alicante,Comunitat Valenciana
03786,l'Atzúbia,Alicante,Comunitat Valenciana
03786,la Vall d'Alcalà,Alicante,Comunitat Valenciana
03788,la Vall d'Alcalà,Alicante,Comunitat Valenciana
03788,la Vall de Gallinera,Alicante,Comunitat Valenciana
03789,Dénia,Alicante,Comunitat Valenciana
03789,Pego,Alicante,Comunitat Valenciana
03789,el Ràfol d'Almúnia,Alicante,Comunitat Valenciana
03789,la Vall d'Ebo,Alicante,Comunitat Valenciana
03790,Orba,Alicante,Comunitat Valenciana
03791,Orba,Alicante,Comunitat Valenciana
03791,la Vall de Laguar,Alicante,Comunitat Valenciana
03792,Murla,Alicante,Comunitat Valenciana
03792,Parcent,Alicante,Comunitat Valenciana
03793,Castell de Castells,Alicante,Comunitat Valenciana
03794,Benigembla,Alicante,Comunitat Valenciana
03795,Orba,Alicante,Comunitat Valenciana
03795,Sagra,Alicante,Comunitat Valenciana
03795,Tormos,Alicante,Comunitat Valenciana
03801,Alcoi/Alcoy,Alicante,Comunitat Valenciana
03802,Alcoi/Alcoy,Alicante,Comunitat Valenciana
03803,Alcoi/Alcoy,Alicante,Comunitat Valenciana
03804,Alcoi/Alcoy,Alicante,Comunitat Valenciana
03810,Benilloba,Alicante,Comunitat Valenciana
03811,Quatretondeta,Alicante,Comunitat Valenciana
03811,Gorga,Alicante,Comunitat Valenciana
03812,Balones,Alicante,Comunitat Valenciana
03812,Benimassot,Alicante,Comunitat Valenciana
03812,Millena,Alicante,Comunitat Valenciana
03813,Fageca,Alicante,Comunitat Valenciana
03813,Famorca,Alicante,Comunitat Valenciana
03813,Tollos,Alicante,Comunitat Valenciana
03814,Alcoleja,Alicante,Comunitat Valenciana
03814,Benasau,Alicante,Comunitat Valenciana
03815,Penàguila,Alicante,Comunitat Valenciana
03816,Benifallim,Alicante,Comunitat Valenciana
03819,Alcoi/Alcoy,Alicante,Comunitat Valenciana
03820,Cocentaina,Alicante,Comunitat Valenciana
03827,Almudaina,Alicante,Comunitat Valenciana
03827,Benillup,Alicante,Comunitat Valenciana
03827,Benimarfull,Alicante,Comunitat Valenciana
03828,Planes,Alicante,Comunitat Valenciana
03829,l'Alqueria d'Asnar,Alicante,Comunitat Valenciana
03830,Muro de Alcoy,Alicante,Comunitat Valenciana
03837,Agres,Alicante,Comunitat Valenciana
03838,Alfafara,Alicante,Comunitat Valenciana
03839,Muro de Alcoy,Alicante,Comunitat Valenciana
03840,Gaianes,Alicante,Comunitat Valenciana
03841,Alcosser,Alicante,Comunitat Valenciana
03850,Beniarrés,Alicante,Comunitat Valenciana
03860,"Orxa, l'/Lorcha",Alicante,Comunitat Valenciana
03870,Cocentaina,Alicante,Comunitat Valenciana
04001,Almería,Almería,Andalucía
04002,Almería,Almería,Andalucía
04002,Enix,Almería,Andalucía
04003,Almería,Almería,Andalucía
04004,Almería,Almería,Andalucía
04005,Almería,Almería,Andalucía
04006,Almería,Almería,Andalucía
04007,Almería,Almería,Andalucía
04008,Almería,Almería,Andalucía
04009,Almería,Almería,Andalucía
04071,Almería,Almería,Andalucía
04100,Níjar,Almería,Andalucía
04110,Níjar,Almería,Andalucía
04113,Níjar,Almería,Andalucía
04114,Lucainena de las Torres,Almería,Andalucía
04114,Níjar,Almería,Andalucía
04115,Níjar,Almería,Andalucía
04116,Níjar,Almería,Andalucía
04117,Níjar,Almería,Andalucía
04118,Níjar,Almería,Andalucía
04119,Níjar,Almería,Andalucía
04120,Almería,Almería,Andalucía
04130,Almería,Almería,Andalucía
04131,Almería,Almería,Andalucía
04140,Carboneras,Almería,Andalucía
04149,Carboneras,Almería,Andalucía
04149,Níjar,Almería,Andalucía
04149,Sorbas,Almería,Andalucía
04150,Almería,Almería,Andalucía
04151,Almería,Almería,Andalucía
04151,Níjar,Almería,Andalucía
04160,Almería,Almería,Andalucía
04200,Tabernas,Almería,Andalucía
04210,Lucainena de las Torres,Almería,Andalucía
04211,Lucainena de las Torres,Almería,Andalucía
04211,Tabernas,Almería,Andalucía
04211,Turrillas,Almería,Andalucía
04212,Castro de Filabres,Almería,Andalucía
04212,Olula de Castro,Almería,Andalucía
04212,Tabernas,Almería,Andalucía
04212,Velefique,Almería,Andalucía
04213,Senés,Almería,Andalucía
04230,Huércal de Almería,Almería,Andalucía
04240,Viator,Almería,Andalucía
04250,Pechina,Almería,Andalucía
04259,Pechina,Almería,Andalucía
04260,Rioja,Almería,Andalucía
04270,Sorbas,Almería,Andalucía
04271,Bédar,Almería,Andalucía
04271,Lubrín,Almería,Andalucía
04271,Sorbas,Almería,Andalucía
04274,Uleila del Campo,Almería,Andalucía
04275,Tahal,Almería,Andalucía
04276,Alcudia de Monteagud,Almería,Andalucía
04276,Benitagla,Almería,Andalucía
04276,Benizalón,Almería,Andalucía
04276,Tahal,Almería,Andalucía
04277,Sorbas,Almería,Andalucía
04277,Turre,Almería,Andalucía
04278,Sorbas,Almería,Andalucía
04279,Sorbas,Almería,Andalucía
04279,Uleila del Campo,Almería,Andalucía
04280,Los Gallardos,Almería,Andalucía
04288,Bédar,Almería,Andalucía
04288,Los Gallardos,Almería,Andalucía
04289,Bédar,Almería,Andalucía
04289,Los Gallardos,Almería,Andalucía
04289,Sorbas,Almería,Andalucía
04400,Alhama de Almería,Almería,Andalucía
04409,Alicún,Almería,Andalucía
04409,Huécija,Almería,Andalucía
04410,Benahadux,Almería,Andalucía
04420,Santa Fe de Mondújar,Almería,Andalucía
04430,Instinción,Almería,Andalucía
04431,Íllar,Almería,Andalucía
04440,Rágol,Almería,Andalucía
04450,Canjáyar,Almería,Andalucía
04458,Almócita,Almería,Andalucía
04458,Beires,Almería,Andalucía
04458,Padules,Almería,Andalucía
04459,Ohanes,Almería,Andalucía
04460,Fondón,Almería,Andalucía
04470,Laujar de Andarax,Almería,Andalucía
04479,Bayárcal,Almería,Andalucía
04479,Fondón,Almería,Andalucía
04479,Paterna del Río,Almería,Andalucía
04480,Alcolea,Almería,Andalucía
04500,Fiñana,Almería,Andalucía
04510,Abla,Almería,Andalucía
04510,Abrucena,Almería,Andalucía
04520,Abrucena,Almería,Andalucía
04530,Las Tres Villas,Almería,Andalucía
04531,Alboloduy,Almería,Andalucía
04532,Las Tres Villas,Almería,Andalucía
04533,Abrucena,Almería,Andalucía
04540,Nacimiento,Almería,Andalucía
04549,Gérgal,Almería,Andalucía
04549,Nacimiento,Almería,Andalucía
04550,Gérgal,Almería,Andalucía
04558,Alboloduy,Almería,Andalucía
04558,Gérgal,Almería,Andalucía
04559,Gérgal,Almería,Andalucía
04560,Gádor,Almería,Andalucía
04567,Alhabia,Almería,Andalucía
04568,Alsodux,Almería,Andalucía
04568,Santa Cruz de Marchena,Almería,Andalucía
04569,Bentarique,Almería,Andalucía
04569,Terque,Almería,Andalucía
04600,Huércal-Overa,Almería,Andalucía
04610,Cuevas del Almanzora,Almería,Andalucía
04616,Cuevas del Almanzora,Almería,Andalucía
04617,Cuevas del Almanzora,Almería,Andalucía
04618,Cuevas del Almanzora,Almería,Andalucía
04619,Cuevas del Almanzora,Almería,Andalucía
04620,Vera,Almería,Andalucía
04621,Vera,Almería,Andalucía
04628,Antas,Almería,Andalucía
04629,Antas,Almería,Andalucía
04630,Garrucha,Almería,Andalucía
04638,Mojácar,Almería,Andalucía
04639,Turre,Almería,Andalucía
04640,Pulpí,Almería,Andalucía
04647,Cuevas del Almanzora,Almería,Andalucía
04647,Pulpí,Almería,Andalucía
04648,Cuevas del Almanzora,Almería,Andalucía
04648,Pulpí,Almería,Andalucía
04649,Pulpí,Almería,Andalucía
04650,Zurgena,Almería,Andalucía
04660,Arboleas,Almería,Andalucía
04661,Arboleas,Almería,Andalucía
04661,Zurgena,Almería,Andalucía
04662,Huércal-Overa,Almería,Andalucía
04662,Zurgena,Almería,Andalucía
04690,Huércal-Overa,Almería,Andalucía
04691,Huércal-Overa,Almería,Andalucía
04692,Huércal-Overa,Almería,Andalucía
04692,Taberno,Almería,Andalucía
04692,Vélez-Rubio,Almería,Andalucía
04693,Huércal-Overa,Almería,Andalucía
04694,Huércal-Overa,Almería,Andalucía
04700,El Ejido,Almería,Andalucía
04710,El Ejido,Almería,Andalucía
04711,El Ejido,Almería,Andalucía
04712,El Ejido,Almería,Andalucía
04713,Berja,Almería,Andalucía
04715,El Ejido,Almería,Andalucía
04716,El Ejido,Almería,Andalucía
04717,El Ejido,Almería,Andalucía
04720,Roquetas de Mar,Almería,Andalucía
04721,Vícar,Almería,Andalucía
04727,Vícar,Almería,Andalucía
04728,Felix,Almería,Andalucía
04729,Enix,Almería,Andalucía
04738,Vícar,Almería,Andalucía
04740,Roquetas de Mar,Almería,Andalucía
04741,Roquetas de Mar,Almería,Andalucía
04743,Roquetas de Mar,Almería,Andalucía
04745,La Mojonera,Almería,Andalucía
04746,La Mojonera,Almería,Andalucía
04750,Dalías,Almería,Andalucía
04760,Berja,Almería,Andalucía
04768,Alcolea,Almería,Andalucía
04769,Berja,Almería,Andalucía
04770,Adra,Almería,Andalucía
04778,Adra,Almería,Andalucía
04779,Adra,Almería,Andalucía
04800,Albox,Almería,Andalucía
04810,Oria,Almería,Andalucía
04810,Partaloa,Almería,Andalucía
04811,Oria,Almería,Andalucía
04811,Purchena,Almería,Andalucía
04812,Albox,Almería,Andalucía
04813,Albox,Almería,Andalucía
04813,Oria,Almería,Andalucía
04814,Albox,Almería,Andalucía
04815,Albanchez,Almería,Andalucía
04815,Cantoria,Almería,Andalucía
04820,Vélez-Blanco,Almería,Andalucía
04820,Vélez-Rubio,Almería,Andalucía
04825,Chirivel,Almería,Andalucía
04826,Vélez-Rubio,Almería,Andalucía
04827,Vélez-Rubio,Almería,Andalucía
04828,Vélez-Blanco,Almería,Andalucía
04828,Vélez-Rubio,Almería,Andalucía
04829,Vélez-Blanco,Almería,Andalucía
04829,Vélez-Rubio,Almería,Andalucía
04830,Vélez-Blanco,Almería,Andalucía
04838,María,Almería,Andalucía
04839,María,Almería,Andalucía
04839,Vélez-Blanco,Almería,Andalucía
04850,Cantoria,Almería,Andalucía
04857,Albanchez,Almería,Andalucía
04858,Albanchez,Almería,Andalucía
04858,Cantoria,Almería,Andalucía
04859,Cóbdar,Almería,Andalucía
04859,Chercos,Almería,Andalucía
04859,Líjar,Almería,Andalucía
04860,Olula del Río,Almería,Andalucía
04867,Laroya,Almería,Andalucía
04867,Macael,Almería,Andalucía
04868,Laroya,Almería,Andalucía
04869,Fines,Almería,Andalucía
04870,Purchena,Almería,Andalucía
04877,Somontín,Almería,Andalucía
04878,Sierro,Almería,Andalucía
04878,Suflí,Almería,Andalucía
04879,Urrácal,Almería,Andalucía
04880,Tíjola,Almería,Andalucía
04887,Lúcar,Almería,Andalucía
04887,Tíjola,Almería,Andalucía
04888,Armuña de Almanzora,Almería,Andalucía
04888,Bayarque,Almería,Andalucía
04889,Bacares,Almería,Andalucía
04889,Tíjola,Almería,Andalucía
04890,Serón,Almería,Andalucía
04897,Alcóntar,Almería,Andalucía
04897,Serón,Almería,Andalucía
04898,Alcóntar,Almería,Andalucía
04898,Serón,Almería,Andalucía
04899,Serón,Almería,Andalucía
05001,Ávila,Ávila,Castilla y León
05002,Ávila,Ávila,Castilla y León
05003,Ávila,Ávila,Castilla y León
05004,Ávila,Ávila,Castilla y León
05005,Ávila,Ávila,Castilla y León
05100,Navaluenga,Ávila,Castilla y León
05110,El Barraco,Ávila,Castilla y León
05111,San Juan de la Nava,Ávila,Castilla y León
05112,San Juan de la Nava,Ávila,Castilla y León
05113,Burgohondo,Ávila,Castilla y León
05114,Navatalgordo,Ávila,Castilla y León
05114,Villanueva de Ávila,Ávila,Castilla y León
05115,Navarrevisca,Ávila,Castilla y León
05115,Serranillos,Ávila,Castilla y León
05120,Navalmoral,Ávila,Castilla y León
05120,Navarredondilla,Ávila,Castilla y León
05120,San Juan del Molinillo,Ávila,Castilla y León
05122,Navaquesera,Ávila,Castilla y León
05122,Navatalgordo,Ávila,Castilla y León
05123,Hoyocasero,Ávila,Castilla y León
05123,Navalosa,Ávila,Castilla y León
05130,Solosancho,Ávila,Castilla y León
05131,La Hija de Dios,Ávila,Castilla y León
05131,Mengamuñoz,Ávila,Castilla y León
05131,Narros del Puerto,Ávila,Castilla y León
05132,Cepeda la Mora,Ávila,Castilla y León
05132,Hoyos de Miguel Muñoz,Ávila,Castilla y León
05132,San Martín del Pimpollar,Ávila,Castilla y León
05133,San Martín de la Vega del Alberche,Ávila,Castilla y León
05134,Garganta del Villar,Ávila,Castilla y León
05134,Navadijos,Ávila,Castilla y León
05134,Navalacruz,Ávila,Castilla y León
05140,Bularros,Ávila,Castilla y León
05140,Casasola,Ávila,Castilla y León
05140,Marlín,Ávila,Castilla y León
05140,Martiherrero,Ávila,Castilla y León
05141,Chamartín,Ávila,Castilla y León
05141,Gallegos de Altamiros,Ávila,Castilla y León
05141,Narrillos del Rebollar,Ávila,Castilla y León
05141,Sanchorreja,Ávila,Castilla y León
05143,Valdecasa,Ávila,Castilla y León
05145,Manjabálago y Ortigosa de Rioalmar,Ávila,Castilla y León
05145,Muñico,Ávila,Castilla y León
05145,San Juan del Olmo,Ávila,Castilla y León
05146,Blascomillán,Ávila,Castilla y León
05146,Herreros de Suso,Ávila,Castilla y León
05146,Mancera de Arriba,Ávila,Castilla y León
05146,Mirueña de los Infanzones,Ávila,Castilla y León
05146,El Parral,Ávila,Castilla y León
05146,San García de Ingelmos,Ávila,Castilla y León
05146,Vita,Ávila,Castilla y León
05147,Gallegos de Sobrinos,Ávila,Castilla y León
05147,Hurtumpascual,Ávila,Castilla y León
05148,Cabezas del Villar,Ávila,Castilla y León
05149,Cillán,Ávila,Castilla y León
05149,Solana de Rioalmar,Ávila,Castilla y León
05150,Pascualcobo,Ávila,Castilla y León
05150,San Miguel de Serrezuela,Ávila,Castilla y León
05151,Martínez,Ávila,Castilla y León
05151,Diego del Carpio,Ávila,Castilla y León
05152,Martínez,Ávila,Castilla y León
05153,Arevalillo,Ávila,Castilla y León
05153,Becedillas,Ávila,Castilla y León
05153,Collado del Mirón,Ávila,Castilla y León
05153,Malpartida de Corneja,Ávila,Castilla y León
05153,El Mirón,Ávila,Castilla y León
05154,El Mirón,Ávila,Castilla y León
05154,Narrillos del Álamo,Ávila,Castilla y León
05154,Santa María del Berrocal,Ávila,Castilla y León
05154,Zapardiel de la Cañada,Ávila,Castilla y León
05160,Ávila,Ávila,Castilla y León
05162,Las Berlanas,Ávila,Castilla y León
05163,Gotarrendura,Ávila,Castilla y León
05163,Mingorría,Ávila,Castilla y León
05163,Monsalupe,Ávila,Castilla y León
05163,Peñalba de Ávila,Ávila,Castilla y León
05164,Hernansancho,Ávila,Castilla y León
05164,El Oso,Ávila,Castilla y León
05164,Riocabado,Ávila,Castilla y León
05165,El Bohodón,Ávila,Castilla y León
05165,Cabizuela,Ávila,Castilla y León
05165,Pedro-Rodríguez,Ávila,Castilla y León
05165,Tiñosillos,Ávila,Castilla y León
05166,San Pascual,Ávila,Castilla y León
05166,Villanueva de Gómez,Ávila,Castilla y León
05190,Riofrío,Ávila,Castilla y León
05191,Mironcillo,Ávila,Castilla y León
05191,Niharra,Ávila,Castilla y León
05192,La Colilla,Ávila,Castilla y León
05192,Muñopepe,Ávila,Castilla y León
05192,La Serrada,Ávila,Castilla y León
05193,Ojos-Albos,Ávila,Castilla y León
05193,Santa María del Cubillo,Ávila,Castilla y León
05194,Ávila,Ávila,Castilla y León
05194,Berrocalejo de Aragona,Ávila,Castilla y León
05194,Mediana de Voltoya,Ávila,Castilla y León
05195,Ávila,Ávila,Castilla y León
05196,Ávila,Ávila,Castilla y León
05196,Tornadizos de Ávila,Ávila,Castilla y León
05197,Ávila,Ávila,Castilla y León
05197,El Fresno,Ávila,Castilla y León
05197,Gemuño,Ávila,Castilla y León
05198,Sotalbo,Ávila,Castilla y León
05200,Arévalo,Ávila,Castilla y León
05210,Horcajo de las Torres,Ávila,Castilla y León
05211,Bernuy-Zapardiel,Ávila,Castilla y León
05211,Cabezas del Pozo,Ávila,Castilla y León
05211,Cantiveros,Ávila,Castilla y León
05211,Cisla,Ávila,Castilla y León
05212,Aldeaseca,Ávila,Castilla y León
05212,Canales,Ávila,Castilla y León
05212,Fuente el Saúz,Ávila,Castilla y León
05212,Fuentes de Año,Ávila,Castilla y León
05212,Villanueva del Aceral,Ávila,Castilla y León
05213,Langa,Ávila,Castilla y León
05214,Pajares de Adaja,Ávila,Castilla y León
05215,Donvidas,Ávila,Castilla y León
05215,Palacios de Goda,Ávila,Castilla y León
05215,Sinlabajos,Ávila,Castilla y León
05216,Nava de Arévalo,Ávila,Castilla y León
05217,Cabezas de Alambre,Ávila,Castilla y León
05217,Constanzana,Ávila,Castilla y León
05217,Donjimeno,Ávila,Castilla y León
05217,San Vicente de Arévalo,Ávila,Castilla y León
05220,Madrigal de las Altas Torres,Ávila,Castilla y León
05229,Barromán,Ávila,Castilla y León
05229,Bercial de Zapardiel,Ávila,Castilla y León
05229,Castellanos de Zapardiel,Ávila,Castilla y León
05229,San Esteban de Zapardiel,Ávila,Castilla y León
05230,Las Navas del Marqués,Ávila,Castilla y León
05239,Las Navas del Marqués,Ávila,Castilla y León
05239,Peguerinos,Ávila,Castilla y León
05240,Navalperal de Pinares,Ávila,Castilla y León
05250,El Hoyo de Pinares,Ávila,Castilla y León
05260,Cebreros,Ávila,Castilla y León
05267,San Bartolomé de Pinares,Ávila,Castilla y León
05268,Herradón de Pinares,Ávila,Castilla y León
05268,Santa Cruz de Pinares,Ávila,Castilla y León
05270,El Tiemblo,Ávila,Castilla y León
05278,El Barraco,Ávila,Castilla y León
05278,El Tiemblo,Ávila,Castilla y León
05279,El Tiemblo,Ávila,Castilla y León
05280,Mingorría,Ávila,Castilla y León
05289,San Esteban de los Patos,Ávila,Castilla y León
05289,Tolbaños,Ávila,Castilla y León
05290,Blascosancho,Ávila,Castilla y León
05290,Sanchidrián,Ávila,Castilla y León
05291,Maello,Ávila,Castilla y León
05292,Maello,Ávila,Castilla y León
05292,Peñalba de Ávila,Ávila,Castilla y León
05292,Pozanco,Ávila,Castilla y León
05292,Santo Domingo de las Posadas,Ávila,Castilla y León
05292,Vega de Santa María,Ávila,Castilla y León
05292,Velayos,Ávila,Castilla y León
05294,Herradón de Pinares,Ávila,Castilla y León
05296,Adanero,Ávila,Castilla y León
05296,Espinosa de los Caballeros,Ávila,Castilla y León
05296,Gutierre-Muñoz,Ávila,Castilla y León
05296,Orbita,Ávila,Castilla y León
05298,Mamblas,Ávila,Castilla y León
05298,Rasueros,Ávila,Castilla y León
05299,Blasconuño de Matacabras,Ávila,Castilla y León
05299,Moraleja de Matacabras,Ávila,Castilla y León
05300,Crespos,Ávila,Castilla y León
05301,Muñosancho,Ávila,Castilla y León
05309,Collado de Contreras,Ávila,Castilla y León
05309,Crespos,Ávila,Castilla y León
05309,Muñogrande,Ávila,Castilla y León
05309,Rivilla de Barajas,Ávila,Castilla y León
05309,Viñegra de Moraña,Ávila,Castilla y León
05310,Fontiveros,Ávila,Castilla y León
05320,Cardeñosa,Ávila,Castilla y León
05350,San Pedro del Arroyo,Ávila,Castilla y León
05357,Aveinte,Ávila,Castilla y León
05357,Brabos,Ávila,Castilla y León
05357,Bularros,Ávila,Castilla y León
05357,Grandes y San Martín,Ávila,Castilla y León
05357,Muñogrande,Ávila,Castilla y León
05357,Santo Tomé de Zabarcos,Ávila,Castilla y León
05357,Sigeres,Ávila,Castilla y León
05357,Villaflor,Ávila,Castilla y León
05358,Albornos,Ávila,Castilla y León
05358,Muñomer del Peco,Ávila,Castilla y León
05358,Narros de Saldueña,Ávila,Castilla y León
05358,Papatrigo,Ávila,Castilla y León
05358,San Juan de la Encinilla,Ávila,Castilla y León
05369,Narros del Castillo,Ávila,Castilla y León
05370,Flores de Ávila,Ávila,Castilla y León
05380,Gimialcón,Ávila,Castilla y León
05380,Salvadiós,Ávila,Castilla y León
05400,Arenas de San Pedro,Ávila,Castilla y León
05410,Santa Cruz del Valle,Ávila,Castilla y León
05412,San Esteban del Valle,Ávila,Castilla y León
05413,Santa Cruz del Valle,Ávila,Castilla y León
05413,Villarejo del Valle,Ávila,Castilla y León
05414,Cuevas del Valle,Ávila,Castilla y León
05415,El Hornillo,Ávila,Castilla y León
05416,El Arenal,Ávila,Castilla y León
05417,Guisando,Ávila,Castilla y León
05418,Arenas de San Pedro,Ávila,Castilla y León
05420,Sotillo de la Adrada,Ávila,Castilla y León
05427,Fresnedilla,Ávila,Castilla y León
05427,Higuera de las Dueñas,Ávila,Castilla y León
05428,Casillas,Ávila,Castilla y León
05429,Navahondilla,Ávila,Castilla y León
05429,Santa María del Tiétar,Ávila,Castilla y León
05430,La Adrada,Ávila,Castilla y León
05440,Piedralaves,Ávila,Castilla y León
05450,Casavieja,Ávila,Castilla y León
05460,Gavilanes,Ávila,Castilla y León
05461,Mijares,Ávila,Castilla y León
05470,Pedro Bernardo,Ávila,Castilla y León
05480,Candeleda,Ávila,Castilla y León
05489,Candeleda,Ávila,Castilla y León
05490,Lanzahíta,Ávila,Castilla y León
05491,Mombeltrán,Ávila,Castilla y León
05491,Santa Cruz del Valle,Ávila,Castilla y León
05492,Poyales del Hoyo,Ávila,Castilla y León
05500,Piedrahíta,Ávila,Castilla y León
05510,Santa María del Berrocal,Ávila,Castilla y León
05514,Bonilla de la Sierra,Ávila,Castilla y León
05514,Mesegar de Corneja,Ávila,Castilla y León
05514,Navaescurial,Ávila,Castilla y León
05514,San Miguel de Corneja,Ávila,Castilla y León
05514,Tórtoles,Ávila,Castilla y León
05515,Piedrahíta,Ávila,Castilla y León
05516,Hoyorredondo,Ávila,Castilla y León
05516,San Bartolomé de Corneja,Ávila,Castilla y León
05516,Villar de Corneja,Ávila,Castilla y León
05520,Padiernos,Ávila,Castilla y León
05520,Salobral,Ávila,Castilla y León
05520,La Torre,Ávila,Castilla y León
05530,Muñogalindo,Ávila,Castilla y León
05530,Santa María del Arroyo,Ávila,Castilla y León
05540,Muñana,Ávila,Castilla y León
05540,La Torre,Ávila,Castilla y León
05560,Amavida,Ávila,Castilla y León
05560,Muñotello,Ávila,Castilla y León
05560,Poveda,Ávila,Castilla y León
05560,Pradosegar,Ávila,Castilla y León
05560,Vadillo de la Sierra,Ávila,Castilla y León
05560,Villatoro,Ávila,Castilla y León
05571,Bonilla de la Sierra,Ávila,Castilla y León
05571,Casas del Puerto,Ávila,Castilla y León
05571,Navacepedilla de Corneja,Ávila,Castilla y León
05571,Villafranca de la Sierra,Ávila,Castilla y León
05580,Aldeanueva de Santa Cruz,Ávila,Castilla y León
05580,Avellaneda,Ávila,Castilla y León
05580,Santa María de los Caballeros,Ávila,Castilla y León
05591,Villanueva del Campillo,Ávila,Castilla y León
05592,Santiago del Collado,Ávila,Castilla y León
05593,La Aldehuela,Ávila,Castilla y León
05600,El Barco de Ávila,Ávila,Castilla y León
05610,Becedas,Ávila,Castilla y León
05619,Gilbuena,Ávila,Castilla y León
05619,Medinilla,Ávila,Castilla y León
05619,Neila de San Miguel,Ávila,Castilla y León
05619,San Bartolomé de Béjar,Ávila,Castilla y León
05620,La Carrera,Ávila,Castilla y León
05621,Puerto Castilla,Ávila,Castilla y León
05621,Solana de Ávila,Ávila,Castilla y León
05630,Bohoyo,Ávila,Castilla y León
05630,Santiago del Tormes,Ávila,Castilla y León
05631,Navalperal de Tormes,Ávila,Castilla y León
05631,Zapardiel de la Ribera,Ávila,Castilla y León
05631,San Juan de Gredos,Ávila,Castilla y León
05633,San Juan de Gredos,Ávila,Castilla y León
05634,Hoyos del Collado,Ávila,Castilla y León
05634,Hoyos del Espino,Ávila,Castilla y León
05635,Navarredonda de Gredos,Ávila,Castilla y León
05690,Bohoyo,Ávila,Castilla y León
05690,Los Llanos de Tormes,Ávila,Castilla y León
05691,Solana de Ávila,Ávila,Castilla y León
05692,El Losar del Barco,Ávila,Castilla y León
05693,Gil García,Ávila,Castilla y León
05693,Umbrías,Ávila,Castilla y León
05694,Becedas,Ávila,Castilla y León
05694,Junciana,Ávila,Castilla y León
05695,La Horcajada,Ávila,Castilla y León
05696,La Horcajada,Ávila,Castilla y León
05696,San Lorenzo de Tormes,Ávila,Castilla y León
05697,Nava del Barco,Ávila,Castilla y León
05697,Navalonguilla,Ávila,Castilla y León
05697,Navatejares,Ávila,Castilla y León
05697,Tormellas,Ávila,Castilla y León
06001,Badajoz,Badajoz,Extremadura
06002,Badajoz,Badajoz,Extremadura
06003,Badajoz,Badajoz,Extremadura
06004,Badajoz,Badajoz,Extremadura
06005,Badajoz,Badajoz,Extremadura
06006,Badajoz,Badajoz,Extremadura
06007,Badajoz,Badajoz,Extremadura
06008,Badajoz,Badajoz,Extremadura
06009,Badajoz,Badajoz,Extremadura
06010,Badajoz,Badajoz,Extremadura
06011,Badajoz,Badajoz,Extremadura
06050,Badajoz,Badajoz,Extremadura
06100,Olivenza,Badajoz,Extremadura
06105,Cheles,Badajoz,Extremadura
06106,Olivenza,Badajoz,Extremadura
06107,Olivenza,Badajoz,Extremadura
06108,Olivenza,Badajoz,Extremadura
06109,Olivenza,Badajoz,Extremadura
06110,Villanueva del Fresno,Badajoz,Extremadura
06120,Oliva de la Frontera,Badajoz,Extremadura
06129,Zahínos,Badajoz,Extremadura
06130,Valverde de Leganés,Badajoz,Extremadura
06131,Alconchel,Badajoz,Extremadura
06132,Higuera de Vargas,Badajoz,Extremadura
06133,Táliga,Badajoz,Extremadura
06134,Valencia del Mombuey,Badajoz,Extremadura
06140,Badajoz,Badajoz,Extremadura
06140,Talavera la Real,Badajoz,Extremadura
06150,Santa Marta,Badajoz,Extremadura
06160,Barcarrota,Badajoz,Extremadura
06170,La Albuera,Badajoz,Extremadura
06170,Badajoz,Badajoz,Extremadura
06171,Almendral,Badajoz,Extremadura
06172,Torre de Miguel Sesmero,Badajoz,Extremadura
06173,Nogales,Badajoz,Extremadura
06174,Salvaleón,Badajoz,Extremadura
06175,Salvatierra de los Barros,Badajoz,Extremadura
06176,La Morera,Badajoz,Extremadura
06176,La Parra,Badajoz,Extremadura
06177,Valle de Matamoros,Badajoz,Extremadura
06178,Valle de Santa Ana,Badajoz,Extremadura
06180,Badajoz,Badajoz,Extremadura
06181,Badajoz,Badajoz,Extremadura
06182,Badajoz,Badajoz,Extremadura
06183,Badajoz,Badajoz,Extremadura
06184,Pueblonuevo del Guadiana,Badajoz,Extremadura
06185,Valdelacalzada,Badajoz,Extremadura
06186,Badajoz,Badajoz,Extremadura
06187,Lobón,Badajoz,Extremadura
06190,La Roca de la Sierra,Badajoz,Extremadura
06191,Puebla de Obando,Badajoz,Extremadura
06192,Villar del Rey,Badajoz,Extremadura
06193,Badajoz,Badajoz,Extremadura
06194,Badajoz,Badajoz,Extremadura
06195,Badajoz,Badajoz,Extremadura
06196,Corte de Peleas,Badajoz,Extremadura
06196,Solana de los Barros,Badajoz,Extremadura
06197,Entrín Bajo,Badajoz,Extremadura
06200,Almendralejo,Badajoz,Extremadura
06207,Aceuchal,Badajoz,Extremadura
06208,Villalba de los Barros,Badajoz,Extremadura
06209,Solana de los Barros,Badajoz,Extremadura
06210,Torremejía,Badajoz,Extremadura
06220,Villafranca de los Barros,Badajoz,Extremadura
06225,Ribera del Fresno,Badajoz,Extremadura
06226,Hinojosa del Valle,Badajoz,Extremadura
06227,Llera,Badajoz,Extremadura
06228,Hornachos,Badajoz,Extremadura
06229,Puebla del Prior,Badajoz,Extremadura
06230,Los Santos de Maimona,Badajoz,Extremadura
06240,Fuente de Cantos,Badajoz,Extremadura
06249,Calzadilla de los Barros,Badajoz,Extremadura
06250,Bienvenida,Badajoz,Extremadura
06260,Monesterio,Badajoz,Extremadura
06270,Segura de León,Badajoz,Extremadura
06280,Fuentes de León,Badajoz,Extremadura
06290,Usagre,Badajoz,Extremadura
06291,Montemolín,Badajoz,Extremadura
06292,Calera de León,Badajoz,Extremadura
06293,Cabeza la Vaca,Badajoz,Extremadura
06300,Zafra,Badajoz,Extremadura
06310,Puebla de Sancho Pérez,Badajoz,Extremadura
06320,Medina de las Torres,Badajoz,Extremadura
06329,Atalaya,Badajoz,Extremadura
06330,Valencia del Ventoso,Badajoz,Extremadura
06340,Fregenal de la Sierra,Badajoz,Extremadura
06350,Higuera la Real,Badajoz,Extremadura
06360,Fuente del Maestre,Badajoz,Extremadura
06370,Burguillos del Cerro,Badajoz,Extremadura
06378,Valverde de Burguillos,Badajoz,Extremadura
06380,Jerez de los Caballeros,Badajoz,Extremadura
06389,Jerez de los Caballeros,Badajoz,Extremadura
06390,Feria,Badajoz,Extremadura
06391,La Lapa,Badajoz,Extremadura
06392,Puebla de Sancho Pérez,Badajoz,Extremadura
06392,Usagre,Badajoz,Extremadura
06393,Alconera,Badajoz,Extremadura
06394,Bodonal de la Sierra,Badajoz,Extremadura
06400,Don Benito,Badajoz,Extremadura
06410,Don Benito,Badajoz,Extremadura
06410,Guareña,Badajoz,Extremadura
06410,Santa Amalia,Badajoz,Extremadura
06411,Medellín,Badajoz,Extremadura
06412,Don Benito,Badajoz,Extremadura
06413,Mengabril,Badajoz,Extremadura
06415,Medellín,Badajoz,Extremadura
06420,Castuera,Badajoz,Extremadura
06427,Monterrubio de la Serena,Badajoz,Extremadura
06428,Benquerencia de la Serena,Badajoz,Extremadura
06429,Benquerencia de la Serena,Badajoz,Extremadura
06430,Zalamea de la Serena,Badajoz,Extremadura
06439,Esparragosa de la Serena,Badajoz,Extremadura
06440,Malpartida de la Serena,Badajoz,Extremadura
06441,Higuera de la Serena,Badajoz,Extremadura
06442,Retamal de Llerena,Badajoz,Extremadura
06443,Campillo de Llerena,Badajoz,Extremadura
06444,Valencia de las Torres,Badajoz,Extremadura
06445,Higuera de Llerena,Badajoz,Extremadura
06446,Zalamea de la Serena,Badajoz,Extremadura
06450,Quintana de la Serena,Badajoz,Extremadura
06458,Valle de la Serena,Badajoz,Extremadura
06459,Campanario,Badajoz,Extremadura
06460,Campanario,Badajoz,Extremadura
06468,Magacela,Badajoz,Extremadura
06469,La Coronada,Badajoz,Extremadura
06470,Guareña,Badajoz,Extremadura
06473,Villagonzalo,Badajoz,Extremadura
06474,Valdetorres,Badajoz,Extremadura
06475,Oliva de Mérida,Badajoz,Extremadura
06476,Palomas,Badajoz,Extremadura
06477,Puebla de la Reina,Badajoz,Extremadura
06478,Manchita,Badajoz,Extremadura
06479,Cristina,Badajoz,Extremadura
06480,Montijo,Badajoz,Extremadura
06486,La Nava de Santiago,Badajoz,Extremadura
06487,Cordobilla de Lácara,Badajoz,Extremadura
06488,Carmonita,Badajoz,Extremadura
06489,Montijo,Badajoz,Extremadura
06490,Puebla de la Calzada,Badajoz,Extremadura
06498,Lobón,Badajoz,Extremadura
06499,Montijo,Badajoz,Extremadura
06500,San Vicente de Alcántara,Badajoz,Extremadura
06510,Alburquerque,Badajoz,Extremadura
06518,La Codosera,Badajoz,Extremadura
06519,Alburquerque,Badajoz,Extremadura
06519,La Codosera,Badajoz,Extremadura
06519,San Vicente de Alcántara,Badajoz,Extremadura
06600,Cabeza del Buey,Badajoz,Extremadura
06610,Peñalsordo,Badajoz,Extremadura
06611,Zarza-Capilla,Badajoz,Extremadura
06612,Capilla,Badajoz,Extremadura
06613,Benquerencia de la Serena,Badajoz,Extremadura
06614,Cabeza del Buey,Badajoz,Extremadura
06615,Benquerencia de la Serena,Badajoz,Extremadura
06620,Esparragosa de Lares,Badajoz,Extremadura
06630,Puebla de Alcocer,Badajoz,Extremadura
06640,Talarrubias,Badajoz,Extremadura
06650,Siruela,Badajoz,Extremadura
06655,Sancti-Spíritus,Badajoz,Extremadura
06656,Garlitos,Badajoz,Extremadura
06657,Risco,Badajoz,Extremadura
06658,Tamurejo,Badajoz,Extremadura
06659,Baterno,Badajoz,Extremadura
06660,Fuenlabrada de los Montes,Badajoz,Extremadura
06670,Herrera del Duque,Badajoz,Extremadura
06678,Villarta de los Montes,Badajoz,Extremadura
06679,Herrera del Duque,Badajoz,Extremadura
06680,Castilblanco,Badajoz,Extremadura
06689,Valdecaballeros,Badajoz,Extremadura
06690,Garbayuela,Badajoz,Extremadura
06691,Alía,Cáceres,Extremadura
06692,Helechosa de los Montes,Badajoz,Extremadura
06700,Villanueva de la Serena,Badajoz,Extremadura
06710,Villanueva de la Serena,Badajoz,Extremadura
06711,Don Benito,Badajoz,Extremadura
06712,Villanueva de la Serena,Badajoz,Extremadura
06713,Acedera,Badajoz,Extremadura
06714,La Haba,Badajoz,Extremadura
06715,Rena,Badajoz,Extremadura
06716,Villar de Rena,Badajoz,Extremadura
06717,Villar de Rena,Badajoz,Extremadura
06718,Villanueva de la Serena,Badajoz,Extremadura
06719,Don Benito,Badajoz,Extremadura
06720,Villanueva de la Serena,Badajoz,Extremadura
06730,Acedera,Badajoz,Extremadura
06730,Navalvillar de Pela,Badajoz,Extremadura
06731,Navalvillar de Pela,Badajoz,Extremadura
06740,Orellana la Vieja,Badajoz,Extremadura
06750,Orellana de la Sierra,Badajoz,Extremadura
06760,Navalvillar de Pela,Badajoz,Extremadura
06770,Casas de Don Pedro,Badajoz,Extremadura
06800,Mérida,Badajoz,Extremadura
06810,Calamonte,Badajoz,Extremadura
06820,Don Álvaro,Badajoz,Extremadura
06830,La Zarza,Badajoz,Extremadura
06840,Alange,Badajoz,Extremadura
06850,Arroyo de San Serván,Badajoz,Extremadura
06860,Esparragalejo,Badajoz,Extremadura
06870,La Garrovilla,Badajoz,Extremadura
06880,Torremayor,Badajoz,Extremadura
06890,Valverde de Mérida,Badajoz,Extremadura
06891,Mirandilla,Badajoz,Extremadura
06892,Trujillanos,Badajoz,Extremadura
06893,Mérida,Badajoz,Extremadura
06893,San Pedro de Mérida,Badajoz,Extremadura
06894,Aljucén,Badajoz,Extremadura
06894,El Carrascalejo,Badajoz,Extremadura
06900,Llerena,Badajoz,Extremadura
06906,Puebla del Maestre,Badajoz,Extremadura
06907,Montemolín,Badajoz,Extremadura
06908,Montemolín,Badajoz,Extremadura
06909,Trasierra,Badajoz,Extremadura
06910,Granja de Torrehermosa,Badajoz,Extremadura
06919,Peraleda del Zaucejo,Badajoz,Extremadura
06920,Azuaga,Badajoz,Extremadura
06927,Valverde de Llerena,Badajoz,Extremadura
06928,Malcocinado,Badajoz,Extremadura
06929,Azuaga,Badajoz,Extremadura
06930,Berlanga,Badajoz,Extremadura
06939,Maguilla,Badajoz,Extremadura
06940,Ahillones,Badajoz,Extremadura
06950,Villagarcía de la Torre,Badajoz,Extremadura
06960,Casas de Reina,Badajoz,Extremadura
06970,Reina,Badajoz,Extremadura
06980,Fuente del Arco,Badajoz,Extremadura
07001,Palma,Illes Balears,Illes Balears
07002,Palma,Illes Balears,Illes Balears
07003,Palma,Illes Balears,Illes Balears
07004,Palma,Illes Balears,Illes Balears
07005,Palma,Illes Balears,Illes Balears
07006,Palma,Illes Balears,Illes Balears
07007,Palma,Illes Balears,Illes Balears
07008,Palma,Illes Balears,Illes Balears
07009,Palma,Illes Balears,Illes Balears
07010,Palma,Illes Balears,Illes Balears
07011,Palma,Illes Balears,Illes Balears
07012,Palma,Illes Balears,Illes Balears
07013,Palma,Illes Balears,Illes Balears
07014,Palma,Illes Balears,Illes Balears
07015,Palma,Illes Balears,Illes Balears
07100,Sóller,Illes Balears,Illes Balears
07101,Sóller,Illes Balears,Illes Balears
07108,Sóller,Illes Balears,Illes Balears
07109,Fornalutx,Illes Balears,Illes Balears
07110,Bunyola,Illes Balears,Illes Balears
07120,Palma,Illes Balears,Illes Balears
07121,Palma,Illes Balears,Illes Balears
07122,Palma,Illes Balears,Illes Balears
07140,Sencelles,Illes Balears,Illes Balears
07141,Marratxí,Illes Balears,Illes Balears
07142,Santa Eugènia,Illes Balears,Illes Balears
07143,Sencelles,Illes Balears,Illes Balears
07144,Costitx,Illes Balears,Illes Balears
07144,Sencelles,Illes Balears,Illes Balears
07150,Andratx,Illes Balears,Illes Balears
07157,Andratx,Illes Balears,Illes Balears
07159,Andratx,Illes Balears,Illes Balears
07160,Andratx,Illes Balears,Illes Balears
07160,Calvià,Illes Balears,Illes Balears
07170,Valldemossa,Illes Balears,Illes Balears
07179,Deià,Illes Balears,Illes Balears
07179,Sóller,Illes Balears,Illes Balears
07180,Calvià,Illes Balears,Illes Balears
07181,Calvià,Illes Balears,Illes Balears
07183,Calvià,Illes Balears,Illes Balears
07184,Calvià,Illes Balears,Illes Balears
07190,Banyalbufar,Illes Balears,Illes Balears
07190,Esporles,Illes Balears,Illes Balears
07191,Banyalbufar,Illes Balears,Illes Balears
07192,Estellencs,Illes Balears,Illes Balears
07193,Bunyola,Illes Balears,Illes Balears
07194,Puigpunyent,Illes Balears,Illes Balears
07195,Puigpunyent,Illes Balears,Illes Balears
07196,Calvià,Illes Balears,Illes Balears
07198,Palma,Illes Balears,Illes Balears
07199,Palma,Illes Balears,Illes Balears
07200,Felanitx,Illes Balears,Illes Balears
07208,Felanitx,Illes Balears,Illes Balears
07209,Felanitx,Illes Balears,Illes Balears
07210,Algaida,Illes Balears,Illes Balears
07220,Algaida,Illes Balears,Illes Balears
07230,Montuïri,Illes Balears,Illes Balears
07240,Sant Joan,Illes Balears,Illes Balears
07250,Vilafranca de Bonany,Illes Balears,Illes Balears
07260,Porreres,Illes Balears,Illes Balears
07300,Inca,Illes Balears,Illes Balears
07310,Campanet,Illes Balears,Illes Balears
07311,Búger,Illes Balears,Illes Balears
07312,Mancor de la Vall,Illes Balears,Illes Balears
07313,Selva,Illes Balears,Illes Balears
07314,Selva,Illes Balears,Illes Balears
07315,Escorca,Illes Balears,Illes Balears
07316,Selva,Illes Balears,Illes Balears
07320,Santa María del Camí,Illes Balears,Illes Balears
07330,Consell,Illes Balears,Illes Balears
07340,Alaró,Illes Balears,Illes Balears
07349,Bunyola,Illes Balears,Illes Balears
07350,Binissalem,Illes Balears,Illes Balears
07360,Lloseta,Illes Balears,Illes Balears
07369,Selva,Illes Balears,Illes Balears
07400,Alcúdia,Illes Balears,Illes Balears
07420,Sa Pobla,Illes Balears,Illes Balears
07430,Llubí,Illes Balears,Illes Balears
07440,Muro,Illes Balears,Illes Balears
07450,Santa Margalida,Illes Balears,Illes Balears
07458,Muro,Illes Balears,Illes Balears
07458,Santa Margalida,Illes Balears,Illes Balears
07459,Santa Margalida,Illes Balears,Illes Balears
07460,Pollença,Illes Balears,Illes Balears
07469,Pollença,Illes Balears,Illes Balears
07470,Pollença,Illes Balears,Illes Balears
07500,Manacor,Illes Balears,Illes Balears
07509,Manacor,Illes Balears,Illes Balears
07510,Sineu,Illes Balears,Illes Balears
07511,Sencelles,Illes Balears,Illes Balears
07518,Lloret de Vistalegre,Illes Balears,Illes Balears
07519,Maria de la Salut,Illes Balears,Illes Balears
07520,Petra,Illes Balears,Illes Balears
07529,Ariany,Illes Balears,Illes Balears
07530,Sant Llorenç des Cardassar,Illes Balears,Illes Balears
07540,Sant Llorenç des Cardassar,Illes Balears,Illes Balears
07550,Son Servera,Illes Balears,Illes Balears
07559,Son Servera,Illes Balears,Illes Balears
07560,Sant Llorenç des Cardassar,Illes Balears,Illes Balears
07560,Son Servera,Illes Balears,Illes Balears
07570,Artà,Illes Balears,Illes Balears
07579,Artà,Illes Balears,Illes Balears
07580,Capdepera,Illes Balears,Illes Balears
07589,Capdepera,Illes Balears,Illes Balears
07590,Capdepera,Illes Balears,Illes Balears
07600,Llucmajor,Illes Balears,Illes Balears
07600,Palma,Illes Balears,Illes Balears
07609,Llucmajor,Illes Balears,Illes Balears
07610,Palma,Illes Balears,Illes Balears
07611,Palma,Illes Balears,Illes Balears
07620,Llucmajor,Illes Balears,Illes Balears
07629,Algaida,Illes Balears,Illes Balears
07630,Campos,Illes Balears,Illes Balears
07638,Ses Salines,Illes Balears,Illes Balears
07639,Campos,Illes Balears,Illes Balears
07639,Llucmajor,Illes Balears,Illes Balears
07640,Ses Salines,Illes Balears,Illes Balears
07650,Santanyí,Illes Balears,Illes Balears
07659,Santanyí,Illes Balears,Illes Balears
07660,Santanyí,Illes Balears,Illes Balears
07669,Felanitx,Illes Balears,Illes Balears
07669,Santanyí,Illes Balears,Illes Balears
07670,Felanitx,Illes Balears,Illes Balears
07680,Manacor,Illes Balears,Illes Balears
07687,Manacor,Illes Balears,Illes Balears
07687,Sant Llorenç des Cardassar,Illes Balears,Illes Balears
07688,Manacor,Illes Balears,Illes Balears
07689,Manacor,Illes Balears,Illes Balears
07690,Santanyí,Illes Balears,Illes Balears
07691,Santanyí,Illes Balears,Illes Balears
07700,Maó,Illes Balears,Illes Balears
07700,Es Castell,Illes Balears,Illes Balears
07701,Maó,Illes Balears,Illes Balears
07702,Maó,Illes Balears,Illes Balears
07703,Maó,Illes Balears,Illes Balears
07710,Sant Lluís,Illes Balears,Illes Balears
07711,Sant Lluís,Illes Balears,Illes Balears
07712,Maó,Illes Balears,Illes Balears
07713,Sant Lluís,Illes Balears,Illes Balears
07714,Maó,Illes Balears,Illes Balears
07720,Maó,Illes Balears,Illes Balears
07720,Es Castell,Illes Balears,Illes Balears
07730,Alaior,Illes Balears,Illes Balears
07740,Es Mercadal,Illes Balears,Illes Balears
07748,Es Mercadal,Illes Balears,Illes Balears
07749,Es Migjorn Gran,Illes Balears,Illes Balears
07750,Ciutadella de Menorca,Illes Balears,Illes Balears
07750,Ferreries,Illes Balears,Illes Balears
07760,Ciutadella de Menorca,Illes Balears,Illes Balears
07769,Ciutadella de Menorca,Illes Balears,Illes Balears
07800,Eivissa,Illes Balears,Illes Balears
07810,Sant Joan de Labritja,Illes Balears,Illes Balears
07811,Sant Joan de Labritja,Illes Balears,Illes Balears
07812,Sant Joan de Labritja,Illes Balears,Illes Balears
07813,Santa Eulària des Riu,Illes Balears,Illes Balears
07814,Santa Eulària des Riu,Illes Balears,Illes Balears
07815,Sant Joan de Labritja,Illes Balears,Illes Balears
07816,Sant Antoni de Portmany,Illes Balears,Illes Balears
07817,Sant Josep de sa Talaia,Illes Balears,Illes Balears
07818,Sant Josep de sa Talaia,Illes Balears,Illes Balears
07819,Santa Eulària des Riu,Illes Balears,Illes Balears
07820,Sant Antoni de Portmany,Illes Balears,Illes Balears
07828,Sant Antoni de Portmany,Illes Balears,Illes Balears
07829,Sant Josep de sa Talaia,Illes Balears,Illes Balears
07830,Sant Josep de sa Talaia,Illes Balears,Illes Balears
07839,Sant Josep de sa Talaia,Illes Balears,Illes Balears
07840,Santa Eulària des Riu,Illes Balears,Illes Balears
07849,Santa Eulària des Riu,Illes Balears,Illes Balears
07850,Santa Eulària des Riu,Illes Balears,Illes Balears
07860,Formentera,Illes Balears,Illes Balears
07870,Formentera,Illes Balears,Illes Balears
07871,Formentera,Illes Balears,Illes Balears
07872,Formentera,Illes Balears,Illes Balears
08001,Barcelona,Barcelona,Cataluña
08002,Barcelona,Barcelona,Cataluña
08003,Barcelona,Barcelona,Cataluña
08004,Barcelona,Barcelona,Cataluña
08005,Barcelona,Barcelona,Cataluña
08006,Barcelona,Barcelona,Cataluña
08007,Barcelona,Barcelona,Cataluña
08008,Barcelona,Barcelona,Cataluña
08009,Barcelona,Barcelona,Cataluña
08010,Barcelona,Barcelona,Cataluña
08011,Barcelona,Barcelona,Cataluña
08012,Barcelona,Barcelona,Cataluña
08013,Barcelona,Barcelona,Cataluña
08014,Barcelona,Barcelona,Cataluña
08015,Barcelona,Barcelona,Cataluña
08016,Barcelona,Barcelona,Cataluña
08017,Barcelona,Barcelona,Cataluña
08018,Barcelona,Barcelona,Cataluña
08019,Barcelona,Barcelona,Cataluña
08020,Barcelona,Barcelona,Cataluña
08021,Barcelona,Barcelona,Cataluña
08022,Barcelona,Barcelona,Cataluña
08023,Barcelona,Barcelona,Cataluña
08024,Barcelona,Barcelona,Cataluña
08025,Barcelona,Barcelona,Cataluña
08026,Barcelona,Barcelona,Cataluña
08027,Barcelona,Barcelona,Cataluña
08028,Barcelona,Barcelona,Cataluña
08029,Barcelona,Barcelona,Cataluña
08030,Barcelona,Barcelona,Cataluña
08031,Barcelona,Barcelona,Cataluña
08032,Barcelona,Barcelona,Cataluña
08033,Barcelona,Barcelona,Cataluña
08034,Barcelona,Barcelona,Cataluña
08035,Barcelona,Barcelona,Cataluña
08036,Barcelona,Barcelona,Cataluña
08037,Barcelona,Barcelona,Cataluña
08038,Barcelona,Barcelona,Cataluña
08039,Barcelona,Barcelona,Cataluña
08040,Barcelona,Barcelona,Cataluña
08041,Barcelona,Barcelona,Cataluña
08042,Barcelona,Barcelona,Cataluña
08075,Barcelona,Barcelona,Cataluña
08075,L'Hospitalet de Llobregat,Barcelona,Cataluña
08100,Mollet del Vallès,Barcelona,Cataluña
08104,Mollet del Vallès,Barcelona,Cataluña
08104,Montcada i Reixac,Barcelona,Cataluña
08105,Sant Fost de Campsentelles,Barcelona,Cataluña
08106,Santa Maria de Martorelles,Barcelona,Cataluña
08107,Martorelles,Barcelona,Cataluña
08110,Montcada i Reixac,Barcelona,Cataluña
08120,La Llagosta,Barcelona,Cataluña
08130,Santa Perpètua de Mogoda,Barcelona,Cataluña
08140,Caldes de Montbui,Barcelona,Cataluña
08146,Gallifa,Barcelona,Cataluña
08148,L'Estany,Barcelona,Cataluña
08150,Parets del Vallès,Barcelona,Cataluña
08160,Montmeló,Barcelona,Cataluña
08170,Montornès del Vallès,Barcelona,Cataluña
08172,Sant Cugat del Vallès,Barcelona,Cataluña
08173,Sant Cugat del Vallès,Barcelona,Cataluña
08174,Sant Cugat del Vallès,Barcelona,Cataluña
08178,Collsuspina,Barcelona,Cataluña
08180,Moià,Barcelona,Cataluña
08181,Sentmenat,Barcelona,Cataluña
08182,Sant Feliu de Codines,Barcelona,Cataluña
08183,Castellcir,Barcelona,Cataluña
08183,Castellterçol,Barcelona,Cataluña
08183,Granera,Barcelona,Cataluña
08184,Palau-solità i Plegamans,Barcelona,Cataluña
08185,Lliçà de Vall,Barcelona,Cataluña
08185,Parets del Vallès,Barcelona,Cataluña
08186,Lliçà d'Amunt,Barcelona,Cataluña
08187,Santa Eulàlia de Ronçana,Barcelona,Cataluña
08188,Vallromanes,Barcelona,Cataluña
08189,Sant Quirze Safaja,Barcelona,Cataluña
08191,Rubí,Barcelona,Cataluña
08192,Sant Quirze del Vallès,Barcelona,Cataluña
08193,Cerdanyola del Vallès,Barcelona,Cataluña
08194,Sant Quirze del Vallès,Barcelona,Cataluña
08195,Sant Cugat del Vallès,Barcelona,Cataluña
08196,Sant Cugat del Vallès,Barcelona,Cataluña
08197,Sant Cugat del Vallès,Barcelona,Cataluña
08198,Sant Cugat del Vallès,Barcelona,Cataluña
08199,Monistrol de Montserrat,Barcelona,Cataluña
08199,Marganell,Barcelona,Cataluña
08201,Sabadell,Barcelona,Cataluña
08202,Sabadell,Barcelona,Cataluña
08203,Sabadell,Barcelona,Cataluña
08204,Sabadell,Barcelona,Cataluña
08205,Sabadell,Barcelona,Cataluña
08206,Sabadell,Barcelona,Cataluña
08207,Sabadell,Barcelona,Cataluña
08208,Sabadell,Barcelona,Cataluña
08210,Barberà del Vallès,Barcelona,Cataluña
08211,Castellar del Vallès,Barcelona,Cataluña
08212,Sant Llorenç Savall,Barcelona,Cataluña
08213,Polinyà,Barcelona,Cataluña
08214,Badia del Vallès,Barcelona,Cataluña
08221,Terrassa,Barcelona,Cataluña
08222,Terrassa,Barcelona,Cataluña
08223,Terrassa,Barcelona,Cataluña
08224,Terrassa,Barcelona,Cataluña
08225,Terrassa,Barcelona,Cataluña
08226,Terrassa,Barcelona,Cataluña
08227,Terrassa,Barcelona,Cataluña
08228,Terrassa,Barcelona,Cataluña
08230,Matadepera,Barcelona,Cataluña
08231,Ullastrell,Barcelona,Cataluña
08232,Viladecavalls,Barcelona,Cataluña
08233,Vacarisses,Barcelona,Cataluña
08241,Manresa,Barcelona,Cataluña
08242,Manresa,Barcelona,Cataluña
08243,Manresa,Barcelona,Cataluña
08250,Sant Joan de Vilatorrada,Barcelona,Cataluña
08251,Castellnou de Bages,Barcelona,Cataluña
08251,Santpedor,Barcelona,Cataluña
08253,Sant Salvador de Guardiola,Barcelona,Cataluña
08254,Manresa,Barcelona,Cataluña
08254,El Pont de Vilomara i Rocafort,Barcelona,Cataluña
08255,Castellfollit del Boix,Barcelona,Cataluña
08256,Aguilar de Segarra,Barcelona,Cataluña
08256,Rajadell,Barcelona,Cataluña
08259,Fonollosa,Barcelona,Cataluña
08260,Castellnou de Bages,Barcelona,Cataluña
08260,Súria,Barcelona,Cataluña
08261,Cardona,Barcelona,Cataluña
08262,Callús,Barcelona,Cataluña
08263,Sant Mateu de Bages,Barcelona,Cataluña
08269,Navàs,Barcelona,Cataluña
08269,Sant Mateu de Bages,Barcelona,Cataluña
08270,Navarcles,Barcelona,Cataluña
08271,Artés,Barcelona,Cataluña
08272,Sant Fruitós de Bages,Barcelona,Cataluña
08273,Santa Maria d'Oló,Barcelona,Cataluña
08274,Sant Feliu Sasserra,Barcelona,Cataluña
08275,Calders,Barcelona,Cataluña
08275,Monistrol de Calders,Barcelona,Cataluña
08278,Mura,Barcelona,Cataluña
08278,Talamanca,Barcelona,Cataluña
08279,Avinyó,Barcelona,Cataluña
08280,Calaf,Barcelona,Cataluña
08281,Aguilar de Segarra,Barcelona,Cataluña
08281,Calonge de Segarra,Barcelona,Cataluña
08281,Els Prats de Rei,Barcelona,Cataluña
08281,Sant Pere Sallavinera,Barcelona,Cataluña
08281,La Molsosa,Lleida,Cataluña
08282,Pujalt,Barcelona,Cataluña
08282,Sant Martí Sesgueioles,Barcelona,Cataluña
08283,Castellfollit de Riubregós,Barcelona,Cataluña
08289,Copons,Barcelona,Cataluña
08289,Veciana,Barcelona,Cataluña
08290,Cerdanyola del Vallès,Barcelona,Cataluña
08291,Ripollet,Barcelona,Cataluña
08292,Esparreguera,Barcelona,Cataluña
08292,Els Hostalets de Pierola,Barcelona,Cataluña
08293,Collbató,Barcelona,Cataluña
08294,El Bruc,Barcelona,Cataluña
08294,Els Hostalets de Pierola,Barcelona,Cataluña
08295,Sant Vicenç de Castellet,Barcelona,Cataluña
08296,Castellbell i el Vilar,Barcelona,Cataluña
08297,Castellgalí,Barcelona,Cataluña
08298,Monistrol de Montserrat,Barcelona,Cataluña
08298,Marganell,Barcelona,Cataluña
08299,Rellinars,Barcelona,Cataluña
08301,Mataró,Barcelona,Cataluña
08302,Mataró,Barcelona,Cataluña
08303,Mataró,Barcelona,Cataluña
08304,Mataró,Barcelona,Cataluña
08310,Argentona,Barcelona,Cataluña
08317,Òrrius,Barcelona,Cataluña
08318,Dosrius,Barcelona,Cataluña
08319,Dosrius,Barcelona,Cataluña
08320,El Masnou,Barcelona,Cataluña
08328,Alella,Barcelona,Cataluña
08329,Teià,Barcelona,Cataluña
08330,Premià de Mar,Barcelona,Cataluña
08338,Premià de Dalt,Barcelona,Cataluña
08339,Vilassar de Dalt,Barcelona,Cataluña
08340,Vilassar de Mar,Barcelona,Cataluña
08348,Cabrils,Barcelona,Cataluña
08349,Cabrera de Mar,Barcelona,Cataluña
08350,Arenys de Mar,Barcelona,Cataluña
08358,Arenys de Munt,Barcelona,Cataluña
08359,Sant Iscle de Vallalta,Barcelona,Cataluña
08360,Canet de Mar,Barcelona,Cataluña
08370,Calella,Barcelona,Cataluña
08380,Malgrat de Mar,Barcelona,Cataluña
08389,Palafolls,Barcelona,Cataluña
08390,Montgat,Barcelona,Cataluña
08390,Tiana,Barcelona,Cataluña
08391,Tiana,Barcelona,Cataluña
08392,Sant Andreu de Llavaneres,Barcelona,Cataluña
08393,Caldes d'Estrac,Barcelona,Cataluña
08394,Sant Vicenç de Montalt,Barcelona,Cataluña
08395,Sant Pol de Mar,Barcelona,Cataluña
08396,Sant Cebrià de Vallalta,Barcelona,Cataluña
08396,Tordera,Barcelona,Cataluña
08397,Pineda de Mar,Barcelona,Cataluña
08398,Santa Susanna,Barcelona,Cataluña
08401,Granollers,Barcelona,Cataluña
08402,Granollers,Barcelona,Cataluña
08403,Granollers,Barcelona,Cataluña
08404,Granollers,Barcelona,Cataluña
08410,Vilanova del Vallès,Barcelona,Cataluña
08415,Bigues i Riells del Fai,Barcelona,Cataluña
08416,Bigues i Riells del Fai,Barcelona,Cataluña
08420,Canovelles,Barcelona,Cataluña
08430,La Roca del Vallès,Barcelona,Cataluña
08440,Cardedeu,Barcelona,Cataluña
08445,Cànoves i Samalús,Barcelona,Cataluña
08450,Llinars del Vallès,Barcelona,Cataluña
08455,Santa Maria de Palautordera,Barcelona,Cataluña
08455,Vilalba Sasserra,Barcelona,Cataluña
08458,Sant Pere de Vilamajor,Barcelona,Cataluña
08459,Sant Antoni de Vilamajor,Barcelona,Cataluña
08460,Santa Maria de Palautordera,Barcelona,Cataluña
08461,Sant Esteve de Palautordera,Barcelona,Cataluña
08469,Fogars de Montclús,Barcelona,Cataluña
08469,Montseny,Barcelona,Cataluña
08470,Fogars de Montclús,Barcelona,Cataluña
08470,Sant Celoni,Barcelona,Cataluña
08471,Vallgorguina,Barcelona,Cataluña
08472,Campins,Barcelona,Cataluña
08474,Gualba,Barcelona,Cataluña
08476,Sant Celoni,Barcelona,Cataluña
08479,Fogars de Montclús,Barcelona,Cataluña
08480,L'Ametlla del Vallès,Barcelona,Cataluña
08490,Tordera,Barcelona,Cataluña
08495,Fogars de la Selva,Barcelona,Cataluña
08500,Vic,Barcelona,Cataluña
08503,Gurb,Barcelona,Cataluña
08503,Sant Bartomeu del Grau,Barcelona,Cataluña
08504,Sant Julià de Vilatorta,Barcelona,Cataluña
08504,Sant Sadurní d'Osormort,Barcelona,Cataluña
08505,Santa Eulàlia de Riuprimer,Barcelona,Cataluña
08505,Vic,Barcelona,Cataluña
08506,Calldetenes,Barcelona,Cataluña
08507,Santa Eugènia de Berga,Barcelona,Cataluña
08508,Les Masies de Voltregà,Barcelona,Cataluña
08509,Santa Cecília de Voltregà,Barcelona,Cataluña
08510,Les Masies de Roda,Barcelona,Cataluña
08510,Roda de Ter,Barcelona,Cataluña
08511,L'Esquirol,Barcelona,Cataluña
08511,Tavertet,Barcelona,Cataluña
08512,Sant Hipòlit de Voltregà,Barcelona,Cataluña
08513,Prats de Lluçanès,Barcelona,Cataluña
08514,Lluçà,Barcelona,Cataluña
08515,Olost,Barcelona,Cataluña
08515,Sant Martí d'Albars,Barcelona,Cataluña
08516,Olost,Barcelona,Cataluña
08517,Sagàs,Barcelona,Cataluña
08517,Santa Maria de Merlès,Barcelona,Cataluña
08518,Oristà,Barcelona,Cataluña
08519,Folgueroles,Barcelona,Cataluña
08519,Malla,Barcelona,Cataluña
08519,Tavèrnoles,Barcelona,Cataluña
08519,Vilanova de Sau,Barcelona,Cataluña
08520,Les Franqueses del Vallès,Barcelona,Cataluña
08521,Les Franqueses del Vallès,Barcelona,Cataluña
08522,Malla,Barcelona,Cataluña
08529,Muntanyola,Barcelona,Cataluña
08530,La Garriga,Barcelona,Cataluña
08540,Centelles,Barcelona,Cataluña
08550,Balenyà,Barcelona,Cataluña
08551,Tona,Barcelona,Cataluña
08552,Taradell,Barcelona,Cataluña
08553,El Brull,Barcelona,Cataluña
08553,Seva,Barcelona,Cataluña
08554,Balenyà,Barcelona,Cataluña
08554,Seva,Barcelona,Cataluña
08559,El Brull,Barcelona,Cataluña
08560,Manlleu,Barcelona,Cataluña
08569,L'Esquirol,Barcelona,Cataluña
08569,Rupit i Pruit,Barcelona,Cataluña
08570,Torelló,Barcelona,Cataluña
08571,Sant Vicenç de Torelló,Barcelona,Cataluña
08572,Sant Pere de Torelló,Barcelona,Cataluña
08573,Orís,Barcelona,Cataluña
08580,Sant Quirze de Besora,Barcelona,Cataluña
08584,Santa Maria de Besora,Barcelona,Cataluña
08585,Montesquiu,Barcelona,Cataluña
08586,Sant Agustí de Lluçanès,Barcelona,Cataluña
08587,Alpens,Barcelona,Cataluña
08588,Sora,Barcelona,Cataluña
08589,Perafita,Barcelona,Cataluña
08589,Sant Boi de Lluçanès,Barcelona,Cataluña
08589,Sobremunt,Barcelona,Cataluña
08590,Figaró-Montmany,Barcelona,Cataluña
08591,Aiguafreda,Barcelona,Cataluña
08592,Sant Martí de Centelles,Barcelona,Cataluña
08593,Tagamanent,Barcelona,Cataluña
08600,Berga,Barcelona,Cataluña
08604,Castell de l'Areny,Barcelona,Cataluña
08605,Montclar,Barcelona,Cataluña
08606,La Quar,Barcelona,Cataluña
08607,Sant Jaume de Frontanyà,Barcelona,Cataluña
08610,Avià,Barcelona,Cataluña
08611,Berga,Barcelona,Cataluña
08611,Olvan,Barcelona,Cataluña
08612,Montmajor,Barcelona,Cataluña
08613,Vilada,Barcelona,Cataluña
08614,L'Espunyola,Barcelona,Cataluña
08617,Capolat,Barcelona,Cataluña
08618,Castellar del Riu,Barcelona,Cataluña
08619,Borredà,Barcelona,Cataluña
08620,Sant Vicenç dels Horts,Barcelona,Cataluña
08629,Torrelles de Llobregat,Barcelona,Cataluña
08630,Abrera,Barcelona,Cataluña
08635,Sant Esteve Sesrovires,Barcelona,Cataluña
08640,Olesa de Montserrat,Barcelona,Cataluña
08650,Sallent,Barcelona,Cataluña
08660,Balsareny,Barcelona,Cataluña
08670,Balsareny,Barcelona,Cataluña
08670,Navàs,Barcelona,Cataluña
08671,Navàs,Barcelona,Cataluña
08672,Gaià,Barcelona,Cataluña
08672,Puig-reig,Barcelona,Cataluña
08673,Viver i Serrateix,Barcelona,Cataluña
08680,Casserres,Barcelona,Cataluña
08680,Gironella,Barcelona,Cataluña
08690,Santa Coloma de Cervelló,Barcelona,Cataluña
08691,Monistrol de Montserrat,Barcelona,Cataluña
08692,Puig-reig,Barcelona,Cataluña
08693,Casserres,Barcelona,Cataluña
08694,Guardiola de Berguedà,Barcelona,Cataluña
08694,Sant Julià de Cerdanyola,Barcelona,Cataluña
08695,Bagà,Barcelona,Cataluña
08695,Gisclareny,Barcelona,Cataluña
08696,Castellar de n'Hug,Barcelona,Cataluña
08696,La Pobla de Lillet,Barcelona,Cataluña
08697,Saldes,Barcelona,Cataluña
08698,Fígols,Barcelona,Cataluña
08698,La Nou de Berguedà,Barcelona,Cataluña
08698,Cercs,Barcelona,Cataluña
08699,Vallcebre,Barcelona,Cataluña
08700,Igualada,Barcelona,Cataluña
08710,Santa Margarida de Montbui,Barcelona,Cataluña
08711,Òdena,Barcelona,Cataluña
08712,Igualada,Barcelona,Cataluña
08712,Sant Martí de Tous,Barcelona,Cataluña
08717,Argençola,Barcelona,Cataluña
08717,Montmaneu,Barcelona,Cataluña
08718,Cabrera d'Anoia,Barcelona,Cataluña
08719,Castellolí,Barcelona,Cataluña
08719,Jorba,Barcelona,Cataluña
08719,Rubió,Barcelona,Cataluña
08719,Veciana,Barcelona,Cataluña
08720,Vilafranca del Penedès,Barcelona,Cataluña
08729,Castellet i la Gornal,Barcelona,Cataluña
08730,Santa Margarida i els Monjos,Barcelona,Cataluña
08731,Sant Martí Sarroca,Barcelona,Cataluña
08732,Castellet i la Gornal,Barcelona,Cataluña
08732,Castellví de la Marca,Barcelona,Cataluña
08733,El Pla del Penedès,Barcelona,Cataluña
08734,Avinyonet del Penedès,Barcelona,Cataluña
08734,Olèrdola,Barcelona,Cataluña
08735,Vilobí del Penedès,Barcelona,Cataluña
08736,Font-rubí,Barcelona,Cataluña
08737,Torrelles de Foix,Barcelona,Cataluña
08738,Pontons,Barcelona,Cataluña
08739,Subirats,Barcelona,Cataluña
08740,Sant Andreu de la Barca,Barcelona,Cataluña
08750,Barcelona,Barcelona,Cataluña
08750,Molins de Rei,Barcelona,Cataluña
08753,Pallejà,Barcelona,Cataluña
08754,El Papiol,Barcelona,Cataluña
08755,Castellbisbal,Barcelona,Cataluña
08756,La Palma de Cervelló,Barcelona,Cataluña
08757,Corbera de Llobregat,Barcelona,Cataluña
08757,Gelida,Barcelona,Cataluña
08758,Cervelló,Barcelona,Cataluña
08759,Vallirana,Barcelona,Cataluña
08760,Martorell,Barcelona,Cataluña
08769,Castellví de Rosanes,Barcelona,Cataluña
08770,Sant Sadurní d'Anoia,Barcelona,Cataluña
08773,Mediona,Barcelona,Cataluña
08775,Torrelavit,Barcelona,Cataluña
08776,Sant Pere de Riudebitlles,Barcelona,Cataluña
08777,Sant Quintí de Mediona,Barcelona,Cataluña
08779,La Llacuna,Barcelona,Cataluña
08780,Pallejà,Barcelona,Cataluña
08781,Piera,Barcelona,Cataluña
08781,Els Hostalets de Pierola,Barcelona,Cataluña
08782,Masquefa,Barcelona,Cataluña
08783,Masquefa,Barcelona,Cataluña
08784,Piera,Barcelona,Cataluña
08785,Vallbona d'Anoia,Barcelona,Cataluña
08786,Capellades,Barcelona,Cataluña
08787,Carme,Barcelona,Cataluña
08787,Orpí,Barcelona,Cataluña
08787,La Pobla de Claramunt,Barcelona,Cataluña
08787,Santa Maria de Miralles,Barcelona,Cataluña
08788,Vilanova del Camí,Barcelona,Cataluña
08789,Carme,Barcelona,Cataluña
08789,La Torre de Claramunt,Barcelona,Cataluña
08790,Gelida,Barcelona,Cataluña
08791,Sant Llorenç d'Hortons,Barcelona,Cataluña
08792,Avinyonet del Penedès,Barcelona,Cataluña
08792,La Granada,Barcelona,Cataluña
08792,Santa Fe del Penedès,Barcelona,Cataluña
08793,Avinyonet del Penedès,Barcelona,Cataluña
08794,Les Cabanyes,Barcelona,Cataluña
08795,Olesa de Bonesvalls,Barcelona,Cataluña
08796,Pacs del Penedès,Barcelona,Cataluña
08797,Puigdàlber,Barcelona,Cataluña
08797,Subirats,Barcelona,Cataluña
08798,Avinyonet del Penedès,Barcelona,Cataluña
08798,Sant Cugat Sesgarrigues,Barcelona,Cataluña
08799,Olèrdola,Barcelona,Cataluña
08800,Vilanova i la Geltrú,Barcelona,Cataluña
08805,Sabadell,Barcelona,Cataluña
08810,Sant Pere de Ribes,Barcelona,Cataluña
08810,Vilanova i la Geltrú,Barcelona,Cataluña
08811,Canyelles,Barcelona,Cataluña
08812,Sant Pere de Ribes,Barcelona,Cataluña
08818,Olivella,Barcelona,Cataluña
08820,El Prat de Llobregat,Barcelona,Cataluña
08830,Sant Boi de Llobregat,Barcelona,Cataluña
08840,Viladecans,Barcelona,Cataluña
08849,Sant Climent de Llobregat,Barcelona,Cataluña
08850,Gavà,Barcelona,Cataluña
08859,Begues,Barcelona,Cataluña
08860,Castelldefels,Barcelona,Cataluña
08860,Sitges,Barcelona,Cataluña
08870,Sitges,Barcelona,Cataluña
08871,Sitges,Barcelona,Cataluña
08872,Sitges,Barcelona,Cataluña
08880,Cubelles,Barcelona,Cataluña
08901,L'Hospitalet de Llobregat,Barcelona,Cataluña
08902,L'Hospitalet de Llobregat,Barcelona,Cataluña
08903,L'Hospitalet de Llobregat,Barcelona,Cataluña
08904,L'Hospitalet de Llobregat,Barcelona,Cataluña
08905,L'Hospitalet de Llobregat,Barcelona,Cataluña
08906,L'Hospitalet de Llobregat,Barcelona,Cataluña
08907,L'Hospitalet de Llobregat,Barcelona,Cataluña
08908,L'Hospitalet de Llobregat,Barcelona,Cataluña
08911,Badalona,Barcelona,Cataluña
08912,Badalona,Barcelona,Cataluña
08913,Badalona,Barcelona,Cataluña
08914,Badalona,Barcelona,Cataluña
08915,Badalona,Barcelona,Cataluña
08916,Badalona,Barcelona,Cataluña
08916,Tiana,Barcelona,Cataluña
08917,Badalona,Barcelona,Cataluña
08918,Badalona,Barcelona,Cataluña
08921,Santa Coloma de Gramenet,Barcelona,Cataluña
08922,Santa Coloma de Gramenet,Barcelona,Cataluña
08923,Badalona,Barcelona,Cataluña
08923,Santa Coloma de Gramenet,Barcelona,Cataluña
08924,Santa Coloma de Gramenet,Barcelona,Cataluña
08930,Sant Adrià de Besòs,Barcelona,Cataluña
08940,Cornellà de Llobregat,Barcelona,Cataluña
08950,Esplugues de Llobregat,Barcelona,Cataluña
08960,Sant Just Desvern,Barcelona,Cataluña
08970,Sant Joan Despí,Barcelona,Cataluña
08980,Sant Feliu de Llobregat,Barcelona,Cataluña
09001,Burgos,Burgos,Castilla y León
09001,Villalbilla de Burgos,Burgos,Castilla y León
09002,Burgos,Burgos,Castilla y León
09003,Burgos,Burgos,Castilla y León
09004,Burgos,Burgos,Castilla y León
09005,Burgos,Burgos,Castilla y León
09006,Burgos,Burgos,Castilla y León
09007,Burgos,Burgos,Castilla y León
09100,Melgar de Fernamental,Burgos,Castilla y León
09107,Arenillas de Riopisuerga,Burgos,Castilla y León
09107,Castrillo Mota de Judíos,Burgos,Castilla y León
09107,Itero del Castillo,Burgos,Castilla y León
09107,Palacios de Riopisuerga,Burgos,Castilla y León
09108,Castrillo de Riopisuerga,Burgos,Castilla y León
09108,Melgar de Fernamental,Burgos,Castilla y León
09108,Padilla de Arriba,Burgos,Castilla y León
09108,Rezmondo,Burgos,Castilla y León
09108,Zarzosa de Río Pisuerga,Burgos,Castilla y León
09109,Castrojeriz,Burgos,Castilla y León
09109,Padilla de Abajo,Burgos,Castilla y León
09109,Sasamón,Burgos,Castilla y León
09109,Villasandino,Burgos,Castilla y León
09110,Castrojeriz,Burgos,Castilla y León
09117,Revilla Vallejera,Burgos,Castilla y León
09117,Vallejera,Burgos,Castilla y León
09117,Villamedianilla,Burgos,Castilla y León
09118,Villaquirán de los Infantes,Burgos,Castilla y León
09119,Los Balbases,Burgos,Castilla y León
09119,Castrojeriz,Burgos,Castilla y León
09119,Pedrosa del Príncipe,Burgos,Castilla y León
09119,Villaquirán de la Puebla,Burgos,Castilla y León
09120,Villadiego,Burgos,Castilla y León
09121,Melgar de Fernamental,Burgos,Castilla y León
09123,Sasamón,Burgos,Castilla y León
09124,Humada,Burgos,Castilla y León
09124,Villadiego,Burgos,Castilla y León
09125,Basconcillos del Tozo,Burgos,Castilla y León
09125,Huérmeces,Burgos,Castilla y León
09125,Montorio,Burgos,Castilla y León
09125,Úrbel del Castillo,Burgos,Castilla y León
09125,Villadiego,Burgos,Castilla y León
09126,Basconcillos del Tozo,Burgos,Castilla y León
09127,Basconcillos del Tozo,Burgos,Castilla y León
09127,Valle de Valdelucio,Burgos,Castilla y León
09128,Grijalba,Burgos,Castilla y León
09128,Sordillos,Burgos,Castilla y León
09128,Villadiego,Burgos,Castilla y León
09128,Villamayor de Treviño,Burgos,Castilla y León
09128,Villegas,Burgos,Castilla y León
09129,Villadiego,Burgos,Castilla y León
09130,Rabé de las Calzadas,Burgos,Castilla y León
09130,Tardajos,Burgos,Castilla y León
09131,Pedrosa de Río Úrbel,Burgos,Castilla y León
09131,Las Quintanillas,Burgos,Castilla y León
09131,Valle de Santibáñez,Burgos,Castilla y León
09131,Alfoz de Quintanadueñas,Burgos,Castilla y León
09133,Las Hormazas,Burgos,Castilla y León
09133,Isar,Burgos,Castilla y León
09133,Manciles,Burgos,Castilla y León
09133,Pedrosa del Páramo,Burgos,Castilla y León
09133,Susinos del Páramo,Burgos,Castilla y León
09133,Tobar,Burgos,Castilla y León
09133,Villadiego,Burgos,Castilla y León
09135,Sotresgudo,Burgos,Castilla y León
09136,Sotresgudo,Burgos,Castilla y León
09140,Quintanaortuño,Burgos,Castilla y León
09140,Quintanilla Vivar,Burgos,Castilla y León
09140,Merindad de Río Ubierna,Burgos,Castilla y León
09141,Abajas,Burgos,Castilla y León
09141,Merindad de Río Ubierna,Burgos,Castilla y León
09142,Valle de Sedano,Burgos,Castilla y León
09142,Merindad de Río Ubierna,Burgos,Castilla y León
09143,Sargentes de la Lora,Burgos,Castilla y León
09143,Tubilla del Agua,Burgos,Castilla y León
09144,Sargentes de la Lora,Burgos,Castilla y León
09145,Valle de Sedano,Burgos,Castilla y León
09146,Los Altos,Burgos,Castilla y León
09146,Valle de Zamanzas,Burgos,Castilla y León
09146,Valle de Sedano,Burgos,Castilla y León
09150,Las Hormazas,Burgos,Castilla y León
09150,Huérmeces,Burgos,Castilla y León
09150,Valle de Santibáñez,Burgos,Castilla y León
09159,Valle de Santibáñez,Burgos,Castilla y León
09191,Hurones,Burgos,Castilla y León
09191,Villayerno Morquillas,Burgos,Castilla y León
09191,Valle de las Navas,Burgos,Castilla y León
09192,Burgos,Burgos,Castilla y León
09192,Cardeñuela Riopico,Burgos,Castilla y León
09192,Orbaneja Riopico,Burgos,Castilla y León
09193,Burgos,Burgos,Castilla y León
09193,Carcedo de Burgos,Burgos,Castilla y León
09193,Cardeñajimeno,Burgos,Castilla y León
09193,Castrillo del Val,Burgos,Castilla y León
09194,Los Ausines,Burgos,Castilla y León
09194,Carcedo de Burgos,Burgos,Castilla y León
09194,Cardeñadijo,Burgos,Castilla y León
09194,Ibeas de Juarros,Burgos,Castilla y León
09194,Revilla del Campo,Burgos,Castilla y León
09195,Arcos,Burgos,Castilla y León
09195,Villagonzalo Pedernales,Burgos,Castilla y León
09195,Villalbilla de Burgos,Burgos,Castilla y León
09195,Villariezo,Burgos,Castilla y León
09196,Cayuela,Burgos,Castilla y León
09197,Sotragero,Burgos,Castilla y León
09197,Merindad de Río Ubierna,Burgos,Castilla y León
09197,Alfoz de Quintanadueñas,Burgos,Castilla y León
09198,Castrillo del Val,Burgos,Castilla y León
09198,Ibeas de Juarros,Burgos,Castilla y León
09198,San Adrián de Juarros,Burgos,Castilla y León
09199,Arlanzón,Burgos,Castilla y León
09199,Atapuerca,Burgos,Castilla y León
09199,Barrios de Colina,Burgos,Castilla y León
09199,Burgos,Burgos,Castilla y León
09199,Cardeñajimeno,Burgos,Castilla y León
09199,Pineda de la Sierra,Burgos,Castilla y León
09199,Rábanos,Burgos,Castilla y León
09199,Rubena,Burgos,Castilla y León
09199,Villasur de Herreros,Burgos,Castilla y León
09200,Miranda de Ebro,Burgos,Castilla y León
09210,Valle de Tobalina,Burgos,Castilla y León
09211,Frías,Burgos,Castilla y León
09211,Oña,Burgos,Castilla y León
09211,Partido de la Sierra en Tobalina,Burgos,Castilla y León
09211,Valle de Tobalina,Burgos,Castilla y León
09212,Merindad de Cuesta-Urria,Burgos,Castilla y León
09212,Valle de Tobalina,Burgos,Castilla y León
09213,Cillaperlata,Burgos,Castilla y León
09213,Trespaderne,Burgos,Castilla y León
09213,Valle de Tobalina,Burgos,Castilla y León
09214,Bozoó,Burgos,Castilla y León
09215,Condado de Treviño,Burgos,Castilla y León
09216,Condado de Treviño,Burgos,Castilla y León
09217,Condado de Treviño,Burgos,Castilla y León
09218,Condado de Treviño,Burgos,Castilla y León
09218,Miranda de Ebro,Burgos,Castilla y León
09219,Altable,Burgos,Castilla y León
09219,Ameyugo,Burgos,Castilla y León
09219,Bozoó,Burgos,Castilla y León
09219,Encío,Burgos,Castilla y León
09219,Miranda de Ebro,Burgos,Castilla y León
09219,Santa Gadea del Cid,Burgos,Castilla y León
09219,Santa María Ribarredonda,Burgos,Castilla y León
09219,Valluércanes,Burgos,Castilla y León
09219,Villanueva de Teba,Burgos,Castilla y León
09220,Pampliega,Burgos,Castilla y León
09221,Miranda de Ebro,Burgos,Castilla y León
09226,Barrio de Muñó,Burgos,Castilla y León
09226,Belbimbre,Burgos,Castilla y León
09226,Celada del Camino,Burgos,Castilla y León
09226,Palazuelos de Muñó,Burgos,Castilla y León
09226,Pampliega,Burgos,Castilla y León
09226,Villaquirán de los Infantes,Burgos,Castilla y León
09226,Villaverde-Mogina,Burgos,Castilla y León
09226,Villazopeque,Burgos,Castilla y León
09227,Castellanos de Castro,Burgos,Castilla y León
09227,Hontanas,Burgos,Castilla y León
09227,Iglesias,Burgos,Castilla y León
09227,Tamarón,Burgos,Castilla y León
09227,Villaldemiro,Burgos,Castilla y León
09228,Ciadoncha,Burgos,Castilla y León
09228,Mahamud,Burgos,Castilla y León
09228,Mazuela,Burgos,Castilla y León
09228,Olmillos de Muñó,Burgos,Castilla y León
09228,Presencio,Burgos,Castilla y León
09228,Villaverde del Monte,Burgos,Castilla y León
09230,Buniel,Burgos,Castilla y León
09230,Estépar,Burgos,Castilla y León
09230,Frandovínez,Burgos,Castilla y León
09230,Hornillos del Camino,Burgos,Castilla y León
09230,San Mamés de Burgos,Burgos,Castilla y León
09233,Alfoz de Bricia,Burgos,Castilla y León
09239,Albillos,Burgos,Castilla y León
09239,Arcos,Burgos,Castilla y León
09239,Cavia,Burgos,Castilla y León
09239,Cayuela,Burgos,Castilla y León
09239,Estépar,Burgos,Castilla y León
09240,Briviesca,Burgos,Castilla y León
09244,Busto de Bureba,Burgos,Castilla y León
09244,Fuentebureba,Burgos,Castilla y León
09244,Quintanaélez,Burgos,Castilla y León
09245,Berzosa de Bureba,Burgos,Castilla y León
09245,Briviesca,Burgos,Castilla y León
09245,Grisaleña,Burgos,Castilla y León
09245,Vallarta de Bureba,Burgos,Castilla y León
09245,Zuñeda,Burgos,Castilla y León
09246,Los Barrios de Bureba,Burgos,Castilla y León
09246,Carcedo de Bureba,Burgos,Castilla y León
09246,Llano de Bureba,Burgos,Castilla y León
09246,Oña,Burgos,Castilla y León
09246,Piérnigas,Burgos,Castilla y León
09246,Poza de la Sal,Burgos,Castilla y León
09246,Quintanabureba,Burgos,Castilla y León
09246,Rojas,Burgos,Castilla y León
09247,Galbarros,Burgos,Castilla y León
09247,Salinillas de Bureba,Burgos,Castilla y León
09248,Bañuelos de Bureba,Burgos,Castilla y León
09248,Belorado,Burgos,Castilla y León
09248,Briviesca,Burgos,Castilla y León
09248,Carrias,Burgos,Castilla y León
09248,Prádanos de Bureba,Burgos,Castilla y León
09248,Reinoso,Burgos,Castilla y León
09249,Aguilar de Bureba,Burgos,Castilla y León
09249,Los Barrios de Bureba,Burgos,Castilla y León
09249,Briviesca,Burgos,Castilla y León
09249,Navas de Bureba,Burgos,Castilla y León
09249,Oña,Burgos,Castilla y León
09249,La Vid de Bureba,Burgos,Castilla y León
09249,Vileña,Burgos,Castilla y León
09250,Belorado,Burgos,Castilla y León
09251,Cubo de Bureba,Burgos,Castilla y León
09252,Miraveche,Burgos,Castilla y León
09253,Cascajares de Bureba,Burgos,Castilla y León
09257,Villafranca Montes de Oca,Burgos,Castilla y León
09258,Alcocero de Mola,Burgos,Castilla y León
09258,Belorado,Burgos,Castilla y León
09258,Castil de Peones,Burgos,Castilla y León
09258,Espinosa del Camino,Burgos,Castilla y León
09258,Tosantos,Burgos,Castilla y León
09258,Valle de Oca,Burgos,Castilla y León
09258,Villafranca Montes de Oca,Burgos,Castilla y León
09258,Villambistia,Burgos,Castilla y León
09259,Bascuñana,Burgos,Castilla y León
09259,Castildelgado,Burgos,Castilla y León
09259,Fresneña,Burgos,Castilla y León
09259,Ibrillos,Burgos,Castilla y León
09259,Redecilla del Camino,Burgos,Castilla y León
09259,Redecilla del Campo,Burgos,Castilla y León
09259,Viloria de Rioja,Burgos,Castilla y León
09260,Pradoluengo,Burgos,Castilla y León
09267,Belorado,Burgos,Castilla y León
09267,Fresneda de la Sierra Tirón,Burgos,Castilla y León
09268,Pradoluengo,Burgos,Castilla y León
09268,Rábanos,Burgos,Castilla y León
09268,Santa Cruz del Valle Urbión,Burgos,Castilla y León
09268,San Vicente del Valle,Burgos,Castilla y León
09268,Valmala,Burgos,Castilla y León
09268,Villagalijo,Burgos,Castilla y León
09269,Rábanos,Burgos,Castilla y León
09270,Cerezo de Río Tirón,Burgos,Castilla y León
09270,Redecilla del Campo,Burgos,Castilla y León
09271,Quintanilla San García,Burgos,Castilla y León
09272,Belorado,Burgos,Castilla y León
09272,Fresno de Río Tirón,Burgos,Castilla y León
09280,Encío,Burgos,Castilla y León
09280,Pancorbo,Burgos,Castilla y León
09290,Fresno de Rodilla,Burgos,Castilla y León
09290,Quintanapalla,Burgos,Castilla y León
09292,Arraya de Oca,Burgos,Castilla y León
09292,Briviesca,Burgos,Castilla y León
09292,Cerratón de Juarros,Burgos,Castilla y León
09292,Monasterio de Rodilla,Burgos,Castilla y León
09292,Quintanavides,Burgos,Castilla y León
09292,Santa María del Invierno,Burgos,Castilla y León
09292,Santa Olalla de Bureba,Burgos,Castilla y León
09292,Villaescusa la Sombría,Burgos,Castilla y León
09293,Bugedo,Burgos,Castilla y León
09293,Miranda de Ebro,Burgos,Castilla y León
09294,Condado de Treviño,Burgos,Castilla y León
09294,La Puebla de Arganzón,Burgos,Castilla y León
09300,Roa,Burgos,Castilla y León
09310,Torresandino,Burgos,Castilla y León
09310,Tórtoles de Esgueva,Burgos,Castilla y León
09310,Villatuelda,Burgos,Castilla y León
09311,La Horra,Burgos,Castilla y León
09311,Olmedillo de Roa,Burgos,Castilla y León
09312,Tórtoles de Esgueva,Burgos,Castilla y León
09313,Anguix,Burgos,Castilla y León
09314,Pedrosa de Duero,Burgos,Castilla y León
09314,Villaescusa de Roa,Burgos,Castilla y León
09315,Fuentecén,Burgos,Castilla y León
09315,Fuentemolinos,Burgos,Castilla y León
09316,Berlangas de Roa,Burgos,Castilla y León
09316,Hoyales de Roa,Burgos,Castilla y León
09317,Mambrilla de Castrejón,Burgos,Castilla y León
09317,Pedrosa de Duero,Burgos,Castilla y León
09317,San Martín de Rubiales,Burgos,Castilla y León
09318,Fuentelisendo,Burgos,Castilla y León
09318,Nava de Roa,Burgos,Castilla y León
09318,Valdezate,Burgos,Castilla y León
09319,La Cueva de Roa,Burgos,Castilla y León
09320,Cogollos,Burgos,Castilla y León
09320,Madrigal del Monte,Burgos,Castilla y León
09320,Valdorros,Burgos,Castilla y León
09338,Valles de Palenzuela,Burgos,Castilla y León
09339,Villamayor de los Montes,Burgos,Castilla y León
09339,Villangómez,Burgos,Castilla y León
09339,Villaverde del Monte,Burgos,Castilla y León
09339,Zael,Burgos,Castilla y León
09340,Lerma,Burgos,Castilla y León
09341,Lerma,Burgos,Castilla y León
09341,Santa Cecilia,Burgos,Castilla y León
09341,Tordómar,Burgos,Castilla y León
09342,Peral de Arlanza,Burgos,Castilla y León
09342,Santa María del Campo,Burgos,Castilla y León
09342,Torrepadre,Burgos,Castilla y León
09343,Villahoz,Burgos,Castilla y León
09344,Royuela de Río Franco,Burgos,Castilla y León
09344,Villafruela,Burgos,Castilla y León
09345,Avellanosa de Muñó,Burgos,Castilla y León
09345,Iglesiarrubia,Burgos,Castilla y León
09345,Royuela de Río Franco,Burgos,Castilla y León
09345,Torrepadre,Burgos,Castilla y León
09346,Covarrubias,Burgos,Castilla y León
09346,Mecerreyes,Burgos,Castilla y León
09347,Covarrubias,Burgos,Castilla y León
09347,Lerma,Burgos,Castilla y León
09347,Puentedura,Burgos,Castilla y León
09347,Retuerta,Burgos,Castilla y León
09347,Quintanilla del Agua y Tordueles,Burgos,Castilla y León
09348,Cebrecos,Burgos,Castilla y León
09348,Lerma,Burgos,Castilla y León
09348,Nebreda,Burgos,Castilla y León
09348,Quintanilla del Coco,Burgos,Castilla y León
09348,Solarana,Burgos,Castilla y León
09349,Cilleruelo de Abajo,Burgos,Castilla y León
09349,Cilleruelo de Arriba,Burgos,Castilla y León
09349,Fontioso,Burgos,Castilla y León
09349,Lerma,Burgos,Castilla y León
09349,Pineda Trasmonte,Burgos,Castilla y León
09349,Quintanilla de la Mata,Burgos,Castilla y León
09350,Bahabón de Esgueva,Burgos,Castilla y León
09350,Cabañes de Esgueva,Burgos,Castilla y León
09350,Oquillas,Burgos,Castilla y León
09350,Santibáñez de Esgueva,Burgos,Castilla y León
09351,Los Ausines,Burgos,Castilla y León
09351,Hontoria de la Cantera,Burgos,Castilla y León
09352,Cubillo del Campo,Burgos,Castilla y León
09353,Santa María del Mercadillo,Burgos,Castilla y León
09354,Pinilla Trasmonte,Burgos,Castilla y León
09370,Aranda de Duero,Burgos,Castilla y León
09370,Gumiel de Izán,Burgos,Castilla y León
09370,Quintana del Pidio,Burgos,Castilla y León
09390,Madrigalejo del Monte,Burgos,Castilla y León
09390,Santa Inés,Burgos,Castilla y León
09390,Torrecilla del Monte,Burgos,Castilla y León
09390,Villalmanzo,Burgos,Castilla y León
09391,Castrillo de la Vega,Burgos,Castilla y León
09400,Aranda de Duero,Burgos,Castilla y León
09410,Arandilla,Burgos,Castilla y León
09410,Coruña del Conde,Burgos,Castilla y León
09410,Peñaranda de Duero,Burgos,Castilla y León
09430,Huerta de Rey,Burgos,Castilla y León
09440,Sotillo de la Ribera,Burgos,Castilla y León
09441,Sotillo de la Ribera,Burgos,Castilla y León
09442,Terradillos de Esgueva,Burgos,Castilla y León
09443,Gumiel de Mercado,Burgos,Castilla y León
09443,Villalba de Duero,Burgos,Castilla y León
09450,Aranda de Duero,Burgos,Castilla y León
09450,Baños de Valdearados,Burgos,Castilla y León
09450,Hontoria de Valdearados,Burgos,Castilla y León
09450,Villanueva de Gumiel,Burgos,Castilla y León
09451,Arauzo de Miel,Burgos,Castilla y León
09451,Arauzo de Salce,Burgos,Castilla y León
09451,Arauzo de Torre,Burgos,Castilla y León
09451,Caleruega,Burgos,Castilla y León
09453,Tubilla del Lago,Burgos,Castilla y León
09453,Valdeande,Burgos,Castilla y León
09453,Villalbilla de Gumiel,Burgos,Castilla y León
09454,Huerta de Rey,Burgos,Castilla y León
09454,Quemada,Burgos,Castilla y León
09460,Milagros,Burgos,Castilla y León
09461,Fuentenebro,Burgos,Castilla y León
09462,Adrada de Haza,Burgos,Castilla y León
09462,Hontangas,Burgos,Castilla y León
09462,Moradillo de Roa,Burgos,Castilla y León
09462,Pardilla,Burgos,Castilla y León
09462,La Sequera de Haza,Burgos,Castilla y León
09463,Haza,Burgos,Castilla y León
09471,Fuentelcésped,Burgos,Castilla y León
09471,Fuentespina,Burgos,Castilla y León
09471,Santa Cruz de la Salceda,Burgos,Castilla y León
09471,La Vid y Barrios,Burgos,Castilla y León
09490,Aranda de Duero,Burgos,Castilla y León
09490,Brazacorta,Burgos,Castilla y León
09490,Peñaranda de Duero,Burgos,Castilla y León
09490,San Juan del Monte,Burgos,Castilla y León
09490,Zazuar,Burgos,Castilla y León
09491,Fresnillo de las Dueñas,Burgos,Castilla y León
09491,Vadocondes,Burgos,Castilla y León
09491,La Vid y Barrios,Burgos,Castilla y León
09493,Campillo de Aranda,Burgos,Castilla y León
09493,Torregalindo,Burgos,Castilla y León
09500,Medina de Pomar,Burgos,Castilla y León
09510,Junta de Traslaloma,Burgos,Castilla y León
09510,Valle de Losa,Burgos,Castilla y León
09511,Berberana,Burgos,Castilla y León
09511,Junta de Villalba de Losa,Burgos,Castilla y León
09511,Valle de Losa,Burgos,Castilla y León
09512,Medina de Pomar,Burgos,Castilla y León
09512,Valle de Losa,Burgos,Castilla y León
09513,Medina de Pomar,Burgos,Castilla y León
09513,Villarcayo de Merindad de Castilla la Vieja,Burgos,Castilla y León
09514,Junta de Traslaloma,Burgos,Castilla y León
09514,Medina de Pomar,Burgos,Castilla y León
09514,Merindad de Montija,Burgos,Castilla y León
09515,Medina de Pomar,Burgos,Castilla y León
09515,Merindad de Cuesta-Urria,Burgos,Castilla y León
09530,Oña,Burgos,Castilla y León
09540,Trespaderne,Burgos,Castilla y León
09549,Merindad de Cuesta-Urria,Burgos,Castilla y León
09549,Trespaderne,Burgos,Castilla y León
09549,Valle de Tobalina,Burgos,Castilla y León
09550,Villarcayo de Merindad de Castilla la Vieja,Burgos,Castilla y León
09551,Los Altos,Burgos,Castilla y León
09551,Valle de Sedano,Burgos,Castilla y León
09553,Villarcayo de Merindad de Castilla la Vieja,Burgos,Castilla y León
09554,Villarcayo de Merindad de Castilla la Vieja,Burgos,Castilla y León
09555,Villarcayo de Merindad de Castilla la Vieja,Burgos,Castilla y León
09556,Villarcayo de Merindad de Castilla la Vieja,Burgos,Castilla y León
09557,Merindad de Sotoscueva,Burgos,Castilla y León
09557,Merindad de Valdeporres,Burgos,Castilla y León
09557,Villarcayo de Merindad de Castilla la Vieja,Burgos,Castilla y León
09558,Valle de Manzanedo,Burgos,Castilla y León
09558,Villarcayo de Merindad de Castilla la Vieja,Burgos,Castilla y León
09559,Los Altos,Burgos,Castilla y León
09559,Merindad de Valdivielso,Burgos,Castilla y León
09559,Oña,Burgos,Castilla y León
09560,Espinosa de los Monteros,Burgos,Castilla y León
09566,Espinosa de los Monteros,Burgos,Castilla y León
09567,Espinosa de los Monteros,Burgos,Castilla y León
09567,Merindad de Sotoscueva,Burgos,Castilla y León
09568,Merindad de Sotoscueva,Burgos,Castilla y León
09569,Espinosa de los Monteros,Burgos,Castilla y León
09569,Merindad de Montija,Burgos,Castilla y León
09570,Arija,Burgos,Castilla y León
09571,Alfoz de Bricia,Burgos,Castilla y León
09571,Alfoz de Santa Gadea,Burgos,Castilla y León
09571,Valle de Valdebezana,Burgos,Castilla y León
09572,Alfoz de Bricia,Burgos,Castilla y León
09572,Valle de Manzanedo,Burgos,Castilla y León
09572,Valle de Valdebezana,Burgos,Castilla y León
09573,Merindad de Valdeporres,Burgos,Castilla y León
09574,Merindad de Valdeporres,Burgos,Castilla y León
09580,Valle de Mena,Burgos,Castilla y León
09585,Valle de Mena,Burgos,Castilla y León
09586,Valle de Mena,Burgos,Castilla y León
09587,Valle de Mena,Burgos,Castilla y León
09588,Valle de Mena,Burgos,Castilla y León
09589,Valle de Mena,Burgos,Castilla y León
09591,Valle de las Navas,Burgos,Castilla y León
09591,Merindad de Río Ubierna,Burgos,Castilla y León
09592,Carcedo de Bureba,Burgos,Castilla y León
09592,Poza de la Sal,Burgos,Castilla y León
09592,Rublacedo de Abajo,Burgos,Castilla y León
09593,Aguas Cándidas,Burgos,Castilla y León
09593,Cantabrana,Burgos,Castilla y León
09593,Oña,Burgos,Castilla y León
09593,Padrones de Bureba,Burgos,Castilla y León
09593,Rucandio,Burgos,Castilla y León
09593,Salas de Bureba,Burgos,Castilla y León
09594,Merindad de Cuesta-Urria,Burgos,Castilla y León
09600,Salas de los Infantes,Burgos,Castilla y León
09610,Ciruelos de Cervera,Burgos,Castilla y León
09610,Espinosa de Cervera,Burgos,Castilla y León
09610,Santo Domingo de Silos,Burgos,Castilla y León
09611,Carazo,Burgos,Castilla y León
09611,Hacinas,Burgos,Castilla y León
09611,Olmillos de Muñó,Burgos,Castilla y León
09611,Villanueva de Carazo,Burgos,Castilla y León
09612,Cabezón de la Sierra,Burgos,Castilla y León
09612,La Gallega,Burgos,Castilla y León
09612,Mamolar,Burgos,Castilla y León
09612,Pinilla de los Barruecos,Burgos,Castilla y León
09613,Barbadillo del Mercado,Burgos,Castilla y León
09613,Contreras,Burgos,Castilla y León
09613,Monasterio de la Sierra,Burgos,Castilla y León
09613,Pinilla de los Moros,Burgos,Castilla y León
09613,La Revilla y Ahedo,Burgos,Castilla y León
09613,Salas de los Infantes,Burgos,Castilla y León
09613,Vizcaínos,Burgos,Castilla y León
09614,Barbadillo del Pez,Burgos,Castilla y León
09614,Huerta de Arriba,Burgos,Castilla y León
09614,Valle de Valdelaguna,Burgos,Castilla y León
09615,Barbadillo de Herreros,Burgos,Castilla y León
09615,Monterrubio de la Demanda,Burgos,Castilla y León
09615,Riocavado de la Sierra,Burgos,Castilla y León
09615,Salas de los Infantes,Burgos,Castilla y León
09616,Tejada,Burgos,Castilla y León
09617,Santibáñez del Val,Burgos,Castilla y León
09618,Santibáñez del Val,Burgos,Castilla y León
09619,Hontoria del Pinar,Burgos,Castilla y León
09620,Modúbar de la Emparedada,Burgos,Castilla y León
09620,Revillarruz,Burgos,Castilla y León
09620,Saldaña de Burgos,Burgos,Castilla y León
09620,Sarracín,Burgos,Castilla y León
09640,Cascajares de la Sierra,Burgos,Castilla y León
09640,Hortigüela,Burgos,Castilla y León
09640,Jaramillo de la Fuente,Burgos,Castilla y León
09640,Jaramillo Quemado,Burgos,Castilla y León
09640,Jurisdicción de Lara,Burgos,Castilla y León
09640,Mambrillas de Lara,Burgos,Castilla y León
09640,San Millán de Lara,Burgos,Castilla y León
09640,Tinieblas de la Sierra,Burgos,Castilla y León
09640,Villaespasa,Burgos,Castilla y León
09640,Villoruebo,Burgos,Castilla y León
09641,Cuevas de San Clemente,Burgos,Castilla y León
09642,Los Ausines,Burgos,Castilla y León
09642,Mambrillas de Lara,Burgos,Castilla y León
09645,Torrelara,Burgos,Castilla y León
09646,Villoruebo,Burgos,Castilla y León
09647,Revilla del Campo,Burgos,Castilla y León
09649,Palazuelos de la Sierra,Burgos,Castilla y León
09649,Tinieblas de la Sierra,Burgos,Castilla y León
09649,Villamiel de la Sierra,Burgos,Castilla y León
09650,Campolara,Burgos,Castilla y León
09650,Villaespasa,Burgos,Castilla y León
09651,Jurisdicción de Lara,Burgos,Castilla y León
09652,Villanueva de Argaño,Burgos,Castilla y León
09653,Isar,Burgos,Castilla y León
09654,Isar,Burgos,Castilla y León
09660,Hontoria del Pinar,Burgos,Castilla y León
09660,Rabanera del Pinar,Burgos,Castilla y León
09670,Quintanar de la Sierra,Burgos,Castilla y León
09679,Neila,Burgos,Castilla y León
09680,Palacios de la Sierra,Burgos,Castilla y León
09690,Vilviestre del Pinar,Burgos,Castilla y León
09691,Castrillo de la Reina,Burgos,Castilla y León
09691,Moncalvillo,Burgos,Castilla y León
09692,Canicosa de la Sierra,Burgos,Castilla y León
09693,Regumiel de la Sierra,Burgos,Castilla y León
10001,Cáceres,Cáceres,Extremadura
10002,Cáceres,Cáceres,Extremadura
10003,Cáceres,Cáceres,Extremadura
10004,Cáceres,Cáceres,Extremadura
10005,Cáceres,Cáceres,Extremadura
10100,Miajadas,Cáceres,Extremadura
10109,Miajadas,Cáceres,Extremadura
10110,Madrigalejo,Cáceres,Extremadura
10120,Logrosán,Cáceres,Extremadura
10126,Cabañas del Castillo,Cáceres,Extremadura
10129,Berzocana,Cáceres,Extremadura
10130,Zorita,Cáceres,Extremadura
10131,Valdemorales,Cáceres,Extremadura
10132,Almoharín,Cáceres,Extremadura
10133,Escurial,Cáceres,Extremadura
10134,Campo Lugar,Cáceres,Extremadura
10135,Alcollarín,Cáceres,Extremadura
10136,Cañamero,Cáceres,Extremadura
10137,Alía,Cáceres,Extremadura
10140,Guadalupe,Cáceres,Extremadura
10160,Alcuéscar,Cáceres,Extremadura
10161,Arroyomolinos,Cáceres,Extremadura
10162,Casas de Don Antonio,Cáceres,Extremadura
10163,Aldea del Cano,Cáceres,Extremadura
10164,Cáceres,Cáceres,Extremadura
10170,Montánchez,Cáceres,Extremadura
10180,Valdefuentes,Cáceres,Extremadura
10181,Sierra de Fuentes,Cáceres,Extremadura
10182,Torreorgaz,Cáceres,Extremadura
10183,Torrequemada,Cáceres,Extremadura
10184,Torremocha,Cáceres,Extremadura
10185,Benquerencia,Cáceres,Extremadura
10186,Torre de Santa María,Cáceres,Extremadura
10187,Albalá,Cáceres,Extremadura
10188,Botija,Cáceres,Extremadura
10189,Salvatierra de Santiago,Cáceres,Extremadura
10189,Santa Ana,Cáceres,Extremadura
10189,Zarza de Montánchez,Cáceres,Extremadura
10190,Casar de Cáceres,Cáceres,Extremadura
10191,Santiago del Campo,Cáceres,Extremadura
10192,Hinojal,Cáceres,Extremadura
10193,Talaván,Cáceres,Extremadura
10194,Monroy,Cáceres,Extremadura
10195,Cáceres,Cáceres,Extremadura
10198,Santa Marta de Magasca,Cáceres,Extremadura
10199,Cáceres,Cáceres,Extremadura
10200,Trujillo,Cáceres,Extremadura
10210,Madroñera,Cáceres,Extremadura
10220,Trujillo,Cáceres,Extremadura
10230,Herguijuela,Cáceres,Extremadura
10240,Conquista de la Sierra,Cáceres,Extremadura
10250,Garciaz,Cáceres,Extremadura
10251,Aldeacentenera,Cáceres,Extremadura
10252,Torrecillas de la Tiesa,Cáceres,Extremadura
10260,Santa Cruz de la Sierra,Cáceres,Extremadura
10261,Puerto de Santa Cruz,Cáceres,Extremadura
10262,Abertura,Cáceres,Extremadura
10263,Villamesías,Cáceres,Extremadura
10269,Robledillo de Trujillo,Cáceres,Extremadura
10270,La Cumbre,Cáceres,Extremadura
10271,Plasenzuela,Cáceres,Extremadura
10272,Ruanes,Cáceres,Extremadura
10280,Ibahernando,Cáceres,Extremadura
10290,Trujillo,Cáceres,Extremadura
10291,Trujillo,Cáceres,Extremadura
10292,Trujillo,Cáceres,Extremadura
10300,Navalmoral de la Mata,Cáceres,Extremadura
10310,Talayuela,Cáceres,Extremadura
10317,Collado de la Vera,Cáceres,Extremadura
10318,Talayuela,Cáceres,Extremadura
10319,Talayuela,Cáceres,Extremadura
10320,Bohonal de Ibor,Cáceres,Extremadura
10328,Fresnedoso de Ibor,Cáceres,Extremadura
10329,Campillo de Deleitosa,Cáceres,Extremadura
10329,Mesas de Ibor,Cáceres,Extremadura
10329,Valdecañas de Tajo,Cáceres,Extremadura
10330,Villar del Pedroso,Cáceres,Extremadura
10331,Carrascalejo,Cáceres,Extremadura
10331,Villar del Pedroso,Cáceres,Extremadura
10332,Valdelacasa de Tajo,Cáceres,Extremadura
10333,Garvín,Cáceres,Extremadura
10334,Peraleda de San Román,Cáceres,Extremadura
10335,Peraleda de la Mata,Cáceres,Extremadura
10340,Castañar de Ibor,Cáceres,Extremadura
10341,Navalvillar de Ibor,Cáceres,Extremadura
10350,Almaraz,Cáceres,Extremadura
10359,Higuera de Albalat,Cáceres,Extremadura
10359,Romangordo,Cáceres,Extremadura
10360,Casas de Miravete,Cáceres,Extremadura
10370,Deleitosa,Cáceres,Extremadura
10371,Robledollano,Cáceres,Extremadura
10372,Cabañas del Castillo,Cáceres,Extremadura
10373,Cabañas del Castillo,Cáceres,Extremadura
10374,Navezuelas,Cáceres,Extremadura
10380,Jaraicejo,Cáceres,Extremadura
10390,Saucedilla,Cáceres,Extremadura
10391,Rosalejo,Cáceres,Extremadura
10392,Berrocalejo,Cáceres,Extremadura
10392,El Gordo,Cáceres,Extremadura
10393,Valdehúncar,Cáceres,Extremadura
10394,Belvís de Monroy,Cáceres,Extremadura
10394,Millanes,Cáceres,Extremadura
10400,Jaraíz de la Vera,Cáceres,Extremadura
10410,Arroyomolinos de la Vera,Cáceres,Extremadura
10411,Pasarón de la Vera,Cáceres,Extremadura
10412,Garganta la Olla,Cáceres,Extremadura
10413,Torremenga,Cáceres,Extremadura
10414,Collado de la Vera,Cáceres,Extremadura
10420,Tejeda de Tiétar,Cáceres,Extremadura
10430,Cuacos de Yuste,Cáceres,Extremadura
10440,Aldeanueva de la Vera,Cáceres,Extremadura
10450,Jarandilla de la Vera,Cáceres,Extremadura
10459,Guijo de Santa Bárbara,Cáceres,Extremadura
10460,Losar de la Vera,Cáceres,Extremadura
10470,Villanueva de la Vera,Cáceres,Extremadura
10480,Madrigal de la Vera,Cáceres,Extremadura
10490,Valverde de la Vera,Cáceres,Extremadura
10491,Talaveruela de la Vera,Cáceres,Extremadura
10492,Viandar de la Vera,Cáceres,Extremadura
10493,Robledillo de la Vera,Cáceres,Extremadura
10500,Valencia de Alcántara,Cáceres,Extremadura
10510,Santiago de Alcántara,Cáceres,Extremadura
10511,Carbajo,Cáceres,Extremadura
10512,Herrera de Alcántara,Cáceres,Extremadura
10513,Cedillo,Cáceres,Extremadura
10514,Valencia de Alcántara,Cáceres,Extremadura
10515,Valencia de Alcántara,Cáceres,Extremadura
10516,Valencia de Alcántara,Cáceres,Extremadura
10519,Valencia de Alcántara,Cáceres,Extremadura
10520,Casatejada,Cáceres,Extremadura
10521,Toril,Cáceres,Extremadura
10528,Serrejón,Cáceres,Extremadura
10529,Majadas,Cáceres,Extremadura
10530,Serradilla,Cáceres,Extremadura
10540,Mirabel,Cáceres,Extremadura
10550,Aliseda,Cáceres,Extremadura
10560,Herreruela,Cáceres,Extremadura
10570,Salorino,Cáceres,Extremadura
10580,Membrío,Cáceres,Extremadura
10590,Malpartida de Plasencia,Cáceres,Extremadura
10591,Malpartida de Plasencia,Cáceres,Extremadura
10591,Toril,Cáceres,Extremadura
10592,Casas de Millán,Cáceres,Extremadura
10600,Plasencia,Cáceres,Extremadura
10610,Cabezuela del Valle,Cáceres,Extremadura
10611,Tornavacas,Cáceres,Extremadura
10612,Jerte,Cáceres,Extremadura
10613,Navaconcejo,Cáceres,Extremadura
10614,Valdastillas,Cáceres,Extremadura
10615,Piornal,Cáceres,Extremadura
10616,Cabrero,Cáceres,Extremadura
10616,Casas del Castañar,Cáceres,Extremadura
10617,Rebollar,Cáceres,Extremadura
10617,El Torno,Cáceres,Extremadura
10620,Caminomorisco,Cáceres,Extremadura
10623,Caminomorisco,Cáceres,Extremadura
10623,Nuñomoral,Cáceres,Extremadura
10624,Caminomorisco,Cáceres,Extremadura
10624,Ladrillar,Cáceres,Extremadura
10625,Ladrillar,Cáceres,Extremadura
10626,Nuñomoral,Cáceres,Extremadura
10627,Nuñomoral,Cáceres,Extremadura
10628,Casares de las Hurdes,Cáceres,Extremadura
10628,Nuñomoral,Cáceres,Extremadura
10629,Caminomorisco,Cáceres,Extremadura
10629,Nuñomoral,Cáceres,Extremadura
10630,Casar de Palomero,Cáceres,Extremadura
10630,Pinofranqueado,Cáceres,Extremadura
10638,Pinofranqueado,Cáceres,Extremadura
10639,Pinofranqueado,Cáceres,Extremadura
10640,Casar de Palomero,Cáceres,Extremadura
10649,Casar de Palomero,Cáceres,Extremadura
10649,La Pesga,Cáceres,Extremadura
10650,Ahigal,Cáceres,Extremadura
10660,Palomero,Cáceres,Extremadura
10661,Santa Cruz de Paniagua,Cáceres,Extremadura
10662,Marchagaz,Cáceres,Extremadura
10663,Cerezo,Cáceres,Extremadura
10664,Mohedas de Granadilla,Cáceres,Extremadura
10665,Guijo de Granadilla,Cáceres,Extremadura
10666,Aceituna,Cáceres,Extremadura
10666,Santibáñez el Bajo,Cáceres,Extremadura
10667,Oliva de Plasencia,Cáceres,Extremadura
10670,Carcaboso,Cáceres,Extremadura
10671,Aldehuela del Jerte,Cáceres,Extremadura
10671,Carcaboso,Cáceres,Extremadura
10671,Plasencia,Cáceres,Extremadura
10672,Valdeobispo,Cáceres,Extremadura
10680,Malpartida de Plasencia,Cáceres,Extremadura
10690,Galisteo,Cáceres,Extremadura
10690,Plasencia,Cáceres,Extremadura
10690,Alagón del Río,Cáceres,Extremadura
10691,Galisteo,Cáceres,Extremadura
10692,Guijo de Galisteo,Cáceres,Extremadura
10693,Riolobos,Cáceres,Extremadura
10694,Torrejón el Rubio,Cáceres,Extremadura
10695,Serradilla,Cáceres,Extremadura
10696,Barrado,Cáceres,Extremadura
10696,Gargüera,Cáceres,Extremadura
10697,Malpartida de Plasencia,Cáceres,Extremadura
10697,Tejeda de Tiétar,Cáceres,Extremadura
10700,Hervás,Cáceres,Extremadura
10710,Zarza de Granadilla,Cáceres,Extremadura
10711,La Granja,Cáceres,Extremadura
10712,Guijo de Granadilla,Cáceres,Extremadura
10720,Villar de Plasencia,Cáceres,Extremadura
10728,Jarilla,Cáceres,Extremadura
10729,Cabezabellosa,Cáceres,Extremadura
10730,Casas del Monte,Cáceres,Extremadura
10739,Segura de Toro,Cáceres,Extremadura
10740,Aldeanueva del Camino,Cáceres,Extremadura
10748,Abadía,Cáceres,Extremadura
10749,Gargantilla,Cáceres,Extremadura
10750,Baños de Montemayor,Cáceres,Extremadura
10759,La Garganta,Cáceres,Extremadura
10800,Coria,Cáceres,Extremadura
10810,Montehermoso,Cáceres,Extremadura
10811,Coria,Cáceres,Extremadura
10811,Guijo de Galisteo,Cáceres,Extremadura
10811,Montehermoso,Cáceres,Extremadura
10811,Morcillo,Cáceres,Extremadura
10812,Villanueva de la Sierra,Cáceres,Extremadura
10813,Pozuelo de Zarzón,Cáceres,Extremadura
10814,Villa del Campo,Cáceres,Extremadura
10815,Guijo de Coria,Cáceres,Extremadura
10816,Guijo de Galisteo,Cáceres,Extremadura
10817,Calzadilla,Cáceres,Extremadura
10818,Casas de Don Gómez,Cáceres,Extremadura
10818,Casillas de Coria,Cáceres,Extremadura
10820,Cañaveral,Cáceres,Extremadura
10828,Portezuelo,Cáceres,Extremadura
10829,Cañaveral,Cáceres,Extremadura
10829,Holguera,Cáceres,Extremadura
10829,Pedroso de Acim,Cáceres,Extremadura
10829,Riolobos,Cáceres,Extremadura
10830,Torrejoncillo,Cáceres,Extremadura
10839,Torrejoncillo,Cáceres,Extremadura
10840,Moraleja,Cáceres,Extremadura
10848,Vegaviana,Cáceres,Extremadura
10849,Gata,Cáceres,Extremadura
10849,Huélaga,Cáceres,Extremadura
10850,Hoyos,Cáceres,Extremadura
10857,Acebo,Cáceres,Extremadura
10858,Villasbuenas de Gata,Cáceres,Extremadura
10859,Santibáñez el Alto,Cáceres,Extremadura
10860,Gata,Cáceres,Extremadura
10864,Torre de Don Miguel,Cáceres,Extremadura
10865,Cadalso,Cáceres,Extremadura
10866,Descargamaría,Cáceres,Extremadura
10867,Robledillo de Gata,Cáceres,Extremadura
10868,Hernán-Pérez,Cáceres,Extremadura
10869,Torrecilla de los Ángeles,Cáceres,Extremadura
10870,Ceclavín,Cáceres,Extremadura
10879,Acehúche,Cáceres,Extremadura
10880,Zarza la Mayor,Cáceres,Extremadura
10881,Cachorrilla,Cáceres,Extremadura
10882,Pescueza,Cáceres,Extremadura
10883,Portaje,Cáceres,Extremadura
10890,Valverde del Fresno,Cáceres,Extremadura
10891,Eljas,Cáceres,Extremadura
10892,San Martín de Trevejo,Cáceres,Extremadura
10893,Villamiel,Cáceres,Extremadura
10894,Villamiel,Cáceres,Extremadura
10895,Cilleros,Cáceres,Extremadura
10896,Perales del Puerto,Cáceres,Extremadura
10900,Arroyo de la Luz,Cáceres,Extremadura
10910,Cáceres,Cáceres,Extremadura
10910,Malpartida de Cáceres,Cáceres,Extremadura
10930,Navas del Madroño,Cáceres,Extremadura
10940,Garrovillas de Alconétar,Cáceres,Extremadura
10950,Brozas,Cáceres,Extremadura
10960,Villa del Rey,Cáceres,Extremadura
10970,Mata de Alcántara,Cáceres,Extremadura
10980,Alcántara,Cáceres,Extremadura
10990,Alcántara,Cáceres,Extremadura
10991,Piedras Albas,Cáceres,Extremadura
11001,Cádiz,Cádiz,Andalucía
11002,Cádiz,Cádiz,Andalucía
11003,Cádiz,Cádiz,Andalucía
11004,Cádiz,Cádiz,Andalucía
11005,Cádiz,Cádiz,Andalucía
11006,Cádiz,Cádiz,Andalucía
11007,Cádiz,Cádiz,Andalucía
11008,Cádiz,Cádiz,Andalucía
11009,Cádiz,Cádiz,Andalucía
11010,Cádiz,Cádiz,Andalucía
11011,Cádiz,Cádiz,Andalucía
11012,Cádiz,Cádiz,Andalucía
11100,Puerto Real,Cádiz,Andalucía
11100,San Fernando,Cádiz,Andalucía
11110,San Fernando,Cádiz,Andalucía
11120,San Fernando,Cádiz,Andalucía
11130,Chiclana de la Frontera,Cádiz,Andalucía
11138,Chiclana de la Frontera,Cádiz,Andalucía
11138,Puerto Real,Cádiz,Andalucía
11139,Chiclana de la Frontera,Cádiz,Andalucía
11140,Conil de la Frontera,Cádiz,Andalucía
11149,Conil de la Frontera,Cádiz,Andalucía
11150,Barbate,Cádiz,Andalucía
11150,Vejer de la Frontera,Cádiz,Andalucía
11158,Vejer de la Frontera,Cádiz,Andalucía
11159,Barbate,Cádiz,Andalucía
11159,Vejer de la Frontera,Cádiz,Andalucía
11160,Barbate,Cádiz,Andalucía
11170,Medina Sidonia,Cádiz,Andalucía
11178,Paterna de Rivera,Cádiz,Andalucía
11179,Medina Sidonia,Cádiz,Andalucía
11179,Vejer de la Frontera,Cádiz,Andalucía
11180,Alcalá de los Gazules,Cádiz,Andalucía
11190,Benalup-Casas Viejas,Cádiz,Andalucía
11201,Algeciras,Cádiz,Andalucía
11202,Algeciras,Cádiz,Andalucía
11203,Algeciras,Cádiz,Andalucía
11204,Algeciras,Cádiz,Andalucía
11205,Algeciras,Cádiz,Andalucía
11206,Algeciras,Cádiz,Andalucía
11207,Algeciras,Cádiz,Andalucía
11300,La Línea de la Concepción,Cádiz,Andalucía
11310,San Roque,Cádiz,Andalucía
11311,San Roque,Cádiz,Andalucía
11312,San Roque,Cádiz,Andalucía
11313,San Roque,Cádiz,Andalucía
11314,San Roque,Cádiz,Andalucía
11315,La Línea de la Concepción,Cádiz,Andalucía
11316,San Roque,Cádiz,Andalucía
11320,Jimena de la Frontera,Cádiz,Andalucía
11330,Jimena de la Frontera,Cádiz,Andalucía
11339,Jimena de la Frontera,Cádiz,Andalucía
11340,Jimena de la Frontera,Cádiz,Andalucía
11349,Jimena de la Frontera,Cádiz,Andalucía
11350,Castellar de la Frontera,Cádiz,Andalucía
11351,Castellar de la Frontera,Cádiz,Andalucía
11360,San Roque,Cádiz,Andalucía
11368,San Roque,Cádiz,Andalucía
11369,San Roque,Cádiz,Andalucía
11370,Los Barrios,Cádiz,Andalucía
11379,Los Barrios,Cádiz,Andalucía
11380,Tarifa,Cádiz,Andalucía
11390,Algeciras,Cádiz,Andalucía
11390,Tarifa,Cádiz,Andalucía
11391,Tarifa,Cádiz,Andalucía
11392,Tarifa,Cádiz,Andalucía
11393,Barbate,Cádiz,Andalucía
11393,Tarifa,Cádiz,Andalucía
11400,Jerez de la Frontera,Cádiz,Andalucía
11401,Jerez de la Frontera,Cádiz,Andalucía
11402,Jerez de la Frontera,Cádiz,Andalucía
11403,Jerez de la Frontera,Cádiz,Andalucía
11404,Jerez de la Frontera,Cádiz,Andalucía
11405,Jerez de la Frontera,Cádiz,Andalucía
11406,Jerez de la Frontera,Cádiz,Andalucía
11407,Jerez de la Frontera,Cádiz,Andalucía
11408,Jerez de la Frontera,Cádiz,Andalucía
11500,El Puerto de Santa María,Cádiz,Andalucía
11510,Puerto Real,Cádiz,Andalucía
11518,Puerto Real,Cádiz,Andalucía
11519,Puerto Real,Cádiz,Andalucía
11520,Rota,Cádiz,Andalucía
11530,El Puerto de Santa María,Cádiz,Andalucía
11530,Rota,Cádiz,Andalucía
11540,Sanlúcar de Barrameda,Cádiz,Andalucía
11549,Sanlúcar de Barrameda,Cádiz,Andalucía
11550,Chipiona,Cádiz,Andalucía
11560,Trebujena,Cádiz,Andalucía
11570,Jerez de la Frontera,Cádiz,Andalucía
11579,Jerez de la Frontera,Cádiz,Andalucía
11580,Jerez de la Frontera,Cádiz,Andalucía
11580,San José del Valle,Cádiz,Andalucía
11590,Jerez de la Frontera,Cádiz,Andalucía
11591,Jerez de la Frontera,Cádiz,Andalucía
11592,Jerez de la Frontera,Cádiz,Andalucía
11593,Jerez de la Frontera,Cádiz,Andalucía
11594,Jerez de la Frontera,Cádiz,Andalucía
11595,Jerez de la Frontera,Cádiz,Andalucía
11596,Jerez de la Frontera,Cádiz,Andalucía
11600,Ubrique,Cádiz,Andalucía
11610,Grazalema,Cádiz,Andalucía
11611,Villaluenga del Rosario,Cádiz,Andalucía
11612,Benaocaz,Cádiz,Andalucía
11620,Arcos de la Frontera,Cádiz,Andalucía
11630,Arcos de la Frontera,Cádiz,Andalucía
11638,Arcos de la Frontera,Cádiz,Andalucía
11639,Algar,Cádiz,Andalucía
11639,Arcos de la Frontera,Cádiz,Andalucía
11639,Jerez de la Frontera,Cádiz,Andalucía
11640,Bornos,Cádiz,Andalucía
11648,Espera,Cádiz,Andalucía
11649,Bornos,Cádiz,Andalucía
11650,Villamartín,Cádiz,Andalucía
11659,Puerto Serrano,Cádiz,Andalucía
11660,Prado del Rey,Cádiz,Andalucía
11670,El Bosque,Cádiz,Andalucía
11679,Grazalema,Cádiz,Andalucía
11680,Algodonales,Cádiz,Andalucía
11687,El Gastor,Cádiz,Andalucía
11688,El Gastor,Cádiz,Andalucía
11688,Zahara,Cádiz,Andalucía
11689,Algodonales,Cádiz,Andalucía
11690,Olvera,Cádiz,Andalucía
11691,Torre Alháquime,Cádiz,Andalucía
11692,Setenil de las Bodegas,Cádiz,Andalucía
11693,Alcalá del Valle,Cádiz,Andalucía
12001,Castelló de la Plana/Castellón de la Plana,Castellón,Comunitat Valenciana
12002,Castelló de la Plana/Castellón de la Plana,Castellón,Comunitat Valenciana
12003,Castelló de la Plana/Castellón de la Plana,Castellón,Comunitat Valenciana
12004,Castelló de la Plana/Castellón de la Plana,Castellón,Comunitat Valenciana
12005,Castelló de la Plana/Castellón de la Plana,Castellón,Comunitat Valenciana
12006,Castelló de la Plana/Castellón de la Plana,Castellón,Comunitat Valenciana
12100,Castelló de la Plana/Castellón de la Plana,Castellón,Comunitat Valenciana
12110,l'Alcora,Castellón,Comunitat Valenciana
12118,"Useres, les/Useras",Castellón,Comunitat Valenciana
12119,l'Alcora,Castellón,Comunitat Valenciana
12119,Costur,Castellón,Comunitat Valenciana
12120,Llucena/Lucena del Cid,Castellón,Comunitat Valenciana
12121,l'Alcora,Castellón,Comunitat Valenciana
12122,Figueroles,Castellón,Comunitat Valenciana
12123,Castillo de Villamalefa,Castellón,Comunitat Valenciana
12123,Ludiente,Castellón,Comunitat Valenciana
12124,Villahermosa del Río,Castellón,Comunitat Valenciana
12125,Zucaina,Castellón,Comunitat Valenciana
12126,Cortes de Arenoso,Castellón,Comunitat Valenciana
12127,Cortes de Arenoso,Castellón,Comunitat Valenciana
12130,Sant Joan de Moró,Castellón,Comunitat Valenciana
12131,"Useres, les/Useras",Castellón,Comunitat Valenciana
12132,Atzeneta del Maestrat,Castellón,Comunitat Valenciana
12133,Atzeneta del Maestrat,Castellón,Comunitat Valenciana
12134,Benafigos,Castellón,Comunitat Valenciana
12134,Xodos/Chodos,Castellón,Comunitat Valenciana
12135,Vistabella del Maestrat,Castellón,Comunitat Valenciana
12140,Albocàsser,Castellón,Comunitat Valenciana
12150,Vilafranca/Villafranca del Cid,Castellón,Comunitat Valenciana
12159,Castellfort,Castellón,Comunitat Valenciana
12160,Benassal,Castellón,Comunitat Valenciana
12161,la Torre d'en Besora,Castellón,Comunitat Valenciana
12162,Vilar de Canes,Castellón,Comunitat Valenciana
12163,Culla,Castellón,Comunitat Valenciana
12164,Sierra Engarcerán,Castellón,Comunitat Valenciana
12165,Ares del Maestrat,Castellón,Comunitat Valenciana
12166,Sierra Engarcerán,Castellón,Comunitat Valenciana
12170,Sant Mateu,Castellón,Comunitat Valenciana
12179,Tírig,Castellón,Comunitat Valenciana
12180,Cabanes,Castellón,Comunitat Valenciana
12181,Benlloc,Castellón,Comunitat Valenciana
12182,Sierra Engarcerán,Castellón,Comunitat Valenciana
12183,Vilanova d'Alcolea,Castellón,Comunitat Valenciana
12184,la Serratella,Castellón,Comunitat Valenciana
12184,la Torre d'en Doménec,Castellón,Comunitat Valenciana
12185,les Coves de Vinromà,Castellón,Comunitat Valenciana
12186,la Salzadella,Castellón,Comunitat Valenciana
12190,Borriol,Castellón,Comunitat Valenciana
12191,la Pobla Tornesa,Castellón,Comunitat Valenciana
12192,Vilafamés,Castellón,Comunitat Valenciana
12193,Vall d'Alba,Castellón,Comunitat Valenciana
12194,Vall d'Alba,Castellón,Comunitat Valenciana
12200,Onda,Castellón,Comunitat Valenciana
12210,Ribesalbes,Castellón,Comunitat Valenciana
12220,Onda,Castellón,Comunitat Valenciana
12221,Tales,Castellón,Comunitat Valenciana
12222,Aín,Castellón,Comunitat Valenciana
12222,Alcudia de Veo,Castellón,Comunitat Valenciana
12223,Suera/Sueras,Castellón,Comunitat Valenciana
12224,Ayódar,Castellón,Comunitat Valenciana
12224,Villamalur,Castellón,Comunitat Valenciana
12225,Fuentes de Ayódar,Castellón,Comunitat Valenciana
12225,Torralba del Pinar,Castellón,Comunitat Valenciana
12230,Argelita,Castellón,Comunitat Valenciana
12230,Espadilla,Castellón,Comunitat Valenciana
12230,Fanzara,Castellón,Comunitat Valenciana
12230,Toga,Castellón,Comunitat Valenciana
12230,Vallat,Castellón,Comunitat Valenciana
12231,Cirat,Castellón,Comunitat Valenciana
12232,Arañuel,Castellón,Comunitat Valenciana
12232,Cirat,Castellón,Comunitat Valenciana
12232,Torrechiva,Castellón,Comunitat Valenciana
12300,Morella,Castellón,Comunitat Valenciana
12310,Forcall,Castellón,Comunitat Valenciana
12311,Morella,Castellón,Comunitat Valenciana
12311,Palanques,Castellón,Comunitat Valenciana
12311,Villores,Castellón,Comunitat Valenciana
12311,Zorita del Maestrazgo,Castellón,Comunitat Valenciana
12312,la Mata de Morella,Castellón,Comunitat Valenciana
12312,Olocau del Rey,Castellón,Comunitat Valenciana
12312,Todolella,Castellón,Comunitat Valenciana
12313,Morella,Castellón,Comunitat Valenciana
12314,Morella,Castellón,Comunitat Valenciana
12315,Vallibona,Castellón,Comunitat Valenciana
12316,Morella,Castellón,Comunitat Valenciana
12317,Herbers,Castellón,Comunitat Valenciana
12318,Cinctorres,Castellón,Comunitat Valenciana
12318,Portell de Morella,Castellón,Comunitat Valenciana
12319,Castell de Cabres,Castellón,Comunitat Valenciana
12319,Morella,Castellón,Comunitat Valenciana
12320,Sant Jordi/San Jorge,Castellón,Comunitat Valenciana
12330,Traiguera,Castellón,Comunitat Valenciana
12340,la Jana,Castellón,Comunitat Valenciana
12350,Canet lo Roig,Castellón,Comunitat Valenciana
12360,Xert,Castellón,Comunitat Valenciana
12370,Xert,Castellón,Comunitat Valenciana
12400,Segorbe,Castellón,Comunitat Valenciana
12410,Altura,Castellón,Comunitat Valenciana
12412,Geldo,Castellón,Comunitat Valenciana
12412,Segorbe,Castellón,Comunitat Valenciana
12413,Almedíjar,Castellón,Comunitat Valenciana
12413,Castellnovo,Castellón,Comunitat Valenciana
12414,Algimia de Almonacid,Castellón,Comunitat Valenciana
12414,Segorbe,Castellón,Comunitat Valenciana
12414,Vall de Almonacid,Castellón,Comunitat Valenciana
12415,Gaibiel,Castellón,Comunitat Valenciana
12415,Matet,Castellón,Comunitat Valenciana
12420,Barracas,Castellón,Comunitat Valenciana
12428,Fuente la Reina,Castellón,Comunitat Valenciana
12428,Puebla de Arenoso,Castellón,Comunitat Valenciana
12428,Villanueva de Viver,Castellón,Comunitat Valenciana
12429,Pina de Montalgrao,Castellón,Comunitat Valenciana
12429,El Toro,Castellón,Comunitat Valenciana
12430,Bejís,Castellón,Comunitat Valenciana
12431,Torás,Castellón,Comunitat Valenciana
12440,Caudiel,Castellón,Comunitat Valenciana
12447,Montán,Castellón,Comunitat Valenciana
12448,Arañuel,Castellón,Comunitat Valenciana
12448,Montanejos,Castellón,Comunitat Valenciana
12449,Benafer,Castellón,Comunitat Valenciana
12449,Higueras,Castellón,Comunitat Valenciana
12449,Pavías,Castellón,Comunitat Valenciana
12450,Jérica,Castellón,Comunitat Valenciana
12460,Viver,Castellón,Comunitat Valenciana
12469,Bejís,Castellón,Comunitat Valenciana
12469,Sacañet,Castellón,Comunitat Valenciana
12469,Teresa,Castellón,Comunitat Valenciana
12469,Viver,Castellón,Comunitat Valenciana
12470,Navajas,Castellón,Comunitat Valenciana
12480,Soneja,Castellón,Comunitat Valenciana
12489,Sot de Ferrer,Castellón,Comunitat Valenciana
12490,Azuébar,Castellón,Comunitat Valenciana
12499,Chóvar,Castellón,Comunitat Valenciana
12500,Vinaròs,Castellón,Comunitat Valenciana
12510,San Rafael del Río,Castellón,Comunitat Valenciana
12511,Rossell,Castellón,Comunitat Valenciana
12512,Rossell,Castellón,Comunitat Valenciana
12513,Catí,Castellón,Comunitat Valenciana
12513,Morella,Castellón,Comunitat Valenciana
12520,Nules,Castellón,Comunitat Valenciana
12526,la Vilavella,Castellón,Comunitat Valenciana
12527,Artana,Castellón,Comunitat Valenciana
12528,Eslida,Castellón,Comunitat Valenciana
12529,Nules,Castellón,Comunitat Valenciana
12530,Borriana/Burriana,Castellón,Comunitat Valenciana
12539,"Alqueries, les/Alquerías del Niño Perdido",Castellón,Comunitat Valenciana
12540,Vila-real,Castellón,Comunitat Valenciana
12549,Betxí,Castellón,Comunitat Valenciana
12549,Onda,Castellón,Comunitat Valenciana
12550,Almassora,Castellón,Comunitat Valenciana
12560,Benicàssim/Benicasim,Castellón,Comunitat Valenciana
12570,Alcalà de Xivert,Castellón,Comunitat Valenciana
12578,Cervera del Maestre,Castellón,Comunitat Valenciana
12579,Alcalà de Xivert,Castellón,Comunitat Valenciana
12580,Benicarló,Castellón,Comunitat Valenciana
12589,Càlig,Castellón,Comunitat Valenciana
12590,Almenara,Castellón,Comunitat Valenciana
12591,Almenara,Castellón,Comunitat Valenciana
12591,la Llosa,Castellón,Comunitat Valenciana
12592,Chilches/Xilxes,Castellón,Comunitat Valenciana
12593,Moncofa,Castellón,Comunitat Valenciana
12594,Orpesa/Oropesa del Mar,Castellón,Comunitat Valenciana
12595,Cabanes,Castellón,Comunitat Valenciana
12596,Torreblanca,Castellón,Comunitat Valenciana
12597,Santa Magdalena de Pulpis,Castellón,Comunitat Valenciana
12598,Peníscola/Peñíscola,Castellón,Comunitat Valenciana
12599,la Pobla de Benifassà,Castellón,Comunitat Valenciana
12599,Rossell,Castellón,Comunitat Valenciana
12600,la Vall d'Uixó,Castellón,Comunitat Valenciana
12609,Alfondeguilla,Castellón,Comunitat Valenciana
13001,Ciudad Real,Ciudad Real,Castilla-La Mancha
13002,Ciudad Real,Ciudad Real,Castilla-La Mancha
13003,Ciudad Real,Ciudad Real,Castilla-La Mancha
13004,Ciudad Real,Ciudad Real,Castilla-La Mancha
13005,Ciudad Real,Ciudad Real,Castilla-La Mancha
13100,Piedrabuena,Ciudad Real,Castilla-La Mancha
13107,Alcolea de Calatrava,Ciudad Real,Castilla-La Mancha
13108,Luciana,Ciudad Real,Castilla-La Mancha
13109,Puebla de Don Rodrigo,Ciudad Real,Castilla-La Mancha
13110,Helechosa de los Montes,Badajoz,Extremadura
13110,Horcajo de los Montes,Ciudad Real,Castilla-La Mancha
13113,Piedrabuena,Ciudad Real,Castilla-La Mancha
13114,El Robledo,Ciudad Real,Castilla-La Mancha
13115,Alcoba,Ciudad Real,Castilla-La Mancha
13116,Alcoba,Ciudad Real,Castilla-La Mancha
13117,Anchuras,Ciudad Real,Castilla-La Mancha
13118,Anchuras,Ciudad Real,Castilla-La Mancha
13120,Porzuna,Ciudad Real,Castilla-La Mancha
13128,Porzuna,Ciudad Real,Castilla-La Mancha
13129,Malagón,Ciudad Real,Castilla-La Mancha
13129,Porzuna,Ciudad Real,Castilla-La Mancha
13130,Fuencaliente,Ciudad Real,Castilla-La Mancha
13140,Fernán Caballero,Ciudad Real,Castilla-La Mancha
13140,Miguelturra,Ciudad Real,Castilla-La Mancha
13150,Carrión de Calatrava,Ciudad Real,Castilla-La Mancha
13160,Torralba de Calatrava,Ciudad Real,Castilla-La Mancha
13170,Miguelturra,Ciudad Real,Castilla-La Mancha
13179,Pozuelo de Calatrava,Ciudad Real,Castilla-La Mancha
13180,Abenójar,Ciudad Real,Castilla-La Mancha
13189,Almodóvar del Campo,Ciudad Real,Castilla-La Mancha
13190,Corral de Calatrava,Ciudad Real,Castilla-La Mancha
13191,Los Pozuelos de Calatrava,Ciudad Real,Castilla-La Mancha
13192,Almodóvar del Campo,Ciudad Real,Castilla-La Mancha
13192,Cabezarados,Ciudad Real,Castilla-La Mancha
13193,Arroba de los Montes,Ciudad Real,Castilla-La Mancha
13193,Fontanarejo,Ciudad Real,Castilla-La Mancha
13193,Navalpino,Ciudad Real,Castilla-La Mancha
13194,Navas de Estena,Ciudad Real,Castilla-La Mancha
13194,Porzuna,Ciudad Real,Castilla-La Mancha
13194,Retuerta del Bullaque,Ciudad Real,Castilla-La Mancha
13195,Ciudad Real,Ciudad Real,Castilla-La Mancha
13195,Poblete,Ciudad Real,Castilla-La Mancha
13196,Ciudad Real,Ciudad Real,Castilla-La Mancha
13196,Picón,Ciudad Real,Castilla-La Mancha
13200,Manzanares,Ciudad Real,Castilla-La Mancha
13210,Villarta de San Juan,Ciudad Real,Castilla-La Mancha
13220,Llanos del Caudillo,Ciudad Real,Castilla-La Mancha
13230,Membrilla,Ciudad Real,Castilla-La Mancha
13240,La Solana,Ciudad Real,Castilla-La Mancha
13247,San Carlos del Valle,Ciudad Real,Castilla-La Mancha
13248,Alhambra,Ciudad Real,Castilla-La Mancha
13249,Ossa de Montiel,Albacete,Castilla-La Mancha
13249,Ruidera,Ciudad Real,Castilla-La Mancha
13250,Daimiel,Ciudad Real,Castilla-La Mancha
13260,Bolaños de Calatrava,Ciudad Real,Castilla-La Mancha
13270,Almagro,Ciudad Real,Castilla-La Mancha
13279,Valenzuela de Calatrava,Ciudad Real,Castilla-La Mancha
13300,Valdepeñas,Ciudad Real,Castilla-La Mancha
13310,Valdepeñas,Ciudad Real,Castilla-La Mancha
13320,Villanueva de los Infantes,Ciudad Real,Castilla-La Mancha
13326,Montiel,Ciudad Real,Castilla-La Mancha
13327,Santa Cruz de los Cáñamos,Ciudad Real,Castilla-La Mancha
13328,Almedina,Ciudad Real,Castilla-La Mancha
13329,Carrizosa,Ciudad Real,Castilla-La Mancha
13330,Villanueva de la Fuente,Ciudad Real,Castilla-La Mancha
13331,Villahermosa,Ciudad Real,Castilla-La Mancha
13332,Villahermosa,Ciudad Real,Castilla-La Mancha
13333,Fuenllana,Ciudad Real,Castilla-La Mancha
13340,Albaladejo,Ciudad Real,Castilla-La Mancha
13341,Terrinches,Ciudad Real,Castilla-La Mancha
13342,Puebla del Príncipe,Ciudad Real,Castilla-La Mancha
13343,Villamanrique,Ciudad Real,Castilla-La Mancha
13344,Torre de Juan Abad,Ciudad Real,Castilla-La Mancha
13345,Cózar,Ciudad Real,Castilla-La Mancha
13350,Moral de Calatrava,Ciudad Real,Castilla-La Mancha
13360,Granátula de Calatrava,Ciudad Real,Castilla-La Mancha
13370,Calzada de Calatrava,Ciudad Real,Castilla-La Mancha
13379,Villanueva de San Carlos,Ciudad Real,Castilla-La Mancha
13380,Aldea del Rey,Ciudad Real,Castilla-La Mancha
13390,Alhambra,Ciudad Real,Castilla-La Mancha
13391,Alcubillas,Ciudad Real,Castilla-La Mancha
13400,Almadén,Ciudad Real,Castilla-La Mancha
13410,Agudo,Ciudad Real,Castilla-La Mancha
13411,Valdemanco del Esteras,Ciudad Real,Castilla-La Mancha
13412,Chillón,Ciudad Real,Castilla-La Mancha
13413,Alamillo,Ciudad Real,Castilla-La Mancha
13414,Almadenejos,Ciudad Real,Castilla-La Mancha
13414,Saceruela,Ciudad Real,Castilla-La Mancha
13415,Almodóvar del Campo,Ciudad Real,Castilla-La Mancha
13420,Malagón,Ciudad Real,Castilla-La Mancha
13427,Los Cortijos,Ciudad Real,Castilla-La Mancha
13428,Fuente el Fresno,Ciudad Real,Castilla-La Mancha
13428,Malagón,Ciudad Real,Castilla-La Mancha
13429,Malagón,Ciudad Real,Castilla-La Mancha
13430,Cañada de Calatrava,Ciudad Real,Castilla-La Mancha
13431,Villar del Pozo,Ciudad Real,Castilla-La Mancha
13432,Ballesteros de Calatrava,Ciudad Real,Castilla-La Mancha
13433,Caracuel de Calatrava,Ciudad Real,Castilla-La Mancha
13440,Argamasilla de Calatrava,Ciudad Real,Castilla-La Mancha
13450,Brazatortas,Ciudad Real,Castilla-La Mancha
13459,Almodóvar del Campo,Ciudad Real,Castilla-La Mancha
13460,Almodóvar del Campo,Ciudad Real,Castilla-La Mancha
13470,Brazatortas,Ciudad Real,Castilla-La Mancha
13473,Almodóvar del Campo,Ciudad Real,Castilla-La Mancha
13480,Almadenejos,Ciudad Real,Castilla-La Mancha
13490,Guadalmez,Ciudad Real,Castilla-La Mancha
13500,Puertollano,Ciudad Real,Castilla-La Mancha
13580,Almodóvar del Campo,Ciudad Real,Castilla-La Mancha
13590,Hinojosas de Calatrava,Ciudad Real,Castilla-La Mancha
13591,Cabezarrubias del Puerto,Ciudad Real,Castilla-La Mancha
13592,Mestanza,Ciudad Real,Castilla-La Mancha
13593,Solana del Pino,Ciudad Real,Castilla-La Mancha
13594,Mestanza,Ciudad Real,Castilla-La Mancha
13595,Villamayor de Calatrava,Ciudad Real,Castilla-La Mancha
13596,Almodóvar del Campo,Ciudad Real,Castilla-La Mancha
13597,Puertollano,Ciudad Real,Castilla-La Mancha
13598,Almodóvar del Campo,Ciudad Real,Castilla-La Mancha
13600,Alcázar de San Juan,Ciudad Real,Castilla-La Mancha
13610,Campo de Criptana,Ciudad Real,Castilla-La Mancha
13619,Arenales de San Gregorio,Ciudad Real,Castilla-La Mancha
13620,Pedro Muñoz,Ciudad Real,Castilla-La Mancha
13620,Tomelloso,Ciudad Real,Castilla-La Mancha
13630,Socuéllamos,Ciudad Real,Castilla-La Mancha
13640,Herencia,Ciudad Real,Castilla-La Mancha
13650,Puerto Lápice,Ciudad Real,Castilla-La Mancha
13660,Las Labores,Ciudad Real,Castilla-La Mancha
13670,Villarrubia de los Ojos,Ciudad Real,Castilla-La Mancha
13679,Arenas de San Juan,Ciudad Real,Castilla-La Mancha
13680,Fuente el Fresno,Ciudad Real,Castilla-La Mancha
13690,Alcázar de San Juan,Ciudad Real,Castilla-La Mancha
13700,Tomelloso,Ciudad Real,Castilla-La Mancha
13710,Argamasilla de Alba,Ciudad Real,Castilla-La Mancha
13720,Alcázar de San Juan,Ciudad Real,Castilla-La Mancha
13730,Santa Cruz de Mudela,Ciudad Real,Castilla-La Mancha
13739,Calzada de Calatrava,Ciudad Real,Castilla-La Mancha
13739,Viso del Marqués,Ciudad Real,Castilla-La Mancha
13740,Torrenueva,Ciudad Real,Castilla-La Mancha
13750,Castellar de Santiago,Ciudad Real,Castilla-La Mancha
13760,Almuradiel,Ciudad Real,Castilla-La Mancha
13768,Almuradiel,Ciudad Real,Castilla-La Mancha
13770,Viso del Marqués,Ciudad Real,Castilla-La Mancha
13779,Calzada de Calatrava,Ciudad Real,Castilla-La Mancha
13779,San Lorenzo de Calatrava,Ciudad Real,Castilla-La Mancha
14001,Córdoba,Córdoba,Andalucía
14002,Córdoba,Córdoba,Andalucía
14003,Córdoba,Córdoba,Andalucía
14004,Córdoba,Córdoba,Andalucía
14005,Córdoba,Córdoba,Andalucía
14006,Córdoba,Córdoba,Andalucía
14007,Córdoba,Córdoba,Andalucía
14008,Córdoba,Córdoba,Andalucía
14009,Córdoba,Córdoba,Andalucía
14010,Córdoba,Córdoba,Andalucía
14011,Córdoba,Córdoba,Andalucía
14012,Córdoba,Córdoba,Andalucía
14013,Córdoba,Córdoba,Andalucía
14014,Córdoba,Córdoba,Andalucía
14029,Córdoba,Córdoba,Andalucía
14100,La Carlota,Córdoba,Andalucía
14110,Fuente Palmera,Córdoba,Andalucía
14111,La Carlota,Córdoba,Andalucía
14112,Fuente Palmera,Córdoba,Andalucía
14113,Fuente Palmera,Córdoba,Andalucía
14115,Fuente Palmera,Córdoba,Andalucía
14120,Fuente Palmera,Córdoba,Andalucía
14129,Fuente Palmera,Córdoba,Andalucía
14129,Hornachuelos,Córdoba,Andalucía
14130,Guadalcázar,Córdoba,Andalucía
14140,La Victoria,Córdoba,Andalucía
14150,San Sebastián de los Ballesteros,Córdoba,Andalucía
14190,Córdoba,Córdoba,Andalucía
14191,La Carlota,Córdoba,Andalucía
14192,Córdoba,Córdoba,Andalucía
14193,Córdoba,Córdoba,Andalucía
14200,Peñarroya-Pueblonuevo,Córdoba,Andalucía
14206,Valsequillo,Córdoba,Andalucía
14207,La Granjuela,Córdoba,Andalucía
14208,Los Blázquez,Córdoba,Andalucía
14209,Belmez,Córdoba,Andalucía
14209,Fuente Obejuna,Córdoba,Andalucía
14210,Espiel,Córdoba,Andalucía
14210,Villaharta,Córdoba,Andalucía
14220,Espiel,Córdoba,Andalucía
14230,Villanueva del Rey,Córdoba,Andalucía
14240,Belmez,Córdoba,Andalucía
14249,Fuente Obejuna,Córdoba,Andalucía
14250,Villanueva del Duque,Córdoba,Andalucía
14260,Fuente la Lancha,Córdoba,Andalucía
14270,Hinojosa del Duque,Córdoba,Andalucía
14280,Belalcázar,Córdoba,Andalucía
14290,Fuente Obejuna,Córdoba,Andalucía
14297,Fuente Obejuna,Córdoba,Andalucía
14298,Fuente Obejuna,Córdoba,Andalucía
14299,Fuente Obejuna,Córdoba,Andalucía
14300,Villaviciosa de Córdoba,Córdoba,Andalucía
14310,Obejo,Córdoba,Andalucía
14320,Espiel,Córdoba,Andalucía
14320,Obejo,Córdoba,Andalucía
14320,Villaviciosa de Córdoba,Córdoba,Andalucía
14330,Córdoba,Córdoba,Andalucía
14350,Córdoba,Córdoba,Andalucía
14350,Obejo,Córdoba,Andalucía
14400,Pozoblanco,Córdoba,Andalucía
14410,Torrecampo,Córdoba,Andalucía
14412,Pedroche,Córdoba,Andalucía
14413,El Guijo,Córdoba,Andalucía
14420,Villafranca de Córdoba,Córdoba,Andalucía
14430,Adamuz,Córdoba,Andalucía
14439,Adamuz,Córdoba,Andalucía
14440,Villanueva de Córdoba,Córdoba,Andalucía
14445,Cardeña,Córdoba,Andalucía
14446,Cardeña,Córdoba,Andalucía
14447,Cardeña,Córdoba,Andalucía
14448,Conquista,Córdoba,Andalucía
14449,Almodóvar del Campo,Ciudad Real,Castilla-La Mancha
14449,Brazatortas,Ciudad Real,Castilla-La Mancha
14450,Añora,Córdoba,Andalucía
14460,Dos Torres,Córdoba,Andalucía
14470,El Viso,Córdoba,Andalucía
14480,Alcaracejos,Córdoba,Andalucía
14480,Villanueva del Duque,Córdoba,Andalucía
14490,Villaralto,Córdoba,Andalucía
14491,Santa Eufemia,Córdoba,Andalucía
14500,Puente Genil,Córdoba,Andalucía
14510,Moriles,Córdoba,Andalucía
14511,Lucena,Córdoba,Andalucía
14512,Puente Genil,Córdoba,Andalucía
14520,Fernán-Núñez,Córdoba,Andalucía
14530,Montemayor,Córdoba,Andalucía
14540,La Rambla,Córdoba,Andalucía
14546,Santaella,Córdoba,Andalucía
14547,Santaella,Córdoba,Andalucía
14548,Montalbán de Córdoba,Córdoba,Andalucía
14549,Santaella,Córdoba,Andalucía
14550,Castro del Río,Córdoba,Andalucía
14550,Montilla,Córdoba,Andalucía
14600,Montoro,Córdoba,Andalucía
14610,Córdoba,Córdoba,Andalucía
14620,El Carpio,Córdoba,Andalucía
14630,Pedro Abad,Córdoba,Andalucía
14640,Montoro,Córdoba,Andalucía
14640,Villa del Río,Córdoba,Andalucía
14650,Bujalance,Córdoba,Andalucía
14659,Bujalance,Córdoba,Andalucía
14660,Cañete de las Torres,Córdoba,Andalucía
14670,Valenzuela,Córdoba,Andalucía
14700,Palma del Río,Córdoba,Andalucía
14709,Hornachuelos,Córdoba,Andalucía
14710,Córdoba,Córdoba,Andalucía
14711,Córdoba,Córdoba,Andalucía
14719,Córdoba,Córdoba,Andalucía
14720,Almodóvar del Río,Córdoba,Andalucía
14729,Almodóvar del Río,Córdoba,Andalucía
14730,Posadas,Córdoba,Andalucía
14739,Posadas,Córdoba,Andalucía
14740,Hornachuelos,Córdoba,Andalucía
14749,Hornachuelos,Córdoba,Andalucía
14800,Priego de Córdoba,Córdoba,Andalucía
14810,Carcabuey,Córdoba,Andalucía
14811,Cabra,Córdoba,Andalucía
14811,Carcabuey,Córdoba,Andalucía
14811,Priego de Córdoba,Córdoba,Andalucía
14812,Almedinilla,Córdoba,Andalucía
14813,Almedinilla,Córdoba,Andalucía
14814,Priego de Córdoba,Córdoba,Andalucía
14815,Fuente-Tójar,Córdoba,Andalucía
14815,Priego de Córdoba,Córdoba,Andalucía
14816,Priego de Córdoba,Córdoba,Andalucía
14817,Priego de Córdoba,Córdoba,Andalucía
14820,Córdoba,Córdoba,Andalucía
14830,Espejo,Córdoba,Andalucía
14840,Castro del Río,Córdoba,Andalucía
14850,Baena,Córdoba,Andalucía
14850,Lucena,Córdoba,Andalucía
14857,Castro del Río,Córdoba,Andalucía
14857,Nueva Carteya,Córdoba,Andalucía
14858,Castro del Río,Córdoba,Andalucía
14859,Baena,Córdoba,Andalucía
14860,Doña Mencía,Córdoba,Andalucía
14870,Zuheros,Córdoba,Andalucía
14880,Luque,Córdoba,Andalucía
14900,Lucena,Córdoba,Andalucía
14910,Benamejí,Córdoba,Andalucía
14911,Lucena,Córdoba,Andalucía
14912,Encinas Reales,Córdoba,Andalucía
14913,Encinas Reales,Córdoba,Andalucía
14914,Palenciana,Córdoba,Andalucía
14915,Benamejí,Córdoba,Andalucía
14920,Aguilar de la Frontera,Córdoba,Andalucía
14930,Monturque,Córdoba,Andalucía
14940,Cabra,Córdoba,Andalucía
14940,Monturque,Córdoba,Andalucía
14950,Rute,Córdoba,Andalucía
14960,Rute,Córdoba,Andalucía
14970,Iznájar,Córdoba,Andalucía
14978,Iznájar,Córdoba,Andalucía
14979,Iznájar,Córdoba,Andalucía
14979,Rute,Córdoba,Andalucía
15001,A Coruña,A Coruña,Galicia
15002,A Coruña,A Coruña,Galicia
15003,A Coruña,A Coruña,Galicia
15004,A Coruña,A Coruña,Galicia
15005,A Coruña,A Coruña,Galicia
15006,A Coruña,A Coruña,Galicia
15007,A Coruña,A Coruña,Galicia
15008,A Coruña,A Coruña,Galicia
15009,A Coruña,A Coruña,Galicia
15010,A Coruña,A Coruña,Galicia
15011,A Coruña,A Coruña,Galicia
15100,Carballo,A Coruña,Galicia
15102,Carballo,A Coruña,Galicia
15105,Carballo,A Coruña,Galicia
15106,Carballo,A Coruña,Galicia
15107,Carballo,A Coruña,Galicia
15108,Carballo,A Coruña,Galicia
15109,Carballo,A Coruña,Galicia
15110,Cabana de Bergantiños,A Coruña,Galicia
15110,Ponteceso,A Coruña,Galicia
15111,Malpica de Bergantiños,A Coruña,Galicia
15112,Malpica de Bergantiños,A Coruña,Galicia
15113,Malpica de Bergantiños,A Coruña,Galicia
15114,Ponteceso,A Coruña,Galicia
15115,Cabana de Bergantiños,A Coruña,Galicia
15116,Cabana de Bergantiños,A Coruña,Galicia
15117,Laxe,A Coruña,Galicia
15118,Laxe,A Coruña,Galicia
15119,Cabana de Bergantiños,A Coruña,Galicia
15121,Camariñas,A Coruña,Galicia
15122,Camariñas,A Coruña,Galicia
15123,Camariñas,A Coruña,Galicia
15124,Muxía,A Coruña,Galicia
15125,Muxía,A Coruña,Galicia
15126,Vimianzo,A Coruña,Galicia
15127,Vimianzo,A Coruña,Galicia
15128,Vimianzo,A Coruña,Galicia
15129,Vimianzo,A Coruña,Galicia
15130,Corcubión,A Coruña,Galicia
15137,Corcubión,A Coruña,Galicia
15138,Cee,A Coruña,Galicia
15139,Culleredo,A Coruña,Galicia
15140,Arteixo,A Coruña,Galicia
15141,Arteixo,A Coruña,Galicia
15142,Arteixo,A Coruña,Galicia
15143,Arteixo,A Coruña,Galicia
15144,Arteixo,A Coruña,Galicia
15145,A Laracha,A Coruña,Galicia
15146,A Laracha,A Coruña,Galicia
15147,Coristanco,A Coruña,Galicia
15148,Coristanco,A Coruña,Galicia
15149,Cabana de Bergantiños,A Coruña,Galicia
15150,Vimianzo,A Coruña,Galicia
15150,Zas,A Coruña,Galicia
15151,Dumbría,A Coruña,Galicia
15152,Dumbría,A Coruña,Galicia
15153,Fisterra,A Coruña,Galicia
15154,Fisterra,A Coruña,Galicia
15155,Fisterra,A Coruña,Galicia
15160,Sada,A Coruña,Galicia
15165,Bergondo,A Coruña,Galicia
15166,Bergondo,A Coruña,Galicia
15167,Bergondo,A Coruña,Galicia
15168,Sada,A Coruña,Galicia
15169,Sada,A Coruña,Galicia
15171,Oleiros,A Coruña,Galicia
15172,Oleiros,A Coruña,Galicia
15173,Oleiros,A Coruña,Galicia
15174,Culleredo,A Coruña,Galicia
15175,Carral,A Coruña,Galicia
15176,Oleiros,A Coruña,Galicia
15177,Oleiros,A Coruña,Galicia
15178,Oleiros,A Coruña,Galicia
15179,Oleiros,A Coruña,Galicia
15180,Culleredo,A Coruña,Galicia
15181,Cambre,A Coruña,Galicia
15182,Carral,A Coruña,Galicia
15183,Carral,A Coruña,Galicia
15184,Carral,A Coruña,Galicia
15185,Carral,A Coruña,Galicia
15185,Cerceda,A Coruña,Galicia
15186,Cerceda,A Coruña,Galicia
15187,Cerceda,A Coruña,Galicia
15188,Cerceda,A Coruña,Galicia
15189,Culleredo,A Coruña,Galicia
15190,A Coruña,A Coruña,Galicia
15198,Culleredo,A Coruña,Galicia
15199,Culleredo,A Coruña,Galicia
15200,Noia,A Coruña,Galicia
15210,Noia,A Coruña,Galicia
15211,Noia,A Coruña,Galicia
15212,Lousame,A Coruña,Galicia
15212,Noia,A Coruña,Galicia
15213,Noia,A Coruña,Galicia
15214,Lousame,A Coruña,Galicia
15215,Lousame,A Coruña,Galicia
15216,Lousame,A Coruña,Galicia
15218,Lousame,A Coruña,Galicia
15218,Noia,A Coruña,Galicia
15220,Ames,A Coruña,Galicia
15229,Ames,A Coruña,Galicia
15230,Outes,A Coruña,Galicia
15236,Outes,A Coruña,Galicia
15237,Outes,A Coruña,Galicia
15238,Mazaricos,A Coruña,Galicia
15239,Outes,A Coruña,Galicia
15240,Muros,A Coruña,Galicia
15250,Muros,A Coruña,Galicia
15256,Mazaricos,A Coruña,Galicia
15258,Mazaricos,A Coruña,Galicia
15259,Muros,A Coruña,Galicia
15270,Cee,A Coruña,Galicia
15280,Brión,A Coruña,Galicia
15281,Rois,A Coruña,Galicia
15282,Rois,A Coruña,Galicia
15285,Brión,A Coruña,Galicia
15286,Outes,A Coruña,Galicia
15287,Outes,A Coruña,Galicia
15288,Outes,A Coruña,Galicia
15290,Muros,A Coruña,Galicia
15291,Muros,A Coruña,Galicia
15292,Carnota,A Coruña,Galicia
15293,Carnota,A Coruña,Galicia
15295,Carnota,A Coruña,Galicia
15296,Carnota,A Coruña,Galicia
15297,Dumbría,A Coruña,Galicia
15298,Cee,A Coruña,Galicia
15299,Cee,A Coruña,Galicia
15300,Betanzos,A Coruña,Galicia
15310,Curtis,A Coruña,Galicia
15313,Irixoa,A Coruña,Galicia
15314,Paderne,A Coruña,Galicia
15315,Monfero,A Coruña,Galicia
15316,Coirós,A Coruña,Galicia
15317,Aranga,A Coruña,Galicia
15318,Abegondo,A Coruña,Galicia
15319,Bergondo,A Coruña,Galicia
15319,Betanzos,A Coruña,Galicia
15319,Paderne,A Coruña,Galicia
15320,As Pontes de García Rodríguez,A Coruña,Galicia
15324,As Pontes de García Rodríguez,A Coruña,Galicia
15325,As Pontes de García Rodríguez,A Coruña,Galicia
15326,As Pontes de García Rodríguez,A Coruña,Galicia
15327,As Pontes de García Rodríguez,A Coruña,Galicia
15328,As Pontes de García Rodríguez,A Coruña,Galicia
15329,As Pontes de García Rodríguez,A Coruña,Galicia
15330,Ortigueira,A Coruña,Galicia
15332,Ortigueira,A Coruña,Galicia
15337,Mañón,A Coruña,Galicia
15338,Ortigueira,A Coruña,Galicia
15339,Mañón,A Coruña,Galicia
15339,Ortigueira,A Coruña,Galicia
15340,Ortigueira,A Coruña,Galicia
15347,Cedeira,A Coruña,Galicia
15349,Ortigueira,A Coruña,Galicia
15350,Cedeira,A Coruña,Galicia
15357,Cedeira,A Coruña,Galicia
15358,Cedeira,A Coruña,Galicia
15359,Cedeira,A Coruña,Galicia
15360,Cariño,A Coruña,Galicia
15365,Cariño,A Coruña,Galicia
15366,Cariño,A Coruña,Galicia
15367,Ortigueira,A Coruña,Galicia
15368,Ortigueira,A Coruña,Galicia
15369,Cariño,A Coruña,Galicia
15379,Curtis,A Coruña,Galicia
15401,Ferrol,A Coruña,Galicia
15402,Ferrol,A Coruña,Galicia
15403,Ferrol,A Coruña,Galicia
15404,Ferrol,A Coruña,Galicia
15405,Ferrol,A Coruña,Galicia
15406,Ferrol,A Coruña,Galicia
15490,Ferrol,A Coruña,Galicia
15500,Fene,A Coruña,Galicia
15509,Fene,A Coruña,Galicia
15510,Neda,A Coruña,Galicia
15520,Fene,A Coruña,Galicia
15528,Fene,A Coruña,Galicia
15530,Cerdido,A Coruña,Galicia
15540,Narón,A Coruña,Galicia
15541,Narón,A Coruña,Galicia
15542,Valdoviño,A Coruña,Galicia
15543,Valdoviño,A Coruña,Galicia
15550,Valdoviño,A Coruña,Galicia
15551,Valdoviño,A Coruña,Galicia
15552,Valdoviño,A Coruña,Galicia
15553,Valdoviño,A Coruña,Galicia
15554,Valdoviño,A Coruña,Galicia
15555,Cedeira,A Coruña,Galicia
15560,San Sadurniño,A Coruña,Galicia
15561,San Sadurniño,A Coruña,Galicia
15562,San Sadurniño,A Coruña,Galicia
15563,Moeche,A Coruña,Galicia
15564,Moeche,A Coruña,Galicia
15565,As Somozas,A Coruña,Galicia
15566,As Somozas,A Coruña,Galicia
15567,As Somozas,A Coruña,Galicia
15568,As Somozas,A Coruña,Galicia
15569,Cerdido,A Coruña,Galicia
15570,Narón,A Coruña,Galicia
15572,Narón,A Coruña,Galicia
15573,Narón,A Coruña,Galicia
15576,San Sadurniño,A Coruña,Galicia
15577,Neda,A Coruña,Galicia
15578,Narón,A Coruña,Galicia
15579,Neda,A Coruña,Galicia
15580,San Sadurniño,A Coruña,Galicia
15582,As Pontes de García Rodríguez,A Coruña,Galicia
15590,Ferrol,A Coruña,Galicia
15591,Ferrol,A Coruña,Galicia
15592,Ferrol,A Coruña,Galicia
15593,Ferrol,A Coruña,Galicia
15594,Ferrol,A Coruña,Galicia
15595,Ferrol,A Coruña,Galicia
15596,Narón,A Coruña,Galicia
15597,Narón,A Coruña,Galicia
15598,San Sadurniño,A Coruña,Galicia
15600,Pontedeume,A Coruña,Galicia
15607,Pontedeume,A Coruña,Galicia
15608,Miño,A Coruña,Galicia
15609,Monfero,A Coruña,Galicia
15609,Pontedeume,A Coruña,Galicia
15611,Cabanas,A Coruña,Galicia
15612,Cabanas,A Coruña,Galicia
15613,A Capela,A Coruña,Galicia
15614,Pontedeume,A Coruña,Galicia
15615,Vilarmaior,A Coruña,Galicia
15616,Vilarmaior,A Coruña,Galicia
15617,Monfero,A Coruña,Galicia
15619,Monfero,A Coruña,Galicia
15620,Mugardos,A Coruña,Galicia
15621,Cabanas,A Coruña,Galicia
15622,Cabanas,A Coruña,Galicia
15623,Ares,A Coruña,Galicia
15624,Ares,A Coruña,Galicia
15625,Ares,A Coruña,Galicia
15626,Mugardos,A Coruña,Galicia
15627,Fene,A Coruña,Galicia
15627,Mugardos,A Coruña,Galicia
15630,Miño,A Coruña,Galicia
15635,Miño,A Coruña,Galicia
15637,Vilarmaior,A Coruña,Galicia
15638,Vilarmaior,A Coruña,Galicia
15639,Miño,A Coruña,Galicia
15640,Bergondo,A Coruña,Galicia
15650,Cambre,A Coruña,Galicia
15656,Zas,A Coruña,Galicia
15659,Cambre,A Coruña,Galicia
15660,Cambre,A Coruña,Galicia
15668,Cambre,A Coruña,Galicia
15669,Cambre,A Coruña,Galicia
15670,Culleredo,A Coruña,Galicia
15679,Cambre,A Coruña,Galicia
15680,Ordes,A Coruña,Galicia
15683,Tordoia,A Coruña,Galicia
15684,Ordes,A Coruña,Galicia
15684,Tordoia,A Coruña,Galicia
15685,Frades,A Coruña,Galicia
15685,Mesía,A Coruña,Galicia
15685,Ordes,A Coruña,Galicia
15686,Frades,A Coruña,Galicia
15686,Mesía,A Coruña,Galicia
15686,Trazo,A Coruña,Galicia
15687,Ordes,A Coruña,Galicia
15687,Trazo,A Coruña,Galicia
15688,Oroso,A Coruña,Galicia
15688,Santiago de Compostela,A Coruña,Galicia
15689,Mesía,A Coruña,Galicia
15689,Ordes,A Coruña,Galicia
15689,Tordoia,A Coruña,Galicia
15690,Arteixo,A Coruña,Galicia
15701,Santiago de Compostela,A Coruña,Galicia
15702,Santiago de Compostela,A Coruña,Galicia
15703,Santiago de Compostela,A Coruña,Galicia
15704,Santiago de Compostela,A Coruña,Galicia
15705,Santiago de Compostela,A Coruña,Galicia
15706,Santiago de Compostela,A Coruña,Galicia
15707,Santiago de Compostela,A Coruña,Galicia
15800,Melide,A Coruña,Galicia
15805,Melide,A Coruña,Galicia
15806,Toques,A Coruña,Galicia
15807,Vilasantar,A Coruña,Galicia
15808,Santiso,A Coruña,Galicia
15809,Melide,A Coruña,Galicia
15810,Arzúa,A Coruña,Galicia
15813,Sobrado,A Coruña,Galicia
15814,Sobrado,A Coruña,Galicia
15815,Sobrado,A Coruña,Galicia
15816,Boimorto,A Coruña,Galicia
15817,Boimorto,A Coruña,Galicia
15818,Boimorto,A Coruña,Galicia
15819,Arzúa,A Coruña,Galicia
15820,Santiago de Compostela,A Coruña,Galicia
15821,O Pino,A Coruña,Galicia
15822,Touro,A Coruña,Galicia
15823,O Pino,A Coruña,Galicia
15823,Touro,A Coruña,Galicia
15824,O Pino,A Coruña,Galicia
15824,Touro,A Coruña,Galicia
15825,O Pino,A Coruña,Galicia
15826,Arzúa,A Coruña,Galicia
15828,Touro,A Coruña,Galicia
15830,Negreira,A Coruña,Galicia
15837,Santa Comba,A Coruña,Galicia
15838,Negreira,A Coruña,Galicia
15839,A Baña,A Coruña,Galicia
15839,Negreira,A Coruña,Galicia
15840,Santa Comba,A Coruña,Galicia
15841,Santa Comba,A Coruña,Galicia
15845,Santa Comba,A Coruña,Galicia
15846,Santa Comba,A Coruña,Galicia
15847,Santa Comba,A Coruña,Galicia
15848,Santa Comba,A Coruña,Galicia
15850,Zas,A Coruña,Galicia
15851,Zas,A Coruña,Galicia
15855,Zas,A Coruña,Galicia
15856,Zas,A Coruña,Galicia
15857,Zas,A Coruña,Galicia
15858,Zas,A Coruña,Galicia
15859,Zas,A Coruña,Galicia
15860,Santa Comba,A Coruña,Galicia
15861,Santa Comba,A Coruña,Galicia
15862,A Baña,A Coruña,Galicia
15863,A Baña,A Coruña,Galicia
15863,Negreira,A Coruña,Galicia
15864,Ames,A Coruña,Galicia
15865,Brión,A Coruña,Galicia
15866,Teo,A Coruña,Galicia
15870,Ames,A Coruña,Galicia
15871,Val do Dubra,A Coruña,Galicia
15872,Val do Dubra,A Coruña,Galicia
15873,Val do Dubra,A Coruña,Galicia
15874,Val do Dubra,A Coruña,Galicia
15880,Vedra,A Coruña,Galicia
15881,Boqueixón,A Coruña,Galicia
15882,Boqueixón,A Coruña,Galicia
15883,Teo,A Coruña,Galicia
15884,Santiago de Compostela,A Coruña,Galicia
15885,Vedra,A Coruña,Galicia
15886,Teo,A Coruña,Galicia
15887,O Pino,A Coruña,Galicia
15888,Oroso,A Coruña,Galicia
15890,Santiago de Compostela,A Coruña,Galicia
15892,Santiago de Compostela,A Coruña,Galicia
15893,Santiago de Compostela,A Coruña,Galicia
15894,Teo,A Coruña,Galicia
15895,Ames,A Coruña,Galicia
15896,Santiago de Compostela,A Coruña,Galicia
15897,Santiago de Compostela,A Coruña,Galicia
15898,Santiago de Compostela,A Coruña,Galicia
15899,Santiago de Compostela,A Coruña,Galicia
15900,Padrón,A Coruña,Galicia
15910,Padrón,A Coruña,Galicia
15911,Rois,A Coruña,Galicia
15912,Rois,A Coruña,Galicia
15913,Rois,A Coruña,Galicia
15914,Padrón,A Coruña,Galicia
15915,Padrón,A Coruña,Galicia
15916,Dodro,A Coruña,Galicia
15917,Padrón,A Coruña,Galicia
15920,Rianxo,A Coruña,Galicia
15928,Rianxo,A Coruña,Galicia
15930,Boiro,A Coruña,Galicia
15937,Boiro,A Coruña,Galicia
15938,Boiro,A Coruña,Galicia
15939,Boiro,A Coruña,Galicia
15940,A Pobra do Caramiñal,A Coruña,Galicia
15948,A Pobra do Caramiñal,A Coruña,Galicia
15949,A Pobra do Caramiñal,A Coruña,Galicia
15959,Ribeira,A Coruña,Galicia
15960,Ribeira,A Coruña,Galicia
15965,Ribeira,A Coruña,Galicia
15966,Ribeira,A Coruña,Galicia
15967,Ribeira,A Coruña,Galicia
15968,Ribeira,A Coruña,Galicia
15969,Ribeira,A Coruña,Galicia
15970,Porto do Son,A Coruña,Galicia
15978,Porto do Son,A Coruña,Galicia
15979,Porto do Son,A Coruña,Galicia
15980,Padrón,A Coruña,Galicia
15980,Rois,A Coruña,Galicia
15981,Dodro,A Coruña,Galicia
15982,Dodro,A Coruña,Galicia
15983,Rianxo,A Coruña,Galicia
15984,Rianxo,A Coruña,Galicia
15985,Rianxo,A Coruña,Galicia
15990,Boiro,A Coruña,Galicia
15991,Boiro,A Coruña,Galicia
15992,Boiro,A Coruña,Galicia
15993,Ribeira,A Coruña,Galicia
15994,Porto do Son,A Coruña,Galicia
15995,Porto do Son,A Coruña,Galicia
15996,Porto do Son,A Coruña,Galicia
15998,Porto do Son,A Coruña,Galicia
15999,Porto do Son,A Coruña,Galicia
16001,Cuenca,Cuenca,Castilla-La Mancha
16002,Cuenca,Cuenca,Castilla-La Mancha
16003,Cuenca,Cuenca,Castilla-La Mancha
16004,Cuenca,Cuenca,Castilla-La Mancha
16100,Valverde de Júcar,Cuenca,Castilla-La Mancha
16111,Albaladejo del Cuende,Cuenca,Castilla-La Mancha
16111,Villaverde y Pasaconsol,Cuenca,Castilla-La Mancha
16113,La Parra de las Vegas,Cuenca,Castilla-La Mancha
16114,Buenache de Alarcón,Cuenca,Castilla-La Mancha
16118,Barchín del Hoyo,Cuenca,Castilla-La Mancha
16118,Hontecillas,Cuenca,Castilla-La Mancha
16118,Olmedilla de Alarcón,Cuenca,Castilla-La Mancha
16118,Piqueras del Castillo,Cuenca,Castilla-La Mancha
16120,Las Valeras,Cuenca,Castilla-La Mancha
16122,Valdetórtola,Cuenca,Castilla-La Mancha
16123,Arcas,Cuenca,Castilla-La Mancha
16140,Villalba de la Sierra,Cuenca,Castilla-La Mancha
16141,Arcos de la Sierra,Cuenca,Castilla-La Mancha
16141,Castillejo-Sierra,Cuenca,Castilla-La Mancha
16141,Fresneda de la Sierra,Cuenca,Castilla-La Mancha
16141,Portilla,Cuenca,Castilla-La Mancha
16142,Las Majadas,Cuenca,Castilla-La Mancha
16143,Mariana,Cuenca,Castilla-La Mancha
16143,Sotorribas,Cuenca,Castilla-La Mancha
16144,La Frontera,Cuenca,Castilla-La Mancha
16144,Sotorribas,Cuenca,Castilla-La Mancha
16145,Sotorribas,Cuenca,Castilla-La Mancha
16146,Cuenca,Cuenca,Castilla-La Mancha
16146,Zarzuela,Cuenca,Castilla-La Mancha
16150,Tragacete,Cuenca,Castilla-La Mancha
16150,Vega del Codorno,Cuenca,Castilla-La Mancha
16152,Beamud,Cuenca,Castilla-La Mancha
16152,Huélamo,Cuenca,Castilla-La Mancha
16152,Uña,Cuenca,Castilla-La Mancha
16152,Valdemeca,Cuenca,Castilla-La Mancha
16160,Palomares del Campo,Cuenca,Castilla-La Mancha
16161,Torrejoncillo del Rey,Cuenca,Castilla-La Mancha
16162,Torrejoncillo del Rey,Cuenca,Castilla-La Mancha
16190,Chillarón de Cuenca,Cuenca,Castilla-La Mancha
16190,Fuentenava de Jábaga,Cuenca,Castilla-La Mancha
16191,Chillarón de Cuenca,Cuenca,Castilla-La Mancha
16191,Bascuñana de San Pedro,Cuenca,Castilla-La Mancha
16191,Cuenca,Cuenca,Castilla-La Mancha
16191,Villar de Domingo García,Cuenca,Castilla-La Mancha
16191,Fuentenava de Jábaga,Cuenca,Castilla-La Mancha
16192,Buenache de la Sierra,Cuenca,Castilla-La Mancha
16192,Palomera,Cuenca,Castilla-La Mancha
16193,Cuenca,Cuenca,Castilla-La Mancha
16193,Fuentes,Cuenca,Castilla-La Mancha
16194,Chillarón de Cuenca,Cuenca,Castilla-La Mancha
16194,Cuenca,Cuenca,Castilla-La Mancha
16194,Fuentenava de Jábaga,Cuenca,Castilla-La Mancha
16195,Abia de la Obispalía,Cuenca,Castilla-La Mancha
16195,Altarejos,Cuenca,Castilla-La Mancha
16195,Huerta de la Obispalía,Cuenca,Castilla-La Mancha
16195,Torrejoncillo del Rey,Cuenca,Castilla-La Mancha
16195,Villar de Olalla,Cuenca,Castilla-La Mancha
16196,Villar de Olalla,Cuenca,Castilla-La Mancha
16200,Motilla del Palancar,Cuenca,Castilla-La Mancha
16210,Campillo de Altobuey,Cuenca,Castilla-La Mancha
16211,El Picazo,Cuenca,Castilla-La Mancha
16211,Villanueva de la Jara,Cuenca,Castilla-La Mancha
16212,Pozorrubielos de la Mancha,Cuenca,Castilla-La Mancha
16214,Alarcón,Cuenca,Castilla-La Mancha
16214,Gabaldón,Cuenca,Castilla-La Mancha
16214,Valhermoso de la Fuente,Cuenca,Castilla-La Mancha
16214,Valverdejo,Cuenca,Castilla-La Mancha
16215,Almodóvar del Pinar,Cuenca,Castilla-La Mancha
16216,Chumillas,Cuenca,Castilla-La Mancha
16216,Olmeda del Rey,Cuenca,Castilla-La Mancha
16216,Solera de Gabaldón,Cuenca,Castilla-La Mancha
16216,Las Valeras,Cuenca,Castilla-La Mancha
16220,Quintanar del Rey,Cuenca,Castilla-La Mancha
16230,Villanueva de la Jara,Cuenca,Castilla-La Mancha
16234,Villanueva de la Jara,Cuenca,Castilla-La Mancha
16235,Iniesta,Cuenca,Castilla-La Mancha
16236,Iniesta,Cuenca,Castilla-La Mancha
16236,Villagarcía del Llano,Cuenca,Castilla-La Mancha
16237,Ledaña,Cuenca,Castilla-La Mancha
16238,Villagarcía del Llano,Cuenca,Castilla-La Mancha
16239,Casasimarro,Cuenca,Castilla-La Mancha
16240,El Peral,Cuenca,Castilla-La Mancha
16250,Castillejo de Iniesta,Cuenca,Castilla-La Mancha
16251,Graja de Iniesta,Cuenca,Castilla-La Mancha
16260,Minglanilla,Cuenca,Castilla-La Mancha
16269,La Pesquera,Cuenca,Castilla-La Mancha
16269,Puebla del Salvador,Cuenca,Castilla-La Mancha
16270,Villalpardo,Cuenca,Castilla-La Mancha
16280,Villarta,Cuenca,Castilla-La Mancha
16290,El Herrumblar,Cuenca,Castilla-La Mancha
16290,Iniesta,Cuenca,Castilla-La Mancha
16300,Cañete,Cuenca,Castilla-La Mancha
16311,Boniches,Cuenca,Castilla-La Mancha
16311,Campillos-Paravientos,Cuenca,Castilla-La Mancha
16311,Fuentelespino de Moya,Cuenca,Castilla-La Mancha
16311,Huérguina,Cuenca,Castilla-La Mancha
16312,Garaballa,Cuenca,Castilla-La Mancha
16312,Henarejos,Cuenca,Castilla-La Mancha
16313,Aliaguilla,Cuenca,Castilla-La Mancha
16315,Alcalá de la Vega,Cuenca,Castilla-La Mancha
16316,Campillos-Sierra,Cuenca,Castilla-La Mancha
16316,Huerta del Marquesado,Cuenca,Castilla-La Mancha
16316,Laguna del Marquesado,Cuenca,Castilla-La Mancha
16316,Valdemoro-Sierra,Cuenca,Castilla-La Mancha
16317,Salinas del Manzano,Cuenca,Castilla-La Mancha
16317,Tejadillos,Cuenca,Castilla-La Mancha
16317,Zafrilla,Cuenca,Castilla-La Mancha
16318,Salvacañete,Cuenca,Castilla-La Mancha
16320,Talayuelas,Cuenca,Castilla-La Mancha
16321,Talayuelas,Cuenca,Castilla-La Mancha
16330,Landete,Cuenca,Castilla-La Mancha
16336,Santa Cruz de Moya,Cuenca,Castilla-La Mancha
16337,Moya,Cuenca,Castilla-La Mancha
16338,Algarra,Cuenca,Castilla-La Mancha
16338,Casas de Garcimolina,Cuenca,Castilla-La Mancha
16338,Moya,Cuenca,Castilla-La Mancha
16339,Graja de Campalbo,Cuenca,Castilla-La Mancha
16339,Landete,Cuenca,Castilla-La Mancha
16339,Santa Cruz de Moya,Cuenca,Castilla-La Mancha
16340,Cañada del Hoyo,Cuenca,Castilla-La Mancha
16340,La Cierva,Cuenca,Castilla-La Mancha
16340,Valdemorillo de la Sierra,Cuenca,Castilla-La Mancha
16350,Carboneras de Guadazaón,Cuenca,Castilla-La Mancha
16360,Arguisuelas,Cuenca,Castilla-La Mancha
16360,Monteagudo de las Salinas,Cuenca,Castilla-La Mancha
16370,San Martín de Boniches,Cuenca,Castilla-La Mancha
16370,Villar del Humo,Cuenca,Castilla-La Mancha
16371,Narboneta,Cuenca,Castilla-La Mancha
16371,Víllora,Cuenca,Castilla-La Mancha
16372,Enguídanos,Cuenca,Castilla-La Mancha
16373,Cardenete,Cuenca,Castilla-La Mancha
16373,Paracuellos,Cuenca,Castilla-La Mancha
16373,Yémeda,Cuenca,Castilla-La Mancha
16390,Pajarón,Cuenca,Castilla-La Mancha
16390,Pajaroncillo,Cuenca,Castilla-La Mancha
16390,Reíllo,Cuenca,Castilla-La Mancha
16393,Mira,Cuenca,Castilla-La Mancha
16400,Tarancón,Cuenca,Castilla-La Mancha
16410,Horcajo de Santiago,Cuenca,Castilla-La Mancha
16411,Fuente de Pedro Naharro,Cuenca,Castilla-La Mancha
16412,El Acebrón,Cuenca,Castilla-La Mancha
16413,Torrubia del Campo,Cuenca,Castilla-La Mancha
16414,Pozorrubio de Santiago,Cuenca,Castilla-La Mancha
16415,Villamayor de Santiago,Cuenca,Castilla-La Mancha
16417,Los Hinojosos,Cuenca,Castilla-La Mancha
16420,Almendros,Cuenca,Castilla-La Mancha
16420,Villarrubio,Cuenca,Castilla-La Mancha
16421,Hontanaya,Cuenca,Castilla-La Mancha
16421,Puebla de Almenara,Cuenca,Castilla-La Mancha
16422,Tresjuncos,Cuenca,Castilla-La Mancha
16423,Osa de la Vega,Cuenca,Castilla-La Mancha
16430,Saelices,Cuenca,Castilla-La Mancha
16431,Almonacid del Marquesado,Cuenca,Castilla-La Mancha
16432,Villarejo de Fuentes,Cuenca,Castilla-La Mancha
16433,Alconchel de la Estrella,Cuenca,Castilla-La Mancha
16433,Villar de Cañas,Cuenca,Castilla-La Mancha
16434,Montalbanejo,Cuenca,Castilla-La Mancha
16435,La Hinojosa,Cuenca,Castilla-La Mancha
16440,Montalbo,Cuenca,Castilla-La Mancha
16441,El Hito,Cuenca,Castilla-La Mancha
16442,Villares del Saz,Cuenca,Castilla-La Mancha
16444,Cervera del Llano,Cuenca,Castilla-La Mancha
16452,Rozalén del Monte,Cuenca,Castilla-La Mancha
16452,Tribaldos,Cuenca,Castilla-La Mancha
16452,Uclés,Cuenca,Castilla-La Mancha
16460,Barajas de Melo,Cuenca,Castilla-La Mancha
16461,Leganiel,Cuenca,Castilla-La Mancha
16463,Saceda-Trasierra,Cuenca,Castilla-La Mancha
16464,Alcázar del Rey,Cuenca,Castilla-La Mancha
16465,Huelves,Cuenca,Castilla-La Mancha
16465,Paredes,Cuenca,Castilla-La Mancha
16470,Belinchón,Cuenca,Castilla-La Mancha
16470,Zarza de Tajo,Cuenca,Castilla-La Mancha
16500,Huete,Cuenca,Castilla-La Mancha
16510,El Valle de Altomira,Cuenca,Castilla-La Mancha
16510,Vellisca,Cuenca,Castilla-La Mancha
16512,Buendía,Cuenca,Castilla-La Mancha
16512,El Valle de Altomira,Cuenca,Castilla-La Mancha
16520,Huete,Cuenca,Castilla-La Mancha
16521,Huete,Cuenca,Castilla-La Mancha
16522,Portalrubio de Guadamejud,Cuenca,Castilla-La Mancha
16522,Tinajas,Cuenca,Castilla-La Mancha
16531,Villanueva de Guadamejud,Cuenca,Castilla-La Mancha
16532,Gascueña,Cuenca,Castilla-La Mancha
16532,Huete,Cuenca,Castilla-La Mancha
16532,La Peraleja,Cuenca,Castilla-La Mancha
16535,Villalba del Rey,Cuenca,Castilla-La Mancha
16537,Alcohujate,Cuenca,Castilla-La Mancha
16537,Cañaveruelas,Cuenca,Castilla-La Mancha
16540,Huete,Cuenca,Castilla-La Mancha
16541,Huete,Cuenca,Castilla-La Mancha
16541,Pineda de Gigüela,Cuenca,Castilla-La Mancha
16541,Villarejo de la Peñuela,Cuenca,Castilla-La Mancha
16541,Los Valdecolmenas,Cuenca,Castilla-La Mancha
16542,Villar y Velasco,Cuenca,Castilla-La Mancha
16550,Huete,Cuenca,Castilla-La Mancha
16550,Campos del Paraíso,Cuenca,Castilla-La Mancha
16555,Campos del Paraíso,Cuenca,Castilla-La Mancha
16600,San Clemente,Cuenca,Castilla-La Mancha
16610,Casas de Fernando Alonso,Cuenca,Castilla-La Mancha
16611,Casas de Haro,Cuenca,Castilla-La Mancha
16612,Villarrobledo,Albacete,Castilla-La Mancha
16612,Casas de los Pinos,Cuenca,Castilla-La Mancha
16620,La Alberca de Záncara,Cuenca,Castilla-La Mancha
16621,Santa María del Campo Rus,Cuenca,Castilla-La Mancha
16622,Pinarejo,Cuenca,Castilla-La Mancha
16623,Castillo de Garcimuñoz,Cuenca,Castilla-La Mancha
16630,Mota del Cuervo,Cuenca,Castilla-La Mancha
16638,El Pedernoso,Cuenca,Castilla-La Mancha
16639,Santa María de los Llanos,Cuenca,Castilla-La Mancha
16640,Belmonte,Cuenca,Castilla-La Mancha
16646,Villalgordo del Marquesado,Cuenca,Castilla-La Mancha
16647,Fuentelespino de Haro,Cuenca,Castilla-La Mancha
16647,Villaescusa de Haro,Cuenca,Castilla-La Mancha
16648,Villar de la Encina,Cuenca,Castilla-La Mancha
16649,Carrascosa de Haro,Cuenca,Castilla-La Mancha
16649,Monreal del Llano,Cuenca,Castilla-La Mancha
16649,Rada de Haro,Cuenca,Castilla-La Mancha
16650,Las Mesas,Cuenca,Castilla-La Mancha
16660,Las Pedroñeras,Cuenca,Castilla-La Mancha
16670,El Provencio,Cuenca,Castilla-La Mancha
16700,Sisante,Cuenca,Castilla-La Mancha
16707,Casas de Benítez,Cuenca,Castilla-La Mancha
16708,Casas de Guijarro,Cuenca,Castilla-La Mancha
16708,Pozoamargo,Cuenca,Castilla-La Mancha
16709,Vara de Rey,Cuenca,Castilla-La Mancha
16710,Atalaya del Cañavate,Cuenca,Castilla-La Mancha
16710,Tébar,Cuenca,Castilla-La Mancha
16720,Cañada Juncosa,Cuenca,Castilla-La Mancha
16730,Honrubia,Cuenca,Castilla-La Mancha
16738,El Cañavate,Cuenca,Castilla-La Mancha
16739,Torrubia del Castillo,Cuenca,Castilla-La Mancha
16740,La Almarcha,Cuenca,Castilla-La Mancha
16760,Olivares de Júcar,Cuenca,Castilla-La Mancha
16770,San Lorenzo de la Parrilla,Cuenca,Castilla-La Mancha
16771,Villarejo-Periesteban,Cuenca,Castilla-La Mancha
16771,Zafra de Záncara,Cuenca,Castilla-La Mancha
16779,Belmontejo,Cuenca,Castilla-La Mancha
16780,Altarejos,Cuenca,Castilla-La Mancha
16780,Mota de Altarejos,Cuenca,Castilla-La Mancha
16781,Fresneda de Altarejos,Cuenca,Castilla-La Mancha
16800,Priego,Cuenca,Castilla-La Mancha
16812,Albendea,Cuenca,Castilla-La Mancha
16812,Alcantud,Cuenca,Castilla-La Mancha
16812,Arandilla del Arroyo,Cuenca,Castilla-La Mancha
16812,El Pozuelo,Cuenca,Castilla-La Mancha
16812,Vindel,Cuenca,Castilla-La Mancha
16813,Salmeroncillos,Cuenca,Castilla-La Mancha
16813,San Pedro Palmiches,Cuenca,Castilla-La Mancha
16813,Valdeolivas,Cuenca,Castilla-La Mancha
16813,Villar del Infantado,Cuenca,Castilla-La Mancha
16840,Villar de Domingo García,Cuenca,Castilla-La Mancha
16841,Albalate de las Nogueras,Cuenca,Castilla-La Mancha
16842,Torralba,Cuenca,Castilla-La Mancha
16843,Villas de la Ventosa,Cuenca,Castilla-La Mancha
16850,Cañaveras,Cuenca,Castilla-La Mancha
16851,Buciegas,Cuenca,Castilla-La Mancha
16852,Olmeda de la Cuesta,Cuenca,Castilla-La Mancha
16853,Olmedilla de Eliz,Cuenca,Castilla-La Mancha
16854,Castillo-Albaráñez,Cuenca,Castilla-La Mancha
16855,Arrancacepas,Cuenca,Castilla-La Mancha
16856,Castejón,Cuenca,Castilla-La Mancha
16857,Canalejas del Arroyo,Cuenca,Castilla-La Mancha
16860,Villaconejos de Trabaque,Cuenca,Castilla-La Mancha
16870,Beteta,Cuenca,Castilla-La Mancha
16878,Cañizares,Cuenca,Castilla-La Mancha
16878,Lagunaseca,Cuenca,Castilla-La Mancha
16878,Masegosa,Cuenca,Castilla-La Mancha
16878,Poyatos,Cuenca,Castilla-La Mancha
16878,Santa María del Val,Cuenca,Castilla-La Mancha
16879,Beteta,Cuenca,Castilla-La Mancha
16879,Carrascosa,Cuenca,Castilla-La Mancha
16879,Cueva del Hierro,Cuenca,Castilla-La Mancha
16879,Valsalobre,Cuenca,Castilla-La Mancha
16890,Cañamares,Cuenca,Castilla-La Mancha
16890,Fuertescusa,Cuenca,Castilla-La Mancha
16891,Cañizares,Cuenca,Castilla-La Mancha
16891,Carrascosa,Cuenca,Castilla-La Mancha
16892,Cañizares,Cuenca,Castilla-La Mancha
16893,Beteta,Cuenca,Castilla-La Mancha
17001,Girona,Girona,Cataluña
17002,Girona,Girona,Cataluña
17003,Girona,Girona,Cataluña
17004,Girona,Girona,Cataluña
17005,Girona,Girona,Cataluña
17006,Girona,Girona,Cataluña
17007,Girona,Girona,Cataluña
17100,La Bisbal d'Empordà,Girona,Cataluña
17110,Forallac,Girona,Cataluña
17111,Forallac,Girona,Cataluña
17113,Forallac,Girona,Cataluña
17114,Ullastret,Girona,Cataluña
17115,La Bisbal d'Empordà,Girona,Cataluña
17116,"Cruïlles, Monells i Sant Sadurní de l'Heura",Girona,Cataluña
17117,"Cruïlles, Monells i Sant Sadurní de l'Heura",Girona,Cataluña
17118,"Cruïlles, Monells i Sant Sadurní de l'Heura",Girona,Cataluña
17120,Corçà,Girona,Cataluña
17120,La Pera,Girona,Cataluña
17121,Corçà,Girona,Cataluña
17121,"Cruïlles, Monells i Sant Sadurní de l'Heura",Girona,Cataluña
17123,Torrent,Girona,Cataluña
17124,Palafrugell,Girona,Cataluña
17130,L'Escala,Girona,Cataluña
17130,Torroella de Montgrí,Girona,Cataluña
17131,Rupià,Girona,Cataluña
17132,Foixà,Girona,Cataluña
17133,Foixà,Girona,Cataluña
17133,Parlavà,Girona,Cataluña
17133,Serra de Daró,Girona,Cataluña
17133,Ultramort,Girona,Cataluña
17134,La Tallada d'Empordà,Girona,Cataluña
17136,Albons,Girona,Cataluña
17137,Viladamat,Girona,Cataluña
17140,Ullà,Girona,Cataluña
17141,Bellcaire d'Empordà,Girona,Cataluña
17141,Torroella de Montgrí,Girona,Cataluña
17142,Verges,Girona,Cataluña
17143,Jafre,Girona,Cataluña
17144,Colomers,Girona,Cataluña
17150,Sant Gregori,Girona,Cataluña
17151,Sant Gregori,Girona,Cataluña
17152,Sant Martí de Llémena,Girona,Cataluña
17153,Sant Martí de Llémena,Girona,Cataluña
17154,Sant Aniol de Finestres,Girona,Cataluña
17160,Anglès,Girona,Cataluña
17160,Osor,Girona,Cataluña
17161,Osor,Girona,Cataluña
17162,Bescanó,Girona,Cataluña
17164,Sant Gregori,Girona,Cataluña
17164,Sant Martí de Llémena,Girona,Cataluña
17164,Sant Julià del Llor i Bonmatí,Girona,Cataluña
17165,La Cellera de Ter,Girona,Cataluña
17166,La Cellera de Ter,Girona,Cataluña
17166,Susqueda,Girona,Cataluña
17170,Amer,Girona,Cataluña
17171,Susqueda,Girona,Cataluña
17172,Les Planes d'Hostoles,Girona,Cataluña
17173,Les Planes d'Hostoles,Girona,Cataluña
17174,Sant Feliu de Pallerols,Girona,Cataluña
17175,Sant Feliu de Pallerols,Girona,Cataluña
17176,La Vall d'en Bas,Girona,Cataluña
17177,La Vall d'en Bas,Girona,Cataluña
17178,Les Preses,Girona,Cataluña
17178,La Vall d'en Bas,Girona,Cataluña
17179,Riudaura,Girona,Cataluña
17179,La Vall d'en Bas,Girona,Cataluña
17180,Vilablareix,Girona,Cataluña
17181,Aiguaviva,Girona,Cataluña
17182,Bescanó,Girona,Cataluña
17183,Vilobí d'Onyar,Girona,Cataluña
17184,Vilobí d'Onyar,Girona,Cataluña
17185,Vilobí d'Onyar,Girona,Cataluña
17190,Salt,Girona,Cataluña
17199,Canet d'Adri,Girona,Cataluña
17199,Sant Gregori,Girona,Cataluña
17200,Palafrugell,Girona,Cataluña
17210,Palafrugell,Girona,Cataluña
17211,Palafrugell,Girona,Cataluña
17212,Palafrugell,Girona,Cataluña
17213,Begur,Girona,Cataluña
17214,Regencós,Girona,Cataluña
17220,Sant Feliu de Guíxols,Girona,Cataluña
17230,Palamós,Girona,Cataluña
17240,Caldes de Malavella,Girona,Cataluña
17240,Llagostera,Girona,Cataluña
17240,Santa Cristina d'Aro,Girona,Cataluña
17241,Quart,Girona,Cataluña
17242,Quart,Girona,Cataluña
17243,Llambilles,Girona,Cataluña
17244,Cassà de la Selva,Girona,Cataluña
17245,Sant Feliu de Guíxols,Girona,Cataluña
17245,Santa Cristina d'Aro,Girona,Cataluña
17246,Santa Cristina d'Aro,Girona,Cataluña
17248,"Castell d'Aro, Platja d'Aro i s'Agaró",Girona,Cataluña
17248,Sant Feliu de Guíxols,Girona,Cataluña
17249,"Castell d'Aro, Platja d'Aro i s'Agaró",Girona,Cataluña
17250,"Castell d'Aro, Platja d'Aro i s'Agaró",Girona,Cataluña
17251,Calonge i Sant Antoni,Girona,Cataluña
17252,Calonge i Sant Antoni,Girona,Cataluña
17252,"Castell d'Aro, Platja d'Aro i s'Agaró",Girona,Cataluña
17253,Mont-ras,Girona,Cataluña
17253,Vall-llobrega,Girona,Cataluña
17255,Begur,Girona,Cataluña
17256,Palau-sator,Girona,Cataluña
17256,Pals,Girona,Cataluña
17257,Fontanilles,Girona,Cataluña
17257,Gualta,Girona,Cataluña
17257,Torroella de Montgrí,Girona,Cataluña
17258,Torroella de Montgrí,Girona,Cataluña
17300,Blanes,Girona,Cataluña
17310,Lloret de Mar,Girona,Cataluña
17320,Tossa de Mar,Girona,Cataluña
17400,Breda,Girona,Cataluña
17401,Arbúcies,Girona,Cataluña
17402,Arbúcies,Girona,Cataluña
17403,Sant Hilari Sacalm,Girona,Cataluña
17404,Arbúcies,Girona,Cataluña
17404,Riells i Viabrea,Girona,Cataluña
17405,Espinelves,Girona,Cataluña
17406,Viladrau,Girona,Cataluña
17410,Sils,Girona,Cataluña
17411,Vidreres,Girona,Cataluña
17412,Maçanet de la Selva,Girona,Cataluña
17420,Riudarenes,Girona,Cataluña
17420,Sils,Girona,Cataluña
17421,Riudarenes,Girona,Cataluña
17430,Santa Coloma de Farners,Girona,Cataluña
17441,Brunyola i Sant Martí Sapresa,Girona,Cataluña
17442,Osor,Girona,Cataluña
17443,Santa Coloma de Farners,Girona,Cataluña
17444,Santa Coloma de Farners,Girona,Cataluña
17445,Santa Coloma de Farners,Girona,Cataluña
17450,Hostalric,Girona,Cataluña
17451,Sant Feliu de Buixalleu,Girona,Cataluña
17452,Massanes,Girona,Cataluña
17453,Maçanet de la Selva,Girona,Cataluña
17454,Sant Andreu Salou,Girona,Cataluña
17455,Caldes de Malavella,Girona,Cataluña
17456,Caldes de Malavella,Girona,Cataluña
17457,Riudellots de la Selva,Girona,Cataluña
17458,Fornells de la Selva,Girona,Cataluña
17459,Campllong,Girona,Cataluña
17460,Celrà,Girona,Cataluña
17461,Girona,Girona,Cataluña
17462,Bordils,Girona,Cataluña
17462,Juià,Girona,Cataluña
17462,Madremanya,Girona,Cataluña
17462,Sant Martí Vell,Girona,Cataluña
17463,Flaçà,Girona,Cataluña
17463,Foixà,Girona,Cataluña
17463,Sant Joan de Mollet,Girona,Cataluña
17464,Cervià de Ter,Girona,Cataluña
17464,Sant Jordi Desvalls,Girona,Cataluña
17464,Viladasens,Girona,Cataluña
17465,"Saus, Camallera i Llampaies",Girona,Cataluña
17465,Vilaür,Girona,Cataluña
17466,Garrigoles,Girona,Cataluña
17466,Vilopriu,Girona,Cataluña
17467,Sant Mori,Girona,Cataluña
17467,"Saus, Camallera i Llampaies",Girona,Cataluña
17468,Bàscara,Girona,Cataluña
17468,Vilademuls,Girona,Cataluña
17469,El Far d'Empordà,Girona,Cataluña
17469,Siurana,Girona,Cataluña
17469,Fortià,Girona,Cataluña
17469,Riumors,Girona,Cataluña
17469,Vilamalla,Girona,Cataluña
17470,Sant Pere Pescador,Girona,Cataluña
17470,Ventalló,Girona,Cataluña
17472,L'Armentera,Girona,Cataluña
17472,Ventalló,Girona,Cataluña
17473,Ventalló,Girona,Cataluña
17474,Torroella de Fluvià,Girona,Cataluña
17474,Vilamacolum,Girona,Cataluña
17475,Sant Miquel de Fluvià,Girona,Cataluña
17475,Ventalló,Girona,Cataluña
17476,Garrigàs,Girona,Cataluña
17476,Palau de Santa Eulàlia,Girona,Cataluña
17480,Roses,Girona,Cataluña
17481,Sant Julià de Ramis,Girona,Cataluña
17482,Sant Julià de Ramis,Girona,Cataluña
17483,Bàscara,Girona,Cataluña
17483,Vilaür,Girona,Cataluña
17484,Figueres,Girona,Cataluña
17485,Vila-sacra,Girona,Cataluña
17486,Castelló d'Empúries,Girona,Cataluña
17487,Castelló d'Empúries,Girona,Cataluña
17488,Cadaqués,Girona,Cataluña
17489,El Port de la Selva,Girona,Cataluña
17489,La Selva de Mar,Girona,Cataluña
17490,Llançà,Girona,Cataluña
17491,Peralada,Girona,Cataluña
17492,Peralada,Girona,Cataluña
17493,Pedret i Marzà,Girona,Cataluña
17493,Vilajuïga,Girona,Cataluña
17494,Pau,Girona,Cataluña
17495,Palau-saverdera,Girona,Cataluña
17496,Colera,Girona,Cataluña
17497,Portbou,Girona,Cataluña
17500,Ripoll,Girona,Cataluña
17510,Ripoll,Girona,Cataluña
17512,Les Llosses,Girona,Cataluña
17513,Les Llosses,Girona,Cataluña
17514,Les Llosses,Girona,Cataluña
17515,Vidrà,Girona,Cataluña
17520,Puigcerdà,Girona,Cataluña
17527,Llívia,Girona,Cataluña
17528,Guils de Cerdanya,Girona,Cataluña
17529,Puigcerdà,Girona,Cataluña
17530,Campdevànol,Girona,Cataluña
17531,Campdevànol,Girona,Cataluña
17531,Gombrèn,Girona,Cataluña
17532,Les Llosses,Girona,Cataluña
17533,Ribes de Freser,Girona,Cataluña
17534,Campelles,Girona,Cataluña
17534,Queralbs,Girona,Cataluña
17534,Pardines,Girona,Cataluña
17534,Ribes de Freser,Girona,Cataluña
17535,Planoles,Girona,Cataluña
17536,Toses,Girona,Cataluña
17537,Alp,Girona,Cataluña
17538,Alp,Girona,Cataluña
17538,Das,Girona,Cataluña
17538,Fontanals de Cerdanya,Girona,Cataluña
17538,Urús,Girona,Cataluña
17539,Bolvir,Girona,Cataluña
17539,Ger,Girona,Cataluña
17539,Isòvol,Girona,Cataluña
17539,Meranges,Girona,Cataluña
17600,Figueres,Girona,Cataluña
17700,La Jonquera,Girona,Cataluña
17706,Pont de Molins,Girona,Cataluña
17707,Agullana,Girona,Cataluña
17707,La Vajol,Girona,Cataluña
17708,Cantallops,Girona,Cataluña
17708,La Jonquera,Girona,Cataluña
17709,La Jonquera,Girona,Cataluña
17710,Sant Climent Sescebes,Girona,Cataluña
17720,Maçanet de Cabrenys,Girona,Cataluña
17721,Maçanet de Cabrenys,Girona,Cataluña
17722,Darnius,Girona,Cataluña
17722,Maçanet de Cabrenys,Girona,Cataluña
17723,Boadella i les Escaules,Girona,Cataluña
17723,Biure,Girona,Cataluña
17730,Llers,Girona,Cataluña
17731,Terrades,Girona,Cataluña
17732,Sant Llorenç de la Muga,Girona,Cataluña
17732,Terrades,Girona,Cataluña
17733,Albanyà,Girona,Cataluña
17734,Albanyà,Girona,Cataluña
17740,Vilafant,Girona,Cataluña
17741,Cistella,Girona,Cataluña
17741,Vilanant,Girona,Cataluña
17742,Avinyonet de Puigventós,Girona,Cataluña
17743,Vilanant,Girona,Cataluña
17744,Navata,Girona,Cataluña
17745,Lladó,Girona,Cataluña
17746,Cabanelles,Girona,Cataluña
17747,Cabanelles,Girona,Cataluña
17750,Capmany,Girona,Cataluña
17751,Sant Climent Sescebes,Girona,Cataluña
17752,Mollet de Peralada,Girona,Cataluña
17753,Espolla,Girona,Cataluña
17754,Rabós,Girona,Cataluña
17755,Rabós,Girona,Cataluña
17760,Vilabertran,Girona,Cataluña
17761,Cabanes,Girona,Cataluña
17762,Masarac i Vilarnadal,Girona,Cataluña
17763,Masarac i Vilarnadal,Girona,Cataluña
17770,Borrassà,Girona,Cataluña
17771,Santa Llogaia d'Àlguema,Girona,Cataluña
17772,Ordis,Girona,Cataluña
17773,Garrigàs,Girona,Cataluña
17773,Pontós,Girona,Cataluña
17780,Garriguella,Girona,Cataluña
17781,Vilamaniscle,Girona,Cataluña
17800,Olot,Girona,Cataluña
17810,Olot,Girona,Cataluña
17811,Santa Pau,Girona,Cataluña
17812,Olot,Girona,Cataluña
17813,La Vall de Bianya,Girona,Cataluña
17820,Banyoles,Girona,Cataluña
17830,Mieres,Girona,Cataluña
17830,Sant Ferriol,Girona,Cataluña
17830,Sant Miquel de Campmajor,Girona,Cataluña
17831,Sant Miquel de Campmajor,Girona,Cataluña
17832,Crespià,Girona,Cataluña
17832,Esponellà,Girona,Cataluña
17833,Fontcoberta,Girona,Cataluña
17833,Vilademuls,Girona,Cataluña
17834,Banyoles,Girona,Cataluña
17834,Camós,Girona,Cataluña
17834,Porqueres,Girona,Cataluña
17840,Sarrià de Ter,Girona,Cataluña
17843,Canet d'Adri,Girona,Cataluña
17843,Palol de Revardit,Girona,Cataluña
17844,Cornellà del Terri,Girona,Cataluña
17845,Cornellà del Terri,Girona,Cataluña
17846,Porqueres,Girona,Cataluña
17850,Besalú,Girona,Cataluña
17850,Beuda,Girona,Cataluña
17850,Sant Ferriol,Girona,Cataluña
17851,Maià de Montcal,Girona,Cataluña
17852,Serinyà,Girona,Cataluña
17853,Argelaguer,Girona,Cataluña
17853,Sales de Llierca,Girona,Cataluña
17853,Tortellà,Girona,Cataluña
17854,Sant Jaume de Llierca,Girona,Cataluña
17855,Montagut i Oix,Girona,Cataluña
17856,Castellfollit de la Roca,Girona,Cataluña
17857,Sant Joan les Fonts,Girona,Cataluña
17858,La Vall de Bianya,Girona,Cataluña
17860,Sant Joan de les Abadesses,Girona,Cataluña
17861,Ogassa,Girona,Cataluña
17862,Vallfogona de Ripollès,Girona,Cataluña
17863,Ripoll,Girona,Cataluña
17864,Sant Pau de Segúries,Girona,Cataluña
17866,Camprodon,Girona,Cataluña
17867,Camprodon,Girona,Cataluña
17868,Molló,Girona,Cataluña
17869,Llanars,Girona,Cataluña
17869,Setcases,Girona,Cataluña
17869,Vilallonga de Ter,Girona,Cataluña
18001,Granada,Granada,Andalucía
18002,Granada,Granada,Andalucía
18003,Granada,Granada,Andalucía
18004,Granada,Granada,Andalucía
18005,Granada,Granada,Andalucía
18006,Granada,Granada,Andalucía
18007,Granada,Granada,Andalucía
18008,Granada,Granada,Andalucía
18009,Granada,Granada,Andalucía
18010,Granada,Granada,Andalucía
18011,Granada,Granada,Andalucía
18012,Granada,Granada,Andalucía
18013,Granada,Granada,Andalucía
18014,Granada,Granada,Andalucía
18015,Granada,Granada,Andalucía
18016,Armilla,Granada,Andalucía
18016,Granada,Granada,Andalucía
18016,Ogíjares,Granada,Andalucía
18016,La Zubia,Granada,Andalucía
18100,Armilla,Granada,Andalucía
18100,Ogíjares,Granada,Andalucía
18101,Vegas del Genil,Granada,Andalucía
18102,Vegas del Genil,Granada,Andalucía
18110,Las Gabias,Granada,Andalucía
18120,Alhama de Granada,Granada,Andalucía
18125,Alhama de Granada,Granada,Andalucía
18126,Arenas del Rey,Granada,Andalucía
18127,Arenas del Rey,Granada,Andalucía
18127,Jayena,Granada,Andalucía
18128,Zafarraya,Granada,Andalucía
18129,Arenas del Rey,Granada,Andalucía
18129,Cacín,Granada,Andalucía
18129,Santa Cruz del Comercio,Granada,Andalucía
18130,Escúzar,Granada,Andalucía
18130,La Malahá,Granada,Andalucía
18131,Ventas de Huelma,Granada,Andalucía
18132,Agrón,Granada,Andalucía
18140,La Zubia,Granada,Andalucía
18150,Gójar,Granada,Andalucía
18151,Ogíjares,Granada,Andalucía
18152,Dílar,Granada,Andalucía
18160,Güéjar Sierra,Granada,Andalucía
18170,Alfacar,Granada,Andalucía
18179,Víznar,Granada,Andalucía
18180,Diezma,Granada,Andalucía
18181,Darro,Granada,Andalucía
18181,Diezma,Granada,Andalucía
18181,La Peza,Granada,Andalucía
18182,Granada,Granada,Andalucía
18183,Huétor de Santillán,Granada,Andalucía
18184,Beas de Granada,Granada,Andalucía
18190,Cenes de la Vega,Granada,Andalucía
18191,Güéjar Sierra,Granada,Andalucía
18191,Pinos Genil,Granada,Andalucía
18192,Dúdar,Granada,Andalucía
18192,Quéntar,Granada,Andalucía
18193,Monachil,Granada,Andalucía
18194,Churriana de la Vega,Granada,Andalucía
18195,Cúllar Vega,Granada,Andalucía
18196,Monachil,Granada,Andalucía
18197,Pulianas,Granada,Andalucía
18198,Huétor Vega,Granada,Andalucía
18199,Cájar,Granada,Andalucía
18200,Maracena,Granada,Andalucía
18210,Peligros,Granada,Andalucía
18211,Cogollos de la Vega,Granada,Andalucía
18212,Güevéjar,Granada,Andalucía
18213,Jun,Granada,Andalucía
18214,Nívar,Granada,Andalucía
18220,Albolote,Granada,Andalucía
18230,Atarfe,Granada,Andalucía
18240,Pinos Puente,Granada,Andalucía
18247,Moclín,Granada,Andalucía
18248,Moclín,Granada,Andalucía
18249,Moclín,Granada,Andalucía
18250,Pinos Puente,Granada,Andalucía
18260,Íllora,Granada,Andalucía
18270,Montefrío,Granada,Andalucía
18280,Algarinejo,Granada,Andalucía
18290,Albolote,Granada,Andalucía
18290,Atarfe,Granada,Andalucía
18290,Calicasas,Granada,Andalucía
18291,Pinos Puente,Granada,Andalucía
18293,Íllora,Granada,Andalucía
18295,Algarinejo,Granada,Andalucía
18300,Huétor Tájar,Granada,Andalucía
18300,Loja,Granada,Andalucía
18310,Salar,Granada,Andalucía
18311,Algarinejo,Granada,Andalucía
18311,Loja,Granada,Andalucía
18311,Zagra,Granada,Andalucía
18312,Iznájar,Córdoba,Andalucía
18312,Loja,Granada,Andalucía
18313,Loja,Granada,Andalucía
18314,Loja,Granada,Andalucía
18320,Santa Fe,Granada,Andalucía
18327,Láchar,Granada,Andalucía
18328,Láchar,Granada,Andalucía
18328,Pinos Puente,Granada,Andalucía
18329,Chimeneas,Granada,Andalucía
18329,Santa Fe,Granada,Andalucía
18330,Atarfe,Granada,Andalucía
18330,Chauchina,Granada,Andalucía
18330,Santa Fe,Granada,Andalucía
18339,Cijuela,Granada,Andalucía
18339,Chauchina,Granada,Andalucía
18340,Fuente Vaqueros,Granada,Andalucía
18340,Pinos Puente,Granada,Andalucía
18350,Íllora,Granada,Andalucía
18360,Huétor Tájar,Granada,Andalucía
18360,Loja,Granada,Andalucía
18369,Villanueva Mesía,Granada,Andalucía
18370,Moraleda de Zafayona,Granada,Andalucía
18380,Íllora,Granada,Andalucía
18381,Íllora,Granada,Andalucía
18400,Órgiva,Granada,Andalucía
18410,Carataunas,Granada,Andalucía
18410,Órgiva,Granada,Andalucía
18410,Soportújar,Granada,Andalucía
18411,Pampaneira,Granada,Andalucía
18412,Bubión,Granada,Andalucía
18413,Capileira,Granada,Andalucía
18414,La Taha,Granada,Andalucía
18415,Pórtugos,Granada,Andalucía
18416,Busquístar,Granada,Andalucía
18417,Trevélez,Granada,Andalucía
18418,Cáñar,Granada,Andalucía
18418,Órgiva,Granada,Andalucía
18420,Lanjarón,Granada,Andalucía
18430,Torvizcón,Granada,Andalucía
18438,Almegíjar,Granada,Andalucía
18439,Cástaras,Granada,Andalucía
18440,Cádiar,Granada,Andalucía
18448,Cádiar,Granada,Andalucía
18449,Lobras,Granada,Andalucía
18450,Alpujarra de la Sierra,Granada,Andalucía
18451,Bérchules,Granada,Andalucía
18452,Juviles,Granada,Andalucía
18460,Alpujarra de la Sierra,Granada,Andalucía
18470,Válor,Granada,Andalucía
18480,Ugíjar,Granada,Andalucía
18490,Murtas,Granada,Andalucía
18491,Turón,Granada,Andalucía
18492,Murtas,Granada,Andalucía
18492,Ugíjar,Granada,Andalucía
18494,Ugíjar,Granada,Andalucía
18494,Nevada,Granada,Andalucía
18500,Guadix,Granada,Andalucía
18510,Benalúa,Granada,Andalucía
18511,Valle del Zalabí,Granada,Andalucía
18512,Dólar,Granada,Andalucía
18512,Huéneja,Granada,Andalucía
18512,La Calahorra,Granada,Andalucía
18513,Ferreira,Granada,Andalucía
18514,Aldeire,Granada,Andalucía
18515,Fonelas,Granada,Andalucía
18515,Guadix,Granada,Andalucía
18515,Purullena,Granada,Andalucía
18516,Beas de Guadix,Granada,Andalucía
18516,Lugros,Granada,Andalucía
18516,Marchal,Granada,Andalucía
18516,Polícar,Granada,Andalucía
18517,Cortes y Graena,Granada,Andalucía
18517,La Peza,Granada,Andalucía
18517,Quéntar,Granada,Andalucía
18518,Albuñán,Granada,Andalucía
18518,Alquife,Granada,Andalucía
18518,Cogollos de Guadix,Granada,Andalucía
18518,Jérez del Marquesado,Granada,Andalucía
18518,Lanteira,Granada,Andalucía
18519,Guadix,Granada,Andalucía
18519,Purullena,Granada,Andalucía
18520,Alamedilla,Granada,Andalucía
18530,Pedro Martínez,Granada,Andalucía
18538,Alicún de Ortega,Granada,Andalucía
18538,Dehesas de Guadix,Granada,Andalucía
18538,Huesa,Jaén,Andalucía
18539,Villanueva de las Torres,Granada,Andalucía
18540,Gobernador,Granada,Andalucía
18540,Huélago,Granada,Andalucía
18540,Morelábor,Granada,Andalucía
18550,Iznalloz,Granada,Andalucía
18560,Guadahortuna,Granada,Andalucía
18561,Montejícar,Granada,Andalucía
18562,Píñar,Granada,Andalucía
18563,Gobernador,Granada,Andalucía
18563,Torre-Cardela,Granada,Andalucía
18564,Colomera,Granada,Andalucía
18565,Campotéjar,Granada,Andalucía
18566,Benalúa de las Villas,Granada,Andalucía
18567,Iznalloz,Granada,Andalucía
18568,Píñar,Granada,Andalucía
18569,Moclín,Granada,Andalucía
18569,Montillana,Granada,Andalucía
18570,Deifontes,Granada,Andalucía
18600,Motril,Granada,Andalucía
18610,Salobreña,Granada,Andalucía
18611,Molvízar,Granada,Andalucía
18612,Ítrabo,Granada,Andalucía
18613,Motril,Granada,Andalucía
18614,Gualchos,Granada,Andalucía
18614,Lújar,Granada,Andalucía
18614,Motril,Granada,Andalucía
18615,Los Guájares,Granada,Andalucía
18616,Vélez de Benaudalla,Granada,Andalucía
18620,Alhendín,Granada,Andalucía
18630,Villa de Otura,Granada,Andalucía
18640,Padul,Granada,Andalucía
18650,Dúrcal,Granada,Andalucía
18656,Lecrín,Granada,Andalucía
18657,Nigüelas,Granada,Andalucía
18658,El Valle,Granada,Andalucía
18658,El Pinar,Granada,Andalucía
18659,Albuñuelas,Granada,Andalucía
18659,Dúrcal,Granada,Andalucía
18659,Villamena,Granada,Andalucía
18660,El Pinar,Granada,Andalucía
18670,Vélez de Benaudalla,Granada,Andalucía
18680,Salobreña,Granada,Andalucía
18690,Almuñécar,Granada,Andalucía
18697,Almuñécar,Granada,Andalucía
18698,Otívar,Granada,Andalucía
18699,Jete,Granada,Andalucía
18699,Lentegí,Granada,Andalucía
18700,Albuñol,Granada,Andalucía
18708,Albondón,Granada,Andalucía
18710,Órgiva,Granada,Andalucía
18710,Polopos,Granada,Andalucía
18710,Sorvilán,Granada,Andalucía
18711,Rubite,Granada,Andalucía
18713,Sorvilán,Granada,Andalucía
18720,Motril,Granada,Andalucía
18730,Motril,Granada,Andalucía
18740,Gualchos,Granada,Andalucía
18750,Polopos,Granada,Andalucía
18760,Albuñol,Granada,Andalucía
18770,Albuñol,Granada,Andalucía
18800,Baza,Granada,Andalucía
18810,Baza,Granada,Andalucía
18810,Caniles,Granada,Andalucía
18811,Zújar,Granada,Andalucía
18812,Freila,Granada,Andalucía
18813,Cuevas del Campo,Granada,Andalucía
18814,Cortes de Baza,Granada,Andalucía
18815,Cortes de Baza,Granada,Andalucía
18816,Castril,Granada,Andalucía
18817,Benamaurel,Granada,Andalucía
18818,Castilléjar,Granada,Andalucía
18820,Puebla de Don Fadrique,Granada,Andalucía
18830,Huéscar,Granada,Andalucía
18840,Galera,Granada,Andalucía
18850,Cúllar,Granada,Andalucía
18858,Orce,Granada,Andalucía
18859,Cúllar,Granada,Andalucía
18860,Baza,Granada,Andalucía
18860,Guadix,Granada,Andalucía
18870,Gor,Granada,Andalucía
18870,Guadix,Granada,Andalucía
18880,Guadix,Granada,Andalucía
18890,Gorafe,Granada,Andalucía
18891,Baza,Granada,Andalucía
18891,Cúllar,Granada,Andalucía
19001,Guadalajara,Guadalajara,Castilla-La Mancha
19002,Guadalajara,Guadalajara,Castilla-La Mancha
19003,Guadalajara,Guadalajara,Castilla-La Mancha
19004,Guadalajara,Guadalajara,Castilla-La Mancha
19004,Marchamalo,Guadalajara,Castilla-La Mancha
19005,Guadalajara,Guadalajara,Castilla-La Mancha
19100,Pastrana,Guadalajara,Castilla-La Mancha
19110,Mondéjar,Guadalajara,Castilla-La Mancha
19111,Yebra,Guadalajara,Castilla-La Mancha
19112,Albares,Guadalajara,Castilla-La Mancha
19112,Pozo de Almoguera,Guadalajara,Castilla-La Mancha
19113,Fuentenovilla,Guadalajara,Castilla-La Mancha
19114,Mazuecos,Guadalajara,Castilla-La Mancha
19115,Almoguera,Guadalajara,Castilla-La Mancha
19116,Driebes,Guadalajara,Castilla-La Mancha
19117,Albalate de Zorita,Guadalajara,Castilla-La Mancha
19118,Almonacid de Zorita,Guadalajara,Castilla-La Mancha
19119,Albalate de Zorita,Guadalajara,Castilla-La Mancha
19119,Almonacid de Zorita,Guadalajara,Castilla-La Mancha
19119,Escariche,Guadalajara,Castilla-La Mancha
19119,Escopete,Guadalajara,Castilla-La Mancha
19119,Hontoba,Guadalajara,Castilla-La Mancha
19119,Hueva,Guadalajara,Castilla-La Mancha
19119,Illana,Guadalajara,Castilla-La Mancha
19119,Sayatón,Guadalajara,Castilla-La Mancha
19119,Zorita de los Canes,Guadalajara,Castilla-La Mancha
19120,Sacedón,Guadalajara,Castilla-La Mancha
19125,Alcocer,Guadalajara,Castilla-La Mancha
19126,Salmerón,Guadalajara,Castilla-La Mancha
19127,Castilforte,Guadalajara,Castilla-La Mancha
19127,Escamilla,Guadalajara,Castilla-La Mancha
19127,Millana,Guadalajara,Castilla-La Mancha
19127,Sacedón,Guadalajara,Castilla-La Mancha
19128,Chillarón del Rey,Guadalajara,Castilla-La Mancha
19128,Mantiel,Guadalajara,Castilla-La Mancha
19128,Pareja,Guadalajara,Castilla-La Mancha
19128,Sacedón,Guadalajara,Castilla-La Mancha
19129,Alique,Guadalajara,Castilla-La Mancha
19129,Pareja,Guadalajara,Castilla-La Mancha
19130,Auñón,Guadalajara,Castilla-La Mancha
19132,Alhóndiga,Guadalajara,Castilla-La Mancha
19132,Valdeconcha,Guadalajara,Castilla-La Mancha
19133,Alocén,Guadalajara,Castilla-La Mancha
19133,Berninches,Guadalajara,Castilla-La Mancha
19133,Budia,Guadalajara,Castilla-La Mancha
19133,Durón,Guadalajara,Castilla-La Mancha
19133,El Olivar,Guadalajara,Castilla-La Mancha
19134,Peñalver,Guadalajara,Castilla-La Mancha
19134,Tendilla,Guadalajara,Castilla-La Mancha
19135,Armuña de Tajuña,Guadalajara,Castilla-La Mancha
19139,Yebes,Guadalajara,Castilla-La Mancha
19140,Horche,Guadalajara,Castilla-La Mancha
19141,Aranzueque,Guadalajara,Castilla-La Mancha
19141,Loranca de Tajuña,Guadalajara,Castilla-La Mancha
19141,Valdarachas,Guadalajara,Castilla-La Mancha
19141,Yebes,Guadalajara,Castilla-La Mancha
19142,Lupiana,Guadalajara,Castilla-La Mancha
19142,Valdeavellano,Guadalajara,Castilla-La Mancha
19143,Irueste,Guadalajara,Castilla-La Mancha
19143,Romanones,Guadalajara,Castilla-La Mancha
19143,San Andrés del Rey,Guadalajara,Castilla-La Mancha
19143,Yélamos de Abajo,Guadalajara,Castilla-La Mancha
19143,Yélamos de Arriba,Guadalajara,Castilla-La Mancha
19144,Fuentelencina,Guadalajara,Castilla-La Mancha
19144,Fuentelviejo,Guadalajara,Castilla-La Mancha
19144,Moratilla de los Meleros,Guadalajara,Castilla-La Mancha
19145,Renera,Guadalajara,Castilla-La Mancha
19150,Guadalajara,Guadalajara,Castilla-La Mancha
19151,Centenera,Guadalajara,Castilla-La Mancha
19152,Aldeanueva de Guadalajara,Guadalajara,Castilla-La Mancha
19153,Atanzón,Guadalajara,Castilla-La Mancha
19160,Chiloeches,Guadalajara,Castilla-La Mancha
19161,Pozo de Guadalajara,Guadalajara,Castilla-La Mancha
19162,Loranca de Tajuña,Guadalajara,Castilla-La Mancha
19162,Pioz,Guadalajara,Castilla-La Mancha
19163,Chiloeches,Guadalajara,Castilla-La Mancha
19163,Guadalajara,Guadalajara,Castilla-La Mancha
19170,El Casar,Guadalajara,Castilla-La Mancha
19170,Galápagos,Guadalajara,Castilla-La Mancha
19171,Cabanillas del Campo,Guadalajara,Castilla-La Mancha
19174,Galápagos,Guadalajara,Castilla-La Mancha
19174,Torrejón del Rey,Guadalajara,Castilla-La Mancha
19174,Valdeaveruelo,Guadalajara,Castilla-La Mancha
19180,Marchamalo,Guadalajara,Castilla-La Mancha
19182,Fuentelahiguera de Albatages,Guadalajara,Castilla-La Mancha
19182,Guadalajara,Guadalajara,Castilla-La Mancha
19184,Casa de Uceda,Guadalajara,Castilla-La Mancha
19184,Tortuero,Guadalajara,Castilla-La Mancha
19184,Valdepeñas de la Sierra,Guadalajara,Castilla-La Mancha
19184,Villaseca de Uceda,Guadalajara,Castilla-La Mancha
19184,Viñuelas,Guadalajara,Castilla-La Mancha
19185,El Casar,Guadalajara,Castilla-La Mancha
19185,Valdeaveruelo,Guadalajara,Castilla-La Mancha
19185,Valdenuño Fernández,Guadalajara,Castilla-La Mancha
19186,El Cubillo de Uceda,Guadalajara,Castilla-La Mancha
19187,Uceda,Guadalajara,Castilla-La Mancha
19188,Uceda,Guadalajara,Castilla-La Mancha
19190,Torija,Guadalajara,Castilla-La Mancha
19192,Gajanejos,Guadalajara,Castilla-La Mancha
19192,Trijueque,Guadalajara,Castilla-La Mancha
19193,Guadalajara,Guadalajara,Castilla-La Mancha
19196,Argecilla,Guadalajara,Castilla-La Mancha
19196,Hita,Guadalajara,Castilla-La Mancha
19196,Ledanca,Guadalajara,Castilla-La Mancha
19196,Muduex,Guadalajara,Castilla-La Mancha
19196,Utande,Guadalajara,Castilla-La Mancha
19196,Valdearenas,Guadalajara,Castilla-La Mancha
19197,Cañizar,Guadalajara,Castilla-La Mancha
19197,Ciruelas,Guadalajara,Castilla-La Mancha
19197,Guadalajara,Guadalajara,Castilla-La Mancha
19197,Heras de Ayuso,Guadalajara,Castilla-La Mancha
19197,Torija,Guadalajara,Castilla-La Mancha
19197,Torre del Burgo,Guadalajara,Castilla-La Mancha
19198,Tórtola de Henares,Guadalajara,Castilla-La Mancha
19200,Azuqueca de Henares,Guadalajara,Castilla-La Mancha
19208,Alovera,Guadalajara,Castilla-La Mancha
19209,Quer,Guadalajara,Castilla-La Mancha
19209,Villanueva de la Torre,Guadalajara,Castilla-La Mancha
19210,Yunquera de Henares,Guadalajara,Castilla-La Mancha
19219,Málaga del Fresno,Guadalajara,Castilla-La Mancha
19219,Malaguilla,Guadalajara,Castilla-La Mancha
19220,Humanes,Guadalajara,Castilla-La Mancha
19222,Tamajón,Guadalajara,Castilla-La Mancha
19223,Campillo de Ranas,Guadalajara,Castilla-La Mancha
19223,Majaelrayo,Guadalajara,Castilla-La Mancha
19224,Valverde de los Arroyos,Guadalajara,Castilla-La Mancha
19225,La Mierla,Guadalajara,Castilla-La Mancha
19225,Puebla de Valles,Guadalajara,Castilla-La Mancha
19225,Retiendas,Guadalajara,Castilla-La Mancha
19225,Tamajón,Guadalajara,Castilla-La Mancha
19225,Valdesotos,Guadalajara,Castilla-La Mancha
19226,Mohernando,Guadalajara,Castilla-La Mancha
19227,Alarilla,Guadalajara,Castilla-La Mancha
19227,Matarrubia,Guadalajara,Castilla-La Mancha
19227,Robledillo de Mohernando,Guadalajara,Castilla-La Mancha
19227,Taragudo,Guadalajara,Castilla-La Mancha
19229,Cogolludo,Guadalajara,Castilla-La Mancha
19229,Humanes,Guadalajara,Castilla-La Mancha
19229,Montarrón,Guadalajara,Castilla-La Mancha
19229,Puebla de Beleña,Guadalajara,Castilla-La Mancha
19230,Cogolludo,Guadalajara,Castilla-La Mancha
19237,Arbancón,Guadalajara,Castilla-La Mancha
19237,Cogolludo,Guadalajara,Castilla-La Mancha
19237,Fuencemillán,Guadalajara,Castilla-La Mancha
19237,San Andrés del Congosto,Guadalajara,Castilla-La Mancha
19237,Zarzuela de Jadraque,Guadalajara,Castilla-La Mancha
19237,Semillas,Guadalajara,Castilla-La Mancha
19238,Arroyo de las Fraguas,Guadalajara,Castilla-La Mancha
19238,Cogolludo,Guadalajara,Castilla-La Mancha
19238,La Huerce,Guadalajara,Castilla-La Mancha
19238,El Ordial,Guadalajara,Castilla-La Mancha
19238,Valverde de los Arroyos,Guadalajara,Castilla-La Mancha
19239,Monasterio,Guadalajara,Castilla-La Mancha
19240,Jadraque,Guadalajara,Castilla-La Mancha
19242,Hiendelaencina,Guadalajara,Castilla-La Mancha
19243,Bustares,Guadalajara,Castilla-La Mancha
19243,Congostrina,Guadalajara,Castilla-La Mancha
19243,Gascueña de Bornova,Guadalajara,Castilla-La Mancha
19243,Las Navas de Jadraque,Guadalajara,Castilla-La Mancha
19243,Prádena de Atienza,Guadalajara,Castilla-La Mancha
19243,Robledo de Corpes,Guadalajara,Castilla-La Mancha
19243,La Toba,Guadalajara,Castilla-La Mancha
19243,Villares de Jadraque,Guadalajara,Castilla-La Mancha
19244,Condemios de Arriba,Guadalajara,Castilla-La Mancha
19244,El Ordial,Guadalajara,Castilla-La Mancha
19245,Angón,Guadalajara,Castilla-La Mancha
19245,Cendejas de Enmedio,Guadalajara,Castilla-La Mancha
19245,Cendejas de la Torre,Guadalajara,Castilla-La Mancha
19245,Jirueque,Guadalajara,Castilla-La Mancha
19245,Negredo,Guadalajara,Castilla-La Mancha
19245,Pálmaces de Jadraque,Guadalajara,Castilla-La Mancha
19245,Rebollosa de Jadraque,Guadalajara,Castilla-La Mancha
19245,Santiuste,Guadalajara,Castilla-La Mancha
19245,Torremocha de Jadraque,Guadalajara,Castilla-La Mancha
19246,Casas de San Galindo,Guadalajara,Castilla-La Mancha
19246,Hita,Guadalajara,Castilla-La Mancha
19246,Jadraque,Guadalajara,Castilla-La Mancha
19246,Medranda,Guadalajara,Castilla-La Mancha
19246,Miralrío,Guadalajara,Castilla-La Mancha
19246,Pinilla de Jadraque,Guadalajara,Castilla-La Mancha
19246,Villanueva de Argecilla,Guadalajara,Castilla-La Mancha
19247,Bujalaro,Guadalajara,Castilla-La Mancha
19247,Espinosa de Henares,Guadalajara,Castilla-La Mancha
19247,Membrillera,Guadalajara,Castilla-La Mancha
19248,Hita,Guadalajara,Castilla-La Mancha
19250,Sigüenza,Guadalajara,Castilla-La Mancha
19260,Alcolea del Pinar,Guadalajara,Castilla-La Mancha
19261,Alcolea del Pinar,Guadalajara,Castilla-La Mancha
19261,Luzaga,Guadalajara,Castilla-La Mancha
19262,Estriégana,Guadalajara,Castilla-La Mancha
19262,Saúca,Guadalajara,Castilla-La Mancha
19262,Sigüenza,Guadalajara,Castilla-La Mancha
19263,Sigüenza,Guadalajara,Castilla-La Mancha
19264,Sigüenza,Guadalajara,Castilla-La Mancha
19265,Sigüenza,Guadalajara,Castilla-La Mancha
19266,La Olmeda de Jadraque,Guadalajara,Castilla-La Mancha
19266,Sigüenza,Guadalajara,Castilla-La Mancha
19267,Sigüenza,Guadalajara,Castilla-La Mancha
19268,Algora,Guadalajara,Castilla-La Mancha
19268,Mirabueno,Guadalajara,Castilla-La Mancha
19268,Sigüenza,Guadalajara,Castilla-La Mancha
19268,Torremocha del Campo,Guadalajara,Castilla-La Mancha
19269,Paredes de Sigüenza,Guadalajara,Castilla-La Mancha
19269,Riofrío del Llano,Guadalajara,Castilla-La Mancha
19269,Sienes,Guadalajara,Castilla-La Mancha
19269,Sigüenza,Guadalajara,Castilla-La Mancha
19269,Valdelcubo,Guadalajara,Castilla-La Mancha
19270,Atienza,Guadalajara,Castilla-La Mancha
19274,Cantalojas,Guadalajara,Castilla-La Mancha
19275,Albendiego,Guadalajara,Castilla-La Mancha
19275,Campisábalos,Guadalajara,Castilla-La Mancha
19275,Cantalojas,Guadalajara,Castilla-La Mancha
19275,Condemios de Abajo,Guadalajara,Castilla-La Mancha
19275,Condemios de Arriba,Guadalajara,Castilla-La Mancha
19275,Galve de Sorbe,Guadalajara,Castilla-La Mancha
19275,Somolinos,Guadalajara,Castilla-La Mancha
19276,Atienza,Guadalajara,Castilla-La Mancha
19276,Bañuelos,Guadalajara,Castilla-La Mancha
19276,Hijes,Guadalajara,Castilla-La Mancha
19276,Miedes de Atienza,Guadalajara,Castilla-La Mancha
19276,La Miñosa,Guadalajara,Castilla-La Mancha
19276,Romanillos de Atienza,Guadalajara,Castilla-La Mancha
19276,Ujados,Guadalajara,Castilla-La Mancha
19277,Alcolea de las Peñas,Guadalajara,Castilla-La Mancha
19277,Atienza,Guadalajara,Castilla-La Mancha
19277,Cincovillas,Guadalajara,Castilla-La Mancha
19277,Paredes de Sigüenza,Guadalajara,Castilla-La Mancha
19277,Tordelrábano,Guadalajara,Castilla-La Mancha
19278,La Bodera,Guadalajara,Castilla-La Mancha
19278,La Miñosa,Guadalajara,Castilla-La Mancha
19280,Maranchón,Guadalajara,Castilla-La Mancha
19281,Maranchón,Guadalajara,Castilla-La Mancha
19283,Alcolea del Pinar,Guadalajara,Castilla-La Mancha
19283,Anguita,Guadalajara,Castilla-La Mancha
19283,Iniéstola,Guadalajara,Castilla-La Mancha
19285,Ciruelos del Pinar,Guadalajara,Castilla-La Mancha
19285,Luzón,Guadalajara,Castilla-La Mancha
19286,Anquela del Ducado,Guadalajara,Castilla-La Mancha
19286,Mazarete,Guadalajara,Castilla-La Mancha
19287,Anquela del Ducado,Guadalajara,Castilla-La Mancha
19287,Establés,Guadalajara,Castilla-La Mancha
19287,Fuentelsaz,Guadalajara,Castilla-La Mancha
19287,Maranchón,Guadalajara,Castilla-La Mancha
19287,Milmarcos,Guadalajara,Castilla-La Mancha
19287,Tartanedo,Guadalajara,Castilla-La Mancha
19290,Fontanar,Guadalajara,Castilla-La Mancha
19292,Copernal,Guadalajara,Castilla-La Mancha
19292,Espinosa de Henares,Guadalajara,Castilla-La Mancha
19294,Castejón de Henares,Guadalajara,Castilla-La Mancha
19294,Mandayona,Guadalajara,Castilla-La Mancha
19294,Matillas,Guadalajara,Castilla-La Mancha
19294,Villaseca de Henares,Guadalajara,Castilla-La Mancha
19295,Baides,Guadalajara,Castilla-La Mancha
19295,Huérmeces del Cerro,Guadalajara,Castilla-La Mancha
19295,Viana de Jadraque,Guadalajara,Castilla-La Mancha
19300,Molina de Aragón,Guadalajara,Castilla-La Mancha
19310,Alcoroches,Guadalajara,Castilla-La Mancha
19310,Checa,Guadalajara,Castilla-La Mancha
19310,Chequilla,Guadalajara,Castilla-La Mancha
19311,Orea,Guadalajara,Castilla-La Mancha
19312,Pinilla de Molina,Guadalajara,Castilla-La Mancha
19312,Terzaga,Guadalajara,Castilla-La Mancha
19312,Traíd,Guadalajara,Castilla-La Mancha
19313,Peralejos de las Truchas,Guadalajara,Castilla-La Mancha
19314,Taravilla,Guadalajara,Castilla-La Mancha
19315,Megina,Guadalajara,Castilla-La Mancha
19320,Alustante,Guadalajara,Castilla-La Mancha
19323,Tordesilos,Guadalajara,Castilla-La Mancha
19324,Setiles,Guadalajara,Castilla-La Mancha
19325,Adobes,Guadalajara,Castilla-La Mancha
19325,Piqueras,Guadalajara,Castilla-La Mancha
19325,Tordellego,Guadalajara,Castilla-La Mancha
19326,El Pobo de Dueñas,Guadalajara,Castilla-La Mancha
19327,El Pedregal,Guadalajara,Castilla-La Mancha
19328,Castellar de la Muela,Guadalajara,Castilla-La Mancha
19328,Hombrados,Guadalajara,Castilla-La Mancha
19328,Morenilla,Guadalajara,Castilla-La Mancha
19332,Algar de Mesa,Guadalajara,Castilla-La Mancha
19332,Mochales,Guadalajara,Castilla-La Mancha
19332,Tartanedo,Guadalajara,Castilla-La Mancha
19332,Villel de Mesa,Guadalajara,Castilla-La Mancha
19333,Tartanedo,Guadalajara,Castilla-La Mancha
19334,Tartanedo,Guadalajara,Castilla-La Mancha
19336,Pardos,Guadalajara,Castilla-La Mancha
19337,Torrubia,Guadalajara,Castilla-La Mancha
19338,Tortuera,Guadalajara,Castilla-La Mancha
19339,Embid,Guadalajara,Castilla-La Mancha
19339,Rueda de la Sierra,Guadalajara,Castilla-La Mancha
19340,Rillo de Gallo,Guadalajara,Castilla-La Mancha
19341,Corduente,Guadalajara,Castilla-La Mancha
19342,Herrería,Guadalajara,Castilla-La Mancha
19343,Corduente,Guadalajara,Castilla-La Mancha
19344,Corduente,Guadalajara,Castilla-La Mancha
19345,Torremocha del Pinar,Guadalajara,Castilla-La Mancha
19346,Selas,Guadalajara,Castilla-La Mancha
19350,Molina de Aragón,Guadalajara,Castilla-La Mancha
19351,Molina de Aragón,Guadalajara,Castilla-La Mancha
19352,Prados Redondos,Guadalajara,Castilla-La Mancha
19353,Prados Redondos,Guadalajara,Castilla-La Mancha
19354,Prados Redondos,Guadalajara,Castilla-La Mancha
19355,Torrecuadrada de Molina,Guadalajara,Castilla-La Mancha
19356,Torrecuadrada de Molina,Guadalajara,Castilla-La Mancha
19357,Anquela del Pedregal,Guadalajara,Castilla-La Mancha
19360,Campillo de Dueñas,Guadalajara,Castilla-La Mancha
19361,La Yunta,Guadalajara,Castilla-La Mancha
19362,Molina de Aragón,Guadalajara,Castilla-La Mancha
19363,Molina de Aragón,Guadalajara,Castilla-La Mancha
19390,Baños de Tajo,Guadalajara,Castilla-La Mancha
19390,Corduente,Guadalajara,Castilla-La Mancha
19390,Fuembellida,Guadalajara,Castilla-La Mancha
19390,Tierzo,Guadalajara,Castilla-La Mancha
19390,Valhermoso,Guadalajara,Castilla-La Mancha
19391,Castilnuevo,Guadalajara,Castilla-La Mancha
19391,Prados Redondos,Guadalajara,Castilla-La Mancha
19391,Torremochuela,Guadalajara,Castilla-La Mancha
19392,Corduente,Guadalajara,Castilla-La Mancha
19400,Brihuega,Guadalajara,Castilla-La Mancha
19411,Brihuega,Guadalajara,Castilla-La Mancha
19411,Valfermoso de Tajuña,Guadalajara,Castilla-La Mancha
19412,Brihuega,Guadalajara,Castilla-La Mancha
19412,Caspueñas,Guadalajara,Castilla-La Mancha
19412,Valdegrudas,Guadalajara,Castilla-La Mancha
19413,Brihuega,Guadalajara,Castilla-La Mancha
19420,Cifuentes,Guadalajara,Castilla-La Mancha
19429,Cifuentes,Guadalajara,Castilla-La Mancha
19431,Canredondo,Guadalajara,Castilla-La Mancha
19431,Cifuentes,Guadalajara,Castilla-La Mancha
19431,Torrecuadradilla,Guadalajara,Castilla-La Mancha
19432,Abánades,Guadalajara,Castilla-La Mancha
19432,Ocentejo,Guadalajara,Castilla-La Mancha
19432,Sacecorbo,Guadalajara,Castilla-La Mancha
19432,Torremocha del Campo,Guadalajara,Castilla-La Mancha
19441,Huertahernando,Guadalajara,Castilla-La Mancha
19441,Riba de Saelices,Guadalajara,Castilla-La Mancha
19442,Ablanque,Guadalajara,Castilla-La Mancha
19443,Cobeta,Guadalajara,Castilla-La Mancha
19443,Olmeda de Cobeta,Guadalajara,Castilla-La Mancha
19443,Saelices de la Sal,Guadalajara,Castilla-La Mancha
19444,Olmeda de Cobeta,Guadalajara,Castilla-La Mancha
19444,Zaorejas,Guadalajara,Castilla-La Mancha
19445,Anguita,Guadalajara,Castilla-La Mancha
19445,Esplegares,Guadalajara,Castilla-La Mancha
19445,Hortezuela de Océn,Guadalajara,Castilla-La Mancha
19445,Sotodosos,Guadalajara,Castilla-La Mancha
19450,Trillo,Guadalajara,Castilla-La Mancha
19458,Trillo,Guadalajara,Castilla-La Mancha
19459,Cifuentes,Guadalajara,Castilla-La Mancha
19459,Trillo,Guadalajara,Castilla-La Mancha
19460,Villanueva de Alcorón,Guadalajara,Castilla-La Mancha
19461,Armallones,Guadalajara,Castilla-La Mancha
19461,Zaorejas,Guadalajara,Castilla-La Mancha
19462,Peñalén,Guadalajara,Castilla-La Mancha
19463,Poveda de la Sierra,Guadalajara,Castilla-La Mancha
19490,Alaminos,Guadalajara,Castilla-La Mancha
19490,Almadrones,Guadalajara,Castilla-La Mancha
19490,Barriopedro,Guadalajara,Castilla-La Mancha
19490,Brihuega,Guadalajara,Castilla-La Mancha
19490,Cogollor,Guadalajara,Castilla-La Mancha
19490,Masegoso de Tajuña,Guadalajara,Castilla-La Mancha
19490,Valderrebollo,Guadalajara,Castilla-La Mancha
19491,Cifuentes,Guadalajara,Castilla-La Mancha
19491,Henche,Guadalajara,Castilla-La Mancha
19491,Las Inviernas,Guadalajara,Castilla-La Mancha
19491,Solanillos del Extremo,Guadalajara,Castilla-La Mancha
19491,El Sotillo,Guadalajara,Castilla-La Mancha
19491,Torremocha del Campo,Guadalajara,Castilla-La Mancha
19492,Arbeteta,Guadalajara,Castilla-La Mancha
19492,El Recuenco,Guadalajara,Castilla-La Mancha
19492,Trillo,Guadalajara,Castilla-La Mancha
19492,Valtablado del Río,Guadalajara,Castilla-La Mancha
19493,Peralveche,Guadalajara,Castilla-La Mancha
19495,Zaorejas,Guadalajara,Castilla-La Mancha
20001,Donostia/San Sebastián,Gipuzkoa,País Vasco
20002,Donostia/San Sebastián,Gipuzkoa,País Vasco
20003,Donostia/San Sebastián,Gipuzkoa,País Vasco
20004,Donostia/San Sebastián,Gipuzkoa,País Vasco
20005,Donostia/San Sebastián,Gipuzkoa,País Vasco
20006,Donostia/San Sebastián,Gipuzkoa,País Vasco
20007,Donostia/San Sebastián,Gipuzkoa,País Vasco
20008,Donostia/San Sebastián,Gipuzkoa,País Vasco
20009,Donostia/San Sebastián,Gipuzkoa,País Vasco
20010,Donostia/San Sebastián,Gipuzkoa,País Vasco
20011,Donostia/San Sebastián,Gipuzkoa,País Vasco
20012,Donostia/San Sebastián,Gipuzkoa,País Vasco
20013,Donostia/San Sebastián,Gipuzkoa,País Vasco
20014,Donostia/San Sebastián,Gipuzkoa,País Vasco
20014,Astigarraga,Gipuzkoa,País Vasco
20015,Donostia/San Sebastián,Gipuzkoa,País Vasco
20016,Donostia/San Sebastián,Gipuzkoa,País Vasco
20017,Pasaia,Gipuzkoa,País Vasco
20017,Errenteria,Gipuzkoa,País Vasco
20017,Donostia/San Sebastián,Gipuzkoa,País Vasco
20017,Astigarraga,Gipuzkoa,País Vasco
20018,Donostia/San Sebastián,Gipuzkoa,País Vasco
20100,Lezo,Gipuzkoa,País Vasco
20100,Errenteria,Gipuzkoa,País Vasco
20100,Donostia/San Sebastián,Gipuzkoa,País Vasco
20110,Pasaia,Gipuzkoa,País Vasco
20115,Astigarraga,Gipuzkoa,País Vasco
20120,Hernani,Gipuzkoa,País Vasco
20128,Hernani,Gipuzkoa,País Vasco
20130,Urnieta,Gipuzkoa,País Vasco
20140,Andoain,Gipuzkoa,País Vasco
20150,Aduna,Gipuzkoa,País Vasco
20150,Zizurkil,Gipuzkoa,País Vasco
20150,Villabona,Gipuzkoa,País Vasco
20159,Asteasu,Gipuzkoa,País Vasco
20159,Zizurkil,Gipuzkoa,País Vasco
20159,Larraul,Gipuzkoa,País Vasco
20160,Donostia/San Sebastián,Gipuzkoa,País Vasco
20160,Usurbil,Gipuzkoa,País Vasco
20160,Lasarte-Oria,Gipuzkoa,País Vasco
20170,Usurbil,Gipuzkoa,País Vasco
20180,Oiartzun,Gipuzkoa,País Vasco
20200,Beasain,Gipuzkoa,País Vasco
20210,Lazkao,Gipuzkoa,País Vasco
20211,Ataun,Gipuzkoa,País Vasco
20212,Olaberria,Gipuzkoa,País Vasco
20213,Idiazabal,Gipuzkoa,País Vasco
20214,Zerain,Gipuzkoa,País Vasco
20214,Mutiloa,Gipuzkoa,País Vasco
20214,Segura,Gipuzkoa,País Vasco
20215,Zegama,Gipuzkoa,País Vasco
20216,Ormaiztegi,Gipuzkoa,País Vasco
20217,Gabiria,Gipuzkoa,País Vasco
20218,Beasain,Gipuzkoa,País Vasco
20218,Ezkio-Itsaso,Gipuzkoa,País Vasco
20220,Gabiria,Gipuzkoa,País Vasco
20220,Legazpi,Gipuzkoa,País Vasco
20230,Legazpi,Gipuzkoa,País Vasco
20240,Ordizia,Gipuzkoa,País Vasco
20247,Zaldibia,Gipuzkoa,País Vasco
20248,Arama,Gipuzkoa,País Vasco
20248,Gaintza,Gipuzkoa,País Vasco
20248,Altzaga,Gipuzkoa,País Vasco
20249,Itsasondo,Gipuzkoa,País Vasco
20250,Legorreta,Gipuzkoa,País Vasco
20259,Baliarrain,Gipuzkoa,País Vasco
20260,Alegia,Gipuzkoa,País Vasco
20267,Ikaztegieta,Gipuzkoa,País Vasco
20267,Tolosa,Gipuzkoa,País Vasco
20268,Altzo,Gipuzkoa,País Vasco
20268,Amezketa,Gipuzkoa,País Vasco
20268,Tolosa,Gipuzkoa,País Vasco
20269,Abaltzisketa,Gipuzkoa,País Vasco
20269,Orendain,Gipuzkoa,País Vasco
20270,Anoeta,Gipuzkoa,País Vasco
20271,Irura,Gipuzkoa,País Vasco
20280,Hondarribia,Gipuzkoa,País Vasco
20301,Irun,Gipuzkoa,País Vasco
20302,Irun,Gipuzkoa,País Vasco
20303,Irun,Gipuzkoa,País Vasco
20304,Irun,Gipuzkoa,País Vasco
20305,Irun,Gipuzkoa,País Vasco
20400,Ibarra,Gipuzkoa,País Vasco
20400,Leaburu,Gipuzkoa,País Vasco
20400,Tolosa,Gipuzkoa,País Vasco
20490,Lizartza,Gipuzkoa,País Vasco
20490,Orexa,Gipuzkoa,País Vasco
20491,Belauntza,Gipuzkoa,País Vasco
20491,Leaburu,Gipuzkoa,País Vasco
20491,Gaztelu,Gipuzkoa,País Vasco
20492,Berastegi,Gipuzkoa,País Vasco
20493,Berastegi,Gipuzkoa,País Vasco
20493,Berrobi,Gipuzkoa,País Vasco
20493,Elduain,Gipuzkoa,País Vasco
20494,Alkiza,Gipuzkoa,País Vasco
20494,Hernialde,Gipuzkoa,País Vasco
20495,Albiztur,Gipuzkoa,País Vasco
20496,Bidania-Goiatz,Gipuzkoa,País Vasco
20500,Arrasate/Mondragón,Gipuzkoa,País Vasco
20530,Eskoriatza,Gipuzkoa,País Vasco
20530,Leintz-Gatzaga,Gipuzkoa,País Vasco
20540,Eskoriatza,Gipuzkoa,País Vasco
20550,Aretxabaleta,Gipuzkoa,País Vasco
20550,Eskoriatza,Gipuzkoa,País Vasco
20560,Oñati,Gipuzkoa,País Vasco
20567,Oñati,Gipuzkoa,País Vasco
20568,Oñati,Gipuzkoa,País Vasco
20569,Oñati,Gipuzkoa,País Vasco
20570,Bergara,Gipuzkoa,País Vasco
20577,Antzuola,Gipuzkoa,País Vasco
20578,Bergara,Gipuzkoa,País Vasco
20579,Bergara,Gipuzkoa,País Vasco
20580,Bergara,Gipuzkoa,País Vasco
20590,Soraluze-Placencia de las Armas,Gipuzkoa,País Vasco
20600,Eibar,Gipuzkoa,País Vasco
20690,Elgeta,Gipuzkoa,País Vasco
20700,Urretxu,Gipuzkoa,País Vasco
20700,Zumarraga,Gipuzkoa,País Vasco
20709,Ezkio-Itsaso,Gipuzkoa,País Vasco
20710,Zumarraga,Gipuzkoa,País Vasco
20720,Azkoitia,Gipuzkoa,País Vasco
20730,Azpeitia,Gipuzkoa,País Vasco
20737,Errezil,Gipuzkoa,País Vasco
20738,Azpeitia,Gipuzkoa,País Vasco
20739,Beizama,Gipuzkoa,País Vasco
20740,Zestoa,Gipuzkoa,País Vasco
20749,Aizarnazabal,Gipuzkoa,País Vasco
20749,Zestoa,Gipuzkoa,País Vasco
20750,Zumaia,Gipuzkoa,País Vasco
20759,Zumaia,Gipuzkoa,País Vasco
20800,Aia,Gipuzkoa,País Vasco
20800,Zarautz,Gipuzkoa,País Vasco
20808,Getaria,Gipuzkoa,País Vasco
20809,Aia,Gipuzkoa,País Vasco
20810,Aia,Gipuzkoa,País Vasco
20810,Orio,Gipuzkoa,País Vasco
20820,Deba,Gipuzkoa,País Vasco
20829,Deba,Gipuzkoa,País Vasco
20830,Mutriku,Gipuzkoa,País Vasco
20850,Mendaro,Gipuzkoa,País Vasco
20860,Elgoibar,Gipuzkoa,País Vasco
20870,Elgoibar,Gipuzkoa,País Vasco
21001,Huelva,Huelva,Andalucía
21002,Huelva,Huelva,Andalucía
21003,Huelva,Huelva,Andalucía
21004,Huelva,Huelva,Andalucía
21005,Huelva,Huelva,Andalucía
21006,Huelva,Huelva,Andalucía
21007,Huelva,Huelva,Andalucía
21100,Punta Umbría,Huelva,Andalucía
21110,Aljaraque,Huelva,Andalucía
21120,Aljaraque,Huelva,Andalucía
21122,Aljaraque,Huelva,Andalucía
21130,Moguer,Huelva,Andalucía
21130,Palos de la Frontera,Huelva,Andalucía
21200,Aracena,Huelva,Andalucía
21207,Aracena,Huelva,Andalucía
21207,Linares de la Sierra,Huelva,Andalucía
21208,Aracena,Huelva,Andalucía
21208,Cortelazor,Huelva,Andalucía
21208,Los Marines,Huelva,Andalucía
21209,Aracena,Huelva,Andalucía
21209,Corteconcepción,Huelva,Andalucía
21209,Puerto Moral,Huelva,Andalucía
21210,Zufre,Huelva,Andalucía
21220,Higuera de la Sierra,Huelva,Andalucía
21230,Cortegana,Huelva,Andalucía
21239,Aroche,Huelva,Andalucía
21239,Cortegana,Huelva,Andalucía
21240,Aroche,Huelva,Andalucía
21250,Rosal de la Frontera,Huelva,Andalucía
21260,Santa Olalla del Cala,Huelva,Andalucía
21270,Cala,Huelva,Andalucía
21280,Arroyomolinos de León,Huelva,Andalucía
21290,Almonaster la Real,Huelva,Andalucía
21290,Jabugo,Huelva,Andalucía
21291,Galaroza,Huelva,Andalucía
21291,La Nava,Huelva,Andalucía
21291,Valdelarco,Huelva,Andalucía
21292,Castaño del Robledo,Huelva,Andalucía
21292,Fuenteheridos,Huelva,Andalucía
21300,Calañas,Huelva,Andalucía
21309,Calañas,Huelva,Andalucía
21310,Calañas,Huelva,Andalucía
21319,Calañas,Huelva,Andalucía
21320,El Cerro de Andévalo,Huelva,Andalucía
21330,Almonaster la Real,Huelva,Andalucía
21330,El Cerro de Andévalo,Huelva,Andalucía
21330,Cortegana,Huelva,Andalucía
21340,Alájar,Huelva,Andalucía
21342,Almonaster la Real,Huelva,Andalucía
21350,Almonaster la Real,Huelva,Andalucía
21359,Almonaster la Real,Huelva,Andalucía
21359,Santa Ana la Real,Huelva,Andalucía
21360,Jabugo,Huelva,Andalucía
21380,Cumbres Mayores,Huelva,Andalucía
21386,Cumbres de San Bartolomé,Huelva,Andalucía
21387,Cumbres de Enmedio,Huelva,Andalucía
21388,Cañaveral de León,Huelva,Andalucía
21388,Hinojales,Huelva,Andalucía
21390,Encinasola,Huelva,Andalucía
21400,Ayamonte,Huelva,Andalucía
21409,Ayamonte,Huelva,Andalucía
21410,Isla Cristina,Huelva,Andalucía
21420,Ayamonte,Huelva,Andalucía
21420,Isla Cristina,Huelva,Andalucía
21430,Isla Cristina,Huelva,Andalucía
21431,Isla Cristina,Huelva,Andalucía
21440,Lepe,Huelva,Andalucía
21449,Lepe,Huelva,Andalucía
21450,Cartaya,Huelva,Andalucía
21459,Cartaya,Huelva,Andalucía
21459,Punta Umbría,Huelva,Andalucía
21500,Gibraleón,Huelva,Andalucía
21510,San Bartolomé de la Torre,Huelva,Andalucía
21520,Alosno,Huelva,Andalucía
21530,Alosno,Huelva,Andalucía
21540,Villanueva de los Castillejos,Huelva,Andalucía
21550,Puebla de Guzmán,Huelva,Andalucía
21559,Puebla de Guzmán,Huelva,Andalucía
21560,Paymogo,Huelva,Andalucía
21570,Santa Bárbara de Casa,Huelva,Andalucía
21580,Cabezas Rubias,Huelva,Andalucía
21580,El Cerro de Andévalo,Huelva,Andalucía
21590,Villablanca,Huelva,Andalucía
21591,San Silvestre de Guzmán,Huelva,Andalucía
21592,Villanueva de las Cruces,Huelva,Andalucía
21593,El Almendro,Huelva,Andalucía
21594,El Granado,Huelva,Andalucía
21595,Sanlúcar de Guadiana,Huelva,Andalucía
21600,Valverde del Camino,Huelva,Andalucía
21609,Beas,Huelva,Andalucía
21610,San Juan del Puerto,Huelva,Andalucía
21620,Trigueros,Huelva,Andalucía
21630,Beas,Huelva,Andalucía
21639,Beas,Huelva,Andalucía
21639,San Juan del Puerto,Huelva,Andalucía
21640,Zalamea la Real,Huelva,Andalucía
21647,Berrocal,Huelva,Andalucía
21647,Zalamea la Real,Huelva,Andalucía
21649,Almonaster la Real,Huelva,Andalucía
21649,El Campillo,Huelva,Andalucía
21649,Zalamea la Real,Huelva,Andalucía
21650,El Campillo,Huelva,Andalucía
21660,Minas de Riotinto,Huelva,Andalucía
21668,Campofrío,Huelva,Andalucía
21668,La Granada de Río-Tinto,Huelva,Andalucía
21669,Minas de Riotinto,Huelva,Andalucía
21670,Nerva,Huelva,Andalucía
21700,La Palma del Condado,Huelva,Andalucía
21710,Bollullos Par del Condado,Huelva,Andalucía
21720,Rociana del Condado,Huelva,Andalucía
21730,Almonte,Huelva,Andalucía
21740,Hinojos,Huelva,Andalucía
21750,Almonte,Huelva,Andalucía
21760,Almonte,Huelva,Andalucía
21800,Moguer,Huelva,Andalucía
21810,Palos de la Frontera,Huelva,Andalucía
21819,Palos de la Frontera,Huelva,Andalucía
21820,Lucena del Puerto,Huelva,Andalucía
21830,Bonares,Huelva,Andalucía
21840,Niebla,Huelva,Andalucía
21850,Villarrasa,Huelva,Andalucía
21860,Villalba del Alcor,Huelva,Andalucía
21870,Escacena del Campo,Huelva,Andalucía
21880,Paterna del Campo,Huelva,Andalucía
21890,Manzanilla,Huelva,Andalucía
21891,Chucena,Huelva,Andalucía
22001,Huesca,Huesca,Aragón
22002,Huesca,Huesca,Aragón
22003,Huesca,Huesca,Aragón
22004,Huesca,Huesca,Aragón
22005,Huesca,Huesca,Aragón
22006,Huesca,Huesca,Aragón
22100,Sangarrén,Huesca,Aragón
22110,Salillas,Huesca,Aragón
22110,Sesa,Huesca,Aragón
22111,Monflorite-Lascasas,Huesca,Aragón
22112,Albero Alto,Huesca,Aragón
22113,Novales,Huesca,Aragón
22120,Siétamo,Huesca,Aragón
22121,Siétamo,Huesca,Aragón
22122,Angüés,Huesca,Aragón
22122,Ibieca,Huesca,Aragón
22122,Siétamo,Huesca,Aragón
22123,Angüés,Huesca,Aragón
22124,Lascellas-Ponzano,Huesca,Aragón
22125,Laluenga,Huesca,Aragón
22126,Laperdiguera,Huesca,Aragón
22131,Berbegal,Huesca,Aragón
22131,Peralta de Alcofea,Huesca,Aragón
22132,Barbuñales,Huesca,Aragón
22132,Pertusa,Huesca,Aragón
22132,Torres de Alcanadre,Huesca,Aragón
22133,Angüés,Huesca,Aragón
22133,Antillón,Huesca,Aragón
22133,Blecua y Torres,Huesca,Aragón
22134,Blecua y Torres,Huesca,Aragón
22135,Alcalá del Obispo,Huesca,Aragón
22135,Argavieso,Huesca,Aragón
22140,Loporzano,Huesca,Aragón
22141,Bierge,Huesca,Aragón
22141,Casbas de Huesca,Huesca,Aragón
22141,Loporzano,Huesca,Aragón
22142,Casbas de Huesca,Huesca,Aragón
22143,Abiego,Huesca,Aragón
22144,Bierge,Huesca,Aragón
22145,Alquézar,Huesca,Aragón
22146,Santa María de Dulcis,Huesca,Aragón
22147,Abiego,Huesca,Aragón
22147,Adahuesca,Huesca,Aragón
22148,Bárcabo,Huesca,Aragón
22148,Colungo,Huesca,Aragón
22149,Bárcabo,Huesca,Aragón
22149,Boltaña,Huesca,Aragón
22149,Aínsa-Sobrarbe,Huesca,Aragón
22150,Arguis,Huesca,Aragón
22150,Nueno,Huesca,Aragón
22150,Sabiñánigo,Huesca,Aragón
22160,La Sotonera,Huesca,Aragón
22161,La Sotonera,Huesca,Aragón
22162,La Sotonera,Huesca,Aragón
22190,Vicién,Huesca,Aragón
22191,Quicena,Huesca,Aragón
22192,Loporzano,Huesca,Aragón
22192,Tierz,Huesca,Aragón
22193,Igriés,Huesca,Aragón
22193,Nueno,Huesca,Aragón
22194,Alerre,Huesca,Aragón
22194,Banastás,Huesca,Aragón
22194,Chimillas,Huesca,Aragón
22194,Huesca,Huesca,Aragón
22195,Huesca,Huesca,Aragón
22196,Huesca,Huesca,Aragón
22196,Monflorite-Lascasas,Huesca,Aragón
22197,Huesca,Huesca,Aragón
22200,Sariñena,Huesca,Aragón
22210,Huerto,Huesca,Aragón
22210,Peralta de Alcofea,Huesca,Aragón
22212,Alberuela de Tubo,Huesca,Aragón
22212,Capdesaso,Huesca,Aragón
22212,Lalueza,Huesca,Aragón
22213,Lanaja,Huesca,Aragón
22213,Sariñena,Huesca,Aragón
22214,Lalueza,Huesca,Aragón
22215,Castelflorite,Huesca,Aragón
22215,Peralta de Alcofea,Huesca,Aragón
22215,Sariñena,Huesca,Aragón
22216,Lanaja,Huesca,Aragón
22216,Poleñino,Huesca,Aragón
22220,Albalatillo,Huesca,Aragón
22221,Sariñena,Huesca,Aragón
22222,Castejón de Monegros,Huesca,Aragón
22223,Valfarta,Huesca,Aragón
22230,Sena,Huesca,Aragón
22231,Villanueva de Sigena,Huesca,Aragón
22232,Ontiñena,Huesca,Aragón
22233,Chalamera,Huesca,Aragón
22234,Ballobar,Huesca,Aragón
22240,Tardienta,Huesca,Aragón
22250,Lanaja,Huesca,Aragón
22251,Alcubierre,Huesca,Aragón
22252,Robres,Huesca,Aragón
22253,Senés de Alcubierre,Huesca,Aragón
22254,Torralba de Aragón,Huesca,Aragón
22255,Albero Bajo,Huesca,Aragón
22255,Almuniente,Huesca,Aragón
22255,Barbués,Huesca,Aragón
22255,Grañén,Huesca,Aragón
22255,Torres de Barbués,Huesca,Aragón
22260,Grañén,Huesca,Aragón
22268,Grañén,Huesca,Aragón
22268,Lalueza,Huesca,Aragón
22268,Piracés,Huesca,Aragón
22268,Tramaced,Huesca,Aragón
22269,Almuniente,Huesca,Aragón
22269,Grañén,Huesca,Aragón
22270,Almudévar,Huesca,Aragón
22280,Gurrea de Gállego,Huesca,Aragón
22281,Gurrea de Gállego,Huesca,Aragón
22282,Alcalá de Gurrea,Huesca,Aragón
22283,Alcalá de Gurrea,Huesca,Aragón
22283,Almudévar,Huesca,Aragón
22300,Barbastro,Huesca,Aragón
22310,Castejón del Puente,Huesca,Aragón
22311,Azara,Huesca,Aragón
22311,Azlor,Huesca,Aragón
22311,Peraltilla,Huesca,Aragón
22312,El Grado,Huesca,Aragón
22312,Hoz y Costean,Huesca,Aragón
22313,Castillazuelo,Huesca,Aragón
22313,Pozán de Vero,Huesca,Aragón
22313,Santa María de Dulcis,Huesca,Aragón
22314,Salas Altas,Huesca,Aragón
22314,Salas Bajas,Huesca,Aragón
22315,Barbastro,Huesca,Aragón
22315,Hoz y Costean,Huesca,Aragón
22320,Bárcabo,Huesca,Aragón
22320,Naval,Huesca,Aragón
22330,Aínsa-Sobrarbe,Huesca,Aragón
22336,La Fueva,Huesca,Aragón
22336,El Pueyo de Araguás,Huesca,Aragón
22336,Aínsa-Sobrarbe,Huesca,Aragón
22337,Foradada del Toscar,Huesca,Aragón
22337,La Fueva,Huesca,Aragón
22337,Palo,Huesca,Aragón
22338,El Pueyo de Araguás,Huesca,Aragón
22339,Aínsa-Sobrarbe,Huesca,Aragón
22340,Boltaña,Huesca,Aragón
22347,Boltaña,Huesca,Aragón
22348,Boltaña,Huesca,Aragón
22349,Boltaña,Huesca,Aragón
22349,Aínsa-Sobrarbe,Huesca,Aragón
22350,Bielsa,Huesca,Aragón
22351,Bielsa,Huesca,Aragón
22360,Labuerda,Huesca,Aragón
22361,Laspuña,Huesca,Aragón
22362,Puértolas,Huesca,Aragón
22363,Puértolas,Huesca,Aragón
22364,Tella-Sin,Huesca,Aragón
22365,Bielsa,Huesca,Aragón
22365,Tella-Sin,Huesca,Aragón
22366,Plan,Huesca,Aragón
22366,Tella-Sin,Huesca,Aragón
22367,Gistaín,Huesca,Aragón
22367,Plan,Huesca,Aragón
22367,San Juan de Plan,Huesca,Aragón
22370,Broto,Huesca,Aragón
22371,Fiscal,Huesca,Aragón
22372,Broto,Huesca,Aragón
22372,Fiscal,Huesca,Aragón
22373,Broto,Huesca,Aragón
22373,Fiscal,Huesca,Aragón
22374,Broto,Huesca,Aragón
22375,Broto,Huesca,Aragón
22375,Fanlo,Huesca,Aragón
22376,Torla-Ordesa,Huesca,Aragón
22377,Torla-Ordesa,Huesca,Aragón
22378,Torla-Ordesa,Huesca,Aragón
22390,El Grado,Huesca,Aragón
22391,Secastilla,Huesca,Aragón
22392,Abizanda,Huesca,Aragón
22393,Abizanda,Huesca,Aragón
22394,La Fueva,Huesca,Aragón
22394,Aínsa-Sobrarbe,Huesca,Aragón
22395,Aínsa-Sobrarbe,Huesca,Aragón
22400,Monzón,Huesca,Aragón
22410,Alcolea de Cinca,Huesca,Aragón
22411,San Miguel del Cinca,Huesca,Aragón
22412,San Miguel del Cinca,Huesca,Aragón
22413,San Miguel del Cinca,Huesca,Aragón
22414,Monzón,Huesca,Aragón
22415,Ilche,Huesca,Aragón
22415,Monzón,Huesca,Aragón
22416,Alfántega,Huesca,Aragón
22416,Pueyo de Santa Cruz,Huesca,Aragón
22417,Almunia de San Juan,Huesca,Aragón
22417,Fonz,Huesca,Aragón
22420,Almunia de San Juan,Huesca,Aragón
22421,Azanuy-Alins,Huesca,Aragón
22422,Fonz,Huesca,Aragón
22423,Estadilla,Huesca,Aragón
22424,Estada,Huesca,Aragón
22430,Graus,Huesca,Aragón
22435,La Puebla de Castro,Huesca,Aragón
22436,Graus,Huesca,Aragón
22437,Graus,Huesca,Aragón
22438,La Fueva,Huesca,Aragón
22438,Graus,Huesca,Aragón
22439,Olvena,Huesca,Aragón
22439,Secastilla,Huesca,Aragón
22440,Benasque,Huesca,Aragón
22449,Benasque,Huesca,Aragón
22450,Campo,Huesca,Aragón
22450,Foradada del Toscar,Huesca,Aragón
22451,Foradada del Toscar,Huesca,Aragón
22451,Torre la Ribera,Huesca,Aragón
22451,Valle de Bardají,Huesca,Aragón
22451,Valle de Lierp,Huesca,Aragón
22452,Foradada del Toscar,Huesca,Aragón
22452,La Fueva,Huesca,Aragón
22460,Perarrúa,Huesca,Aragón
22461,Graus,Huesca,Aragón
22461,Santaliestra y San Quílez,Huesca,Aragón
22462,Foradada del Toscar,Huesca,Aragón
22463,Seira,Huesca,Aragón
22464,Seira,Huesca,Aragón
22465,Castejón de Sos,Huesca,Aragón
22465,Chía,Huesca,Aragón
22466,Bisaurri,Huesca,Aragón
22466,Castejón de Sos,Huesca,Aragón
22467,Castejón de Sos,Huesca,Aragón
22467,Sahún,Huesca,Aragón
22467,Sesué,Huesca,Aragón
22467,Villanova,Huesca,Aragón
22468,Sahún,Huesca,Aragón
22469,Benasque,Huesca,Aragón
22469,Sahún,Huesca,Aragón
22470,Bisaurri,Huesca,Aragón
22471,Laspaúles,Huesca,Aragón
22472,Laspaúles,Huesca,Aragón
22473,Laspaúles,Huesca,Aragón
22473,Montanuy,Huesca,Aragón
22474,Laspaúles,Huesca,Aragón
22474,Montanuy,Huesca,Aragón
22480,Capella,Huesca,Aragón
22480,Graus,Huesca,Aragón
22481,Graus,Huesca,Aragón
22482,Isábena,Huesca,Aragón
22483,Isábena,Huesca,Aragón
22483,Torre la Ribera,Huesca,Aragón
22484,Torre la Ribera,Huesca,Aragón
22484,Beranuy,Huesca,Aragón
22485,Beranuy,Huesca,Aragón
22486,Bonansa,Huesca,Aragón
22486,Montanuy,Huesca,Aragón
22487,Montanuy,Huesca,Aragón
22500,Binéfar,Huesca,Aragón
22510,Binaced,Huesca,Aragón
22511,Binaced,Huesca,Aragón
22512,San Esteban de Litera,Huesca,Aragón
22513,Peralta de Calasanz,Huesca,Aragón
22514,Peralta de Calasanz,Huesca,Aragón
22520,Fraga,Huesca,Aragón
22528,Velilla de Cinca,Huesca,Aragón
22529,Fraga,Huesca,Aragón
22530,Zaidín,Huesca,Aragón
22531,Osso de Cinca,Huesca,Aragón
22532,Osso de Cinca,Huesca,Aragón
22533,Belver de Cinca,Huesca,Aragón
22534,Albalate de Cinca,Huesca,Aragón
22535,Esplús,Huesca,Aragón
22536,Belver de Cinca,Huesca,Aragón
22540,Altorricón,Huesca,Aragón
22549,Belver de Cinca,Huesca,Aragón
22549,Tamarite de Litera,Huesca,Aragón
22549,Vencillón,Huesca,Aragón
22550,Tamarite de Litera,Huesca,Aragón
22558,Albelda,Huesca,Aragón
22559,Tamarite de Litera,Huesca,Aragón
22560,Alcampell,Huesca,Aragón
22569,Baélls,Huesca,Aragón
22569,Estopiñán del Castillo,Huesca,Aragón
22570,Camporrélls,Huesca,Aragón
22571,Baldellou,Huesca,Aragón
22572,Castillonroy,Huesca,Aragón
22580,Benabarre,Huesca,Aragón
22583,Arén,Huesca,Aragón
22583,Sopeira,Huesca,Aragón
22583,Tremp,Lleida,Cataluña
22584,Puente de Montañana,Huesca,Aragón
22584,Viacamp y Litera,Huesca,Aragón
22584,Tremp,Lleida,Cataluña
22585,Castigaleu,Huesca,Aragón
22585,Tolva,Huesca,Aragón
22585,Viacamp y Litera,Huesca,Aragón
22586,Lascuarre,Huesca,Aragón
22587,Capella,Huesca,Aragón
22587,Castigaleu,Huesca,Aragón
22587,Monesma y Cajigar,Huesca,Aragón
22588,Graus,Huesca,Aragón
22589,Benabarre,Huesca,Aragón
22589,Estopiñán del Castillo,Huesca,Aragón
22590,Torrente de Cinca,Huesca,Aragón
22591,Candasnos,Huesca,Aragón
22592,Peñalba,Huesca,Aragón
22600,Sabiñánigo,Huesca,Aragón
22609,Sabiñánigo,Huesca,Aragón
22610,Sabiñánigo,Huesca,Aragón
22610,Yebra de Basa,Huesca,Aragón
22611,Sabiñánigo,Huesca,Aragón
22611,Yebra de Basa,Huesca,Aragón
22612,Sabiñánigo,Huesca,Aragón
22613,Biescas,Huesca,Aragón
22613,Sabiñánigo,Huesca,Aragón
22620,Jaca,Huesca,Aragón
22620,Sabiñánigo,Huesca,Aragón
22621,Sabiñánigo,Huesca,Aragón
22622,Sabiñánigo,Huesca,Aragón
22623,Sabiñánigo,Huesca,Aragón
22624,Caldearenas,Huesca,Aragón
22625,Caldearenas,Huesca,Aragón
22625,Sabiñánigo,Huesca,Aragón
22630,Biescas,Huesca,Aragón
22636,Biescas,Huesca,Aragón
22636,Sabiñánigo,Huesca,Aragón
22637,Biescas,Huesca,Aragón
22638,Biescas,Huesca,Aragón
22639,Biescas,Huesca,Aragón
22639,Yésero,Huesca,Aragón
22640,Sallent de Gállego,Huesca,Aragón
22650,Panticosa,Huesca,Aragón
22660,Sallent de Gállego,Huesca,Aragón
22661,Panticosa,Huesca,Aragón
22662,Hoz de Jaca,Huesca,Aragón
22662,Panticosa,Huesca,Aragón
22663,Sallent de Gállego,Huesca,Aragón
22664,Sallent de Gállego,Huesca,Aragón
22665,Biescas,Huesca,Aragón
22666,Sabiñánigo,Huesca,Aragón
22700,Jaca,Huesca,Aragón
22710,Castiello de Jaca,Huesca,Aragón
22710,Jaca,Huesca,Aragón
22711,Jaca,Huesca,Aragón
22712,Jaca,Huesca,Aragón
22713,Jaca,Huesca,Aragón
22714,Jaca,Huesca,Aragón
22714,Sabiñánigo,Huesca,Aragón
22715,Jaca,Huesca,Aragón
22720,Valle de Hecho,Huesca,Aragón
22728,Ansó,Huesca,Aragón
22729,Fago,Huesca,Aragón
22730,Aragüés del Puerto,Huesca,Aragón
22731,Jasa,Huesca,Aragón
22732,Valle de Hecho,Huesca,Aragón
22740,Valle de Hecho,Huesca,Aragón
22750,Puente la Reina de Jaca,Huesca,Aragón
22751,Bailo,Huesca,Aragón
22751,Puente la Reina de Jaca,Huesca,Aragón
22752,Santa Cilia,Huesca,Aragón
22753,Puente la Reina de Jaca,Huesca,Aragón
22760,Bailo,Huesca,Aragón
22761,Bailo,Huesca,Aragón
22770,Canal de Berdún,Huesca,Aragón
22771,Canal de Berdún,Huesca,Aragón
22772,Canal de Berdún,Huesca,Aragón
22773,Canal de Berdún,Huesca,Aragón
22790,Valle de Hecho,Huesca,Aragón
22791,Santa Cilia,Huesca,Aragón
22791,Santa Cruz de la Serós,Huesca,Aragón
22792,Santa Cruz de la Serós,Huesca,Aragón
22800,Ayerbe,Huesca,Aragón
22806,Murillo de Gállego,Zaragoza,Aragón
22806,Santa Eulalia de Gállego,Zaragoza,Aragón
22807,Ayerbe,Huesca,Aragón
22807,Biscarrués,Huesca,Aragón
22808,Agüero,Huesca,Aragón
22808,Las Peñas de Riglos,Huesca,Aragón
22808,Murillo de Gállego,Zaragoza,Aragón
22809,Ayerbe,Huesca,Aragón
22809,Loarre,Huesca,Aragón
22809,Loscorrales,Huesca,Aragón
22810,La Sotonera,Huesca,Aragón
22810,Lupiñén-Ortilla,Huesca,Aragón
22811,Lupiñén-Ortilla,Huesca,Aragón
22820,Las Peñas de Riglos,Huesca,Aragón
22821,Las Peñas de Riglos,Huesca,Aragón
22822,Las Peñas de Riglos,Huesca,Aragón
22830,Caldearenas,Huesca,Aragón
22830,Jaca,Huesca,Aragón
22830,Las Peñas de Riglos,Huesca,Aragón
22860,Aisa,Huesca,Aragón
22860,Borau,Huesca,Aragón
22860,Castiello de Jaca,Huesca,Aragón
22870,Villanúa,Huesca,Aragón
22880,Canfranc,Huesca,Aragón
22888,Canfranc,Huesca,Aragón
22889,Aisa,Huesca,Aragón
22889,Jaca,Huesca,Aragón
23001,Jaén,Jaén,Andalucía
23002,Jaén,Jaén,Andalucía
23003,Jaén,Jaén,Andalucía
23004,Jaén,Jaén,Andalucía
23005,Jaén,Jaén,Andalucía
23006,Jaén,Jaén,Andalucía
23007,Jaén,Jaén,Andalucía
23008,Jaén,Jaén,Andalucía
23009,Jaén,Jaén,Andalucía
23100,Mancha Real,Jaén,Andalucía
23110,Pegalajar,Jaén,Andalucía
23120,Cambil,Jaén,Andalucía
23130,Campillo de Arenas,Jaén,Andalucía
23140,Noalejo,Jaén,Andalucía
23150,Valdepeñas de Jaén,Jaén,Andalucía
23159,Valdepeñas de Jaén,Jaén,Andalucía
23160,Los Villares,Jaén,Andalucía
23170,La Guardia de Jaén,Jaén,Andalucía
23180,Fuerte del Rey,Jaén,Andalucía
23190,Pegalajar,Jaén,Andalucía
23191,Cárcheles,Jaén,Andalucía
23192,Cárcheles,Jaén,Andalucía
23193,Cambil,Jaén,Andalucía
23194,Jaén,Jaén,Andalucía
23196,Jaén,Jaén,Andalucía
23200,La Carolina,Jaén,Andalucía
23210,Guarromán,Jaén,Andalucía
23211,Carboneros,Jaén,Andalucía
23212,La Carolina,Jaén,Andalucía
23213,Santa Elena,Jaén,Andalucía
23214,Baños de la Encina,Jaén,Andalucía
23214,La Carolina,Jaén,Andalucía
23215,Aldeaquemada,Jaén,Andalucía
23220,Vilches,Jaén,Andalucía
23230,Arquillos,Jaén,Andalucía
23239,Arquillos,Jaén,Andalucía
23240,Navas de San Juan,Jaén,Andalucía
23250,Santisteban del Puerto,Jaén,Andalucía
23260,Castellar,Jaén,Andalucía
23264,Chiclana de Segura,Jaén,Andalucía
23265,Montizón,Jaén,Andalucía
23266,Montizón,Jaén,Andalucía
23267,Montizón,Jaén,Andalucía
23268,Chiclana de Segura,Jaén,Andalucía
23269,Chiclana de Segura,Jaén,Andalucía
23270,Sorihuela del Guadalimar,Jaén,Andalucía
23280,Beas de Segura,Jaén,Andalucía
23289,Beas de Segura,Jaén,Andalucía
23290,Santiago-Pontones,Jaén,Andalucía
23291,Santiago-Pontones,Jaén,Andalucía
23292,Hornos,Jaén,Andalucía
23293,Segura de la Sierra,Jaén,Andalucía
23294,Segura de la Sierra,Jaén,Andalucía
23294,Santiago-Pontones,Jaén,Andalucía
23295,Segura de la Sierra,Jaén,Andalucía
23296,Nerpio,Albacete,Castilla-La Mancha
23296,Yeste,Albacete,Castilla-La Mancha
23296,Santiago-Pontones,Jaén,Andalucía
23297,Santiago-Pontones,Jaén,Andalucía
23298,Santiago-Pontones,Jaén,Andalucía
23300,Villacarrillo,Jaén,Andalucía
23310,Iznatoraf,Jaén,Andalucía
23310,Villacarrillo,Jaén,Andalucía
23311,Santo Tomé,Jaén,Andalucía
23312,Villacarrillo,Jaén,Andalucía
23313,Úbeda,Jaén,Andalucía
23314,Úbeda,Jaén,Andalucía
23315,Villacarrillo,Jaén,Andalucía
23320,Torreperogil,Jaén,Andalucía
23330,Villanueva del Arzobispo,Jaén,Andalucía
23338,Iznatoraf,Jaén,Andalucía
23339,Villanueva del Arzobispo,Jaén,Andalucía
23340,Arroyo del Ojanco,Jaén,Andalucía
23350,Puente de Génave,Jaén,Andalucía
23359,Puente de Génave,Jaén,Andalucía
23360,La Puerta de Segura,Jaén,Andalucía
23369,La Puerta de Segura,Jaén,Andalucía
23370,Orcera,Jaén,Andalucía
23379,Segura de la Sierra,Jaén,Andalucía
23380,Siles,Jaén,Andalucía
23390,Benatae,Jaén,Andalucía
23391,Torres de Albánchez,Jaén,Andalucía
23392,Génave,Jaén,Andalucía
23393,Villarrodrigo,Jaén,Andalucía
23400,Úbeda,Jaén,Andalucía
23410,Sabiote,Jaén,Andalucía
23411,Baeza,Jaén,Andalucía
23412,Rus,Jaén,Andalucía
23413,Úbeda,Jaén,Andalucía
23420,Canena,Jaén,Andalucía
23430,Rus,Jaén,Andalucía
23440,Baeza,Jaén,Andalucía
23450,Ibros,Jaén,Andalucía
23460,Peal de Becerro,Jaén,Andalucía
23468,Peal de Becerro,Jaén,Andalucía
23469,Cazorla,Jaén,Andalucía
23469,Úbeda,Jaén,Andalucía
23470,Cazorla,Jaén,Andalucía
23470,Chilluévar,Jaén,Andalucía
23476,La Iruela,Jaén,Andalucía
23477,Chilluévar,Jaén,Andalucía
23478,Santo Tomé,Jaén,Andalucía
23478,Santiago-Pontones,Jaén,Andalucía
23479,Cazorla,Jaén,Andalucía
23479,La Iruela,Jaén,Andalucía
23480,Quesada,Jaén,Andalucía
23485,Cazorla,Jaén,Andalucía
23485,Peal de Becerro,Jaén,Andalucía
23485,Pozo Alcón,Jaén,Andalucía
23486,Hinojares,Jaén,Andalucía
23486,Pozo Alcón,Jaén,Andalucía
23487,Huesa,Jaén,Andalucía
23487,Quesada,Jaén,Andalucía
23488,Quesada,Jaén,Andalucía
23489,Quesada,Jaén,Andalucía
23490,Ibros,Jaén,Andalucía
23490,Linares,Jaén,Andalucía
23499,Vilches,Jaén,Andalucía
23500,Jódar,Jaén,Andalucía
23509,Úbeda,Jaén,Andalucía
23510,Torreblascopedro,Jaén,Andalucía
23519,Lupión,Jaén,Andalucía
23519,Torreblascopedro,Jaén,Andalucía
23520,Begíjar,Jaén,Andalucía
23526,Mancha Real,Jaén,Andalucía
23528,Lupión,Jaén,Andalucía
23529,Baeza,Jaén,Andalucía
23529,Begíjar,Jaén,Andalucía
23529,Villatorres,Jaén,Andalucía
23530,Jimena,Jaén,Andalucía
23537,Bedmar y Garcíez,Jaén,Andalucía
23538,Albanchez de Mágina,Jaén,Andalucía
23539,Baeza,Jaén,Andalucía
23539,Bedmar y Garcíez,Jaén,Andalucía
23540,Torres,Jaén,Andalucía
23550,Cabra del Santo Cristo,Jaén,Andalucía
23560,Huelma,Jaén,Andalucía
23568,Bélmez de la Moraleda,Jaén,Andalucía
23569,Huelma,Jaén,Andalucía
23590,Cabra del Santo Cristo,Jaén,Andalucía
23591,Larva,Jaén,Andalucía
23600,Martos,Jaén,Andalucía
23610,Fuensanta de Martos,Jaén,Andalucía
23611,Higuera de Calatrava,Jaén,Andalucía
23612,Santiago de Calatrava,Jaén,Andalucía
23613,Torredonjimeno,Jaén,Andalucía
23614,Martos,Jaén,Andalucía
23615,Martos,Jaén,Andalucía
23616,Fuensanta de Martos,Jaén,Andalucía
23620,Mengíbar,Jaén,Andalucía
23628,Cazalilla,Jaén,Andalucía
23628,Espeluy,Jaén,Andalucía
23630,Villatorres,Jaén,Andalucía
23638,Villatorres,Jaén,Andalucía
23639,Jaén,Jaén,Andalucía
23640,Torredelcampo,Jaén,Andalucía
23649,Torredelcampo,Jaén,Andalucía
23650,Torredonjimeno,Jaén,Andalucía
23657,Escañuela,Jaén,Andalucía
23658,Jamilena,Jaén,Andalucía
23659,Villardompardo,Jaén,Andalucía
23660,Alcaudete,Jaén,Andalucía
23669,Alcaudete,Jaén,Andalucía
23669,Martos,Jaén,Andalucía
23670,Castillo de Locubín,Jaén,Andalucía
23680,Alcalá la Real,Jaén,Andalucía
23684,Alcalá la Real,Jaén,Andalucía
23685,Alcalá la Real,Jaén,Andalucía
23685,Alcaudete,Jaén,Andalucía
23686,Alcalá la Real,Jaén,Andalucía
23687,Alcalá la Real,Jaén,Andalucía
23688,Alcalá la Real,Jaén,Andalucía
23689,Alcalá la Real,Jaén,Andalucía
23690,Frailes,Jaén,Andalucía
23690,Noalejo,Jaén,Andalucía
23691,Alcalá la Real,Jaén,Andalucía
23692,Alcalá la Real,Jaén,Andalucía
23693,Castillo de Locubín,Jaén,Andalucía
23700,Linares,Jaén,Andalucía
23710,Bailén,Jaén,Andalucía
23711,Baños de la Encina,Jaén,Andalucía
23711,Guarromán,Jaén,Andalucía
23712,Jabalquinto,Jaén,Andalucía
23713,Linares,Jaén,Andalucía
23713,Vilches,Jaén,Andalucía
23730,Villanueva de la Reina,Jaén,Andalucía
23740,Andújar,Jaén,Andalucía
23746,Lahiguera,Jaén,Andalucía
23747,Andújar,Jaén,Andalucía
23748,Andújar,Jaén,Andalucía
23749,Andújar,Jaén,Andalucía
23749,Villanueva de la Reina,Jaén,Andalucía
23750,Arjonilla,Jaén,Andalucía
23760,Arjona,Jaén,Andalucía
23770,Marmolejo,Jaén,Andalucía
23780,Lopera,Jaén,Andalucía
23790,Porcuna,Jaén,Andalucía
24001,León,León,Castilla y León
24002,León,León,Castilla y León
24003,León,León,Castilla y León
24004,León,León,Castilla y León
24005,León,León,Castilla y León
24006,León,León,Castilla y León
24007,León,León,Castilla y León
24008,León,León,Castilla y León
24009,León,León,Castilla y León
24009,San Andrés del Rabanedo,León,Castilla y León
24009,Santovenia de la Valdoncina,León,Castilla y León
24010,León,León,Castilla y León
24010,San Andrés del Rabanedo,León,Castilla y León
24100,Villablino,León,Castilla y León
24110,Villablino,León,Castilla y León
24111,Villablino,León,Castilla y León
24112,Villablino,León,Castilla y León
24113,Villablino,León,Castilla y León
24114,Villablino,León,Castilla y León
24120,Soto y Amío,León,Castilla y León
24121,Sariegos,León,Castilla y León
24122,Cuadros,León,Castilla y León
24123,Carrocera,León,Castilla y León
24124,Santa María de Ordás,León,Castilla y León
24124,Soto y Amío,León,Castilla y León
24125,Soto y Amío,León,Castilla y León
24126,Riello,León,Castilla y León
24126,Soto y Amío,León,Castilla y León
24127,Riello,León,Castilla y León
24127,Valdesamario,León,Castilla y León
24130,Murias de Paredes,León,Castilla y León
24131,Riello,León,Castilla y León
24132,Riello,León,Castilla y León
24133,Murias de Paredes,León,Castilla y León
24133,Riello,León,Castilla y León
24134,Murias de Paredes,León,Castilla y León
24134,Riello,León,Castilla y León
24135,Murias de Paredes,León,Castilla y León
24136,Murias de Paredes,León,Castilla y León
24137,Murias de Paredes,León,Castilla y León
24138,Villablino,León,Castilla y León
24139,Villablino,León,Castilla y León
24140,Villablino,León,Castilla y León
24141,Cabrillanes,León,Castilla y León
24142,Cabrillanes,León,Castilla y León
24143,Cabrillanes,León,Castilla y León
24143,San Emiliano,León,Castilla y León
24144,San Emiliano,León,Castilla y León
24145,San Emiliano,León,Castilla y León
24145,Sena de Luna,León,Castilla y León
24146,Sena de Luna,León,Castilla y León
24148,Los Barrios de Luna,León,Castilla y León
24149,Los Barrios de Luna,León,Castilla y León
24150,Santa Colomba de Curueño,León,Castilla y León
24150,Vegas del Condado,León,Castilla y León
24151,Santa Colomba de Curueño,León,Castilla y León
24152,Vegaquemada,León,Castilla y León
24153,Vegas del Condado,León,Castilla y León
24154,Vegas del Condado,León,Castilla y León
24155,Vegas del Condado,León,Castilla y León
24156,Valdefresno,León,Castilla y León
24160,Gradefes,León,Castilla y León
24161,Cubillas de Rueda,León,Castilla y León
24161,Gradefes,León,Castilla y León
24162,Villasabariego,León,Castilla y León
24163,Vegas del Condado,León,Castilla y León
24163,Villasabariego,León,Castilla y León
24164,Gradefes,León,Castilla y León
24165,Gradefes,León,Castilla y León
24166,Gradefes,León,Castilla y León
24170,Almanza,León,Castilla y León
24170,Cebanico,León,Castilla y León
24171,Almanza,León,Castilla y León
24171,Villaselán,León,Castilla y León
24172,Cea,León,Castilla y León
24172,Villamol,León,Castilla y León
24172,Villazanzo de Valderaduey,León,Castilla y León
24174,Cea,León,Castilla y León
24175,Villamol,León,Castilla y León
24191,San Andrés del Rabanedo,León,Castilla y León
24192,León,León,Castilla y León
24192,Onzonilla,León,Castilla y León
24193,Villaquilambre,León,Castilla y León
24195,Valdefresno,León,Castilla y León
24195,Villaquilambre,León,Castilla y León
24196,Sariegos,León,Castilla y León
24197,Villaquilambre,León,Castilla y León
24198,Valverde de la Virgen,León,Castilla y León
24199,Villaturiel,León,Castilla y León
24200,Valencia de Don Juan,León,Castilla y León
24205,Valencia de Don Juan,León,Castilla y León
24206,Castilfalé,León,Castilla y León
24206,Fuentes de Carbajal,León,Castilla y León
24206,Valdemora,León,Castilla y León
24206,Villabraz,León,Castilla y León
24207,Matanza,León,Castilla y León
24207,Villabraz,León,Castilla y León
24208,Pajares de los Oteros,León,Castilla y León
24209,Gusendos de los Oteros,León,Castilla y León
24209,Pajares de los Oteros,León,Castilla y León
24210,Mansilla de las Mulas,León,Castilla y León
24217,Mansilla Mayor,León,Castilla y León
24217,Villanueva de las Manzanas,León,Castilla y León
24218,Mansilla de las Mulas,León,Castilla y León
24218,Valdepolo,León,Castilla y León
24219,Villasabariego,León,Castilla y León
24220,Valderas,León,Castilla y León
24221,Campazas,León,Castilla y León
24222,Villaornate y Castro,León,Castilla y León
24223,Fresno de la Vega,León,Castilla y León
24223,Pajares de los Oteros,León,Castilla y León
24224,Cabreros del Río,León,Castilla y León
24224,Cubillas de los Oteros,León,Castilla y León
24224,Pajares de los Oteros,León,Castilla y León
24225,Campo de Villavidel,León,Castilla y León
24225,Corbillos de los Oteros,León,Castilla y León
24225,Villanueva de las Manzanas,León,Castilla y León
24226,Villasabariego,León,Castilla y León
24226,Villaturiel,León,Castilla y León
24227,Valdefresno,León,Castilla y León
24228,Valdefresno,León,Castilla y León
24230,Valdevimbre,León,Castilla y León
24231,Chozas de Abajo,León,Castilla y León
24231,Onzonilla,León,Castilla y León
24232,Ardón,León,Castilla y León
24233,Ardón,León,Castilla y León
24233,Valdevimbre,León,Castilla y León
24233,Villamañán,León,Castilla y León
24234,Laguna de Negrillos,León,Castilla y León
24234,Villamañán,León,Castilla y León
24235,Villaquejida,León,Castilla y León
24236,Villaquejida,León,Castilla y León
24237,San Millán de los Caballeros,León,Castilla y León
24237,Toral de los Guzmanes,León,Castilla y León
24237,Villademor de la Vega,León,Castilla y León
24238,Algadefe,León,Castilla y León
24238,Villamandos,León,Castilla y León
24239,Cimanes de la Vega,León,Castilla y León
24240,Santa María del Páramo,León,Castilla y León
24248,Bustillo del Páramo,León,Castilla y León
24248,Laguna Dalga,León,Castilla y León
24248,Urdiales del Páramo,León,Castilla y León
24249,Bercianos del Páramo,León,Castilla y León
24249,Laguna Dalga,León,Castilla y León
24249,Pobladura de Pelayo García,León,Castilla y León
24249,Zotes del Páramo,León,Castilla y León
24250,Chozas de Abajo,León,Castilla y León
24250,Valdevimbre,León,Castilla y León
24251,Ardón,León,Castilla y León
24251,Chozas de Abajo,León,Castilla y León
24251,Onzonilla,León,Castilla y León
24252,Bercianos del Páramo,León,Castilla y León
24252,San Pedro Bercianos,León,Castilla y León
24252,Urdiales del Páramo,León,Castilla y León
24253,Valdefuentes del Páramo,León,Castilla y León
24257,Boñar,León,Castilla y León
24260,San Andrés del Rabanedo,León,Castilla y León
24270,Carrizo,León,Castilla y León
24271,Llamas de la Ribera,León,Castilla y León
24272,Cimanes del Tejar,León,Castilla y León
24273,Cimanes del Tejar,León,Castilla y León
24273,Las Omañas,León,Castilla y León
24274,Rioseco de Tapia,León,Castilla y León
24275,Rioseco de Tapia,León,Castilla y León
24275,Santa María de Ordás,León,Castilla y León
24276,Santa María de Ordás,León,Castilla y León
24277,Santa María de Ordás,León,Castilla y León
24280,Benavides,León,Castilla y León
24281,Benavides,León,Castilla y León
24282,San Andrés del Rabanedo,León,Castilla y León
24282,Valverde de la Virgen,León,Castilla y León
24283,Carrizo,León,Castilla y León
24284,Turcia,León,Castilla y León
24285,Benavides,León,Castilla y León
24285,Quintana del Castillo,León,Castilla y León
24285,Turcia,León,Castilla y León
24286,Hospital de Órbigo,León,Castilla y León
24287,Benavides,León,Castilla y León
24287,Villares de Órbigo,León,Castilla y León
24288,Villarejo de Órbigo,León,Castilla y León
24288,Villares de Órbigo,León,Castilla y León
24290,Santa Cristina de Valmadrigal,León,Castilla y León
24291,Matadeón de los Oteros,León,Castilla y León
24292,Valverde-Enrique,León,Castilla y León
24293,Izagre,León,Castilla y León
24294,Gordoncillo,León,Castilla y León
24300,Bembibre,León,Castilla y León
24310,Folgoso de la Ribera,León,Castilla y León
24310,Torre del Bierzo,León,Castilla y León
24311,Folgoso de la Ribera,León,Castilla y León
24312,Folgoso de la Ribera,León,Castilla y León
24312,Igüeña,León,Castilla y León
24313,Igüeña,León,Castilla y León
24314,Castropodame,León,Castilla y León
24315,Bembibre,León,Castilla y León
24315,Folgoso de la Ribera,León,Castilla y León
24316,Castropodame,León,Castilla y León
24317,Torre del Bierzo,León,Castilla y León
24318,Bembibre,León,Castilla y León
24319,Bembibre,León,Castilla y León
24319,Igüeña,León,Castilla y León
24319,Noceda del Bierzo,León,Castilla y León
24320,Sahagún,León,Castilla y León
24323,Castrotierra de Valmadrigal,León,Castilla y León
24323,Valverde-Enrique,León,Castilla y León
24324,Joarilla de las Matas,León,Castilla y León
24324,Vallecillo,León,Castilla y León
24325,Bercianos del Real Camino,León,Castilla y León
24325,Gordaliza del Pino,León,Castilla y León
24326,Sahagún,León,Castilla y León
24327,Villazanzo de Valderaduey,León,Castilla y León
24328,Cea,León,Castilla y León
24328,Sahagún,León,Castilla y León
24328,Villazanzo de Valderaduey,León,Castilla y León
24329,Sahagún,León,Castilla y León
24330,Santas Martas,León,Castilla y León
24339,Santas Martas,León,Castilla y León
24339,Villamoratiel de las Matas,León,Castilla y León
24340,Grajal de Campos,León,Castilla y León
24341,Escobar de Campos,León,Castilla y León
24342,Calzada del Coto,León,Castilla y León
24343,El Burgo Ranero,León,Castilla y León
24343,Santa María del Monte de Cea,León,Castilla y León
24344,El Burgo Ranero,León,Castilla y León
24344,Santa María del Monte de Cea,León,Castilla y León
24344,Villamartín de Don Sancho,León,Castilla y León
24344,Villaselán,León,Castilla y León
24345,Santas Martas,León,Castilla y León
24346,Vega de Infanzones,León,Castilla y León
24347,Onzonilla,León,Castilla y León
24347,Vega de Infanzones,León,Castilla y León
24350,Villarejo de Órbigo,León,Castilla y León
24356,Bustillo del Páramo,León,Castilla y León
24356,Villazala,León,Castilla y León
24357,Bustillo del Páramo,León,Castilla y León
24358,San Cristóbal de la Polantera,León,Castilla y León
24358,Villarejo de Órbigo,León,Castilla y León
24359,San Cristóbal de la Polantera,León,Castilla y León
24360,Villagatón,León,Castilla y León
24367,Villagatón,León,Castilla y León
24368,Villagatón,León,Castilla y León
24369,Villagatón,León,Castilla y León
24370,Torre del Bierzo,León,Castilla y León
24374,Igüeña,León,Castilla y León
24374,Torre del Bierzo,León,Castilla y León
24375,Igüeña,León,Castilla y León
24376,Igüeña,León,Castilla y León
24377,Igüeña,León,Castilla y León
24378,Torre del Bierzo,León,Castilla y León
24379,Torre del Bierzo,León,Castilla y León
24379,Villagatón,León,Castilla y León
24380,Puente de Domingo Flórez,León,Castilla y León
24384,Puente de Domingo Flórez,León,Castilla y León
24385,Puente de Domingo Flórez,León,Castilla y León
24386,Puente de Domingo Flórez,León,Castilla y León
24387,Puente de Domingo Flórez,León,Castilla y León
24388,Benuza,León,Castilla y León
24389,Benuza,León,Castilla y León
24389,Puente de Domingo Flórez,León,Castilla y León
24390,Carracedelo,León,Castilla y León
24390,Ponferrada,León,Castilla y León
24391,Chozas de Abajo,León,Castilla y León
24391,Santovenia de la Valdoncina,León,Castilla y León
24391,Valverde de la Virgen,León,Castilla y León
24392,Chozas de Abajo,León,Castilla y León
24392,Villadangos del Páramo,León,Castilla y León
24393,Bustillo del Páramo,León,Castilla y León
24393,Cimanes del Tejar,León,Castilla y León
24393,Santa Marina del Rey,León,Castilla y León
24394,Valderrey,León,Castilla y León
24395,San Justo de la Vega,León,Castilla y León
24395,Valderrey,León,Castilla y León
24396,Magaz de Cepeda,León,Castilla y León
24397,Magaz de Cepeda,León,Castilla y León
24397,Quintana del Castillo,León,Castilla y León
24398,Castropodame,León,Castilla y León
24398,Congosto,León,Castilla y León
24398,Molinaseca,León,Castilla y León
24401,Ponferrada,León,Castilla y León
24402,Ponferrada,León,Castilla y León
24403,Ponferrada,León,Castilla y León
24404,Ponferrada,León,Castilla y León
24410,Arganza,León,Castilla y León
24410,Camponaraya,León,Castilla y León
24411,Ponferrada,León,Castilla y León
24412,Cabañas Raras,León,Castilla y León
24413,Molinaseca,León,Castilla y León
24414,Ponferrada,León,Castilla y León
24415,Ponferrada,León,Castilla y León
24416,Ponferrada,León,Castilla y León
24420,Fabero,León,Castilla y León
24428,Fabero,León,Castilla y León
24429,Fabero,León,Castilla y León
24429,Peranzanes,León,Castilla y León
24430,Vega de Espinareda,León,Castilla y León
24433,Valle de Ancares,León,Castilla y León
24434,Fabero,León,Castilla y León
24434,Vega de Espinareda,León,Castilla y León
24435,Vega de Espinareda,León,Castilla y León
24436,Vega de Espinareda,León,Castilla y León
24437,Vega de Espinareda,León,Castilla y León
24438,Berlanga del Bierzo,León,Castilla y León
24438,Toreno,León,Castilla y León
24439,Sancedo,León,Castilla y León
24439,Vega de Espinareda,León,Castilla y León
24440,Carucedo,León,Castilla y León
24441,Carucedo,León,Castilla y León
24441,Toral de los Vados,León,Castilla y León
24442,Carucedo,León,Castilla y León
24443,Borrenes,León,Castilla y León
24444,Borrenes,León,Castilla y León
24445,Priaranza del Bierzo,León,Castilla y León
24446,Priaranza del Bierzo,León,Castilla y León
24447,Priaranza del Bierzo,León,Castilla y León
24448,Ponferrada,León,Castilla y León
24448,Priaranza del Bierzo,León,Castilla y León
24450,Toreno,León,Castilla y León
24457,Toreno,León,Castilla y León
24458,Noceda del Bierzo,León,Castilla y León
24458,Toreno,León,Castilla y León
24459,Toreno,León,Castilla y León
24460,Toreno,León,Castilla y León
24469,Páramo del Sil,León,Castilla y León
24469,Toreno,León,Castilla y León
24470,Páramo del Sil,León,Castilla y León
24478,Páramo del Sil,León,Castilla y León
24479,Páramo del Sil,León,Castilla y León
24480,Palacios del Sil,León,Castilla y León
24488,Páramo del Sil,León,Castilla y León
24489,Palacios del Sil,León,Castilla y León
24490,Ponferrada,León,Castilla y León
24491,Ponferrada,León,Castilla y León
24492,Cubillos del Sil,León,Castilla y León
24493,Toreno,León,Castilla y León
24494,Páramo del Sil,León,Castilla y León
24495,Palacios del Sil,León,Castilla y León
24496,Palacios del Sil,León,Castilla y León
24497,Palacios del Sil,León,Castilla y León
24498,Palacios del Sil,León,Castilla y León
24500,Villafranca del Bierzo,León,Castilla y León
24510,Villafranca del Bierzo,León,Castilla y León
24511,Villafranca del Bierzo,León,Castilla y León
24512,Villafranca del Bierzo,León,Castilla y León
24513,Villafranca del Bierzo,León,Castilla y León
24514,Corullón,León,Castilla y León
24515,Corullón,León,Castilla y León
24516,Corullón,León,Castilla y León
24516,Toral de los Vados,León,Castilla y León
24516,Villafranca del Bierzo,León,Castilla y León
24517,Corullón,León,Castilla y León
24520,Vega de Valcarce,León,Castilla y León
24521,Barjas,León,Castilla y León
24521,Vega de Valcarce,León,Castilla y León
24522,Trabadelo,León,Castilla y León
24523,Trabadelo,León,Castilla y León
24524,Vega de Valcarce,León,Castilla y León
24525,Balboa,León,Castilla y León
24526,Vega de Valcarce,León,Castilla y León
24530,Toral de los Vados,León,Castilla y León
24530,Villafranca del Bierzo,León,Castilla y León
24540,Cacabelos,León,Castilla y León
24544,Carracedelo,León,Castilla y León
24545,Arganza,León,Castilla y León
24545,Sancedo,León,Castilla y León
24546,Arganza,León,Castilla y León
24547,Cacabelos,León,Castilla y León
24547,Villafranca del Bierzo,León,Castilla y León
24548,Cacabelos,León,Castilla y León
24549,Carracedelo,León,Castilla y León
24550,Carracedelo,León,Castilla y León
24550,Toral de los Vados,León,Castilla y León
24560,Toral de los Vados,León,Castilla y León
24565,Carracedelo,León,Castilla y León
24566,Oencia,León,Castilla y León
24567,Oencia,León,Castilla y León
24567,Sobrado,León,Castilla y León
24568,Oencia,León,Castilla y León
24569,Oencia,León,Castilla y León
24569,Sobrado,León,Castilla y León
24569,Toral de los Vados,León,Castilla y León
24600,La Pola de Gordón,León,Castilla y León
24607,La Pola de Gordón,León,Castilla y León
24608,La Pola de Gordón,León,Castilla y León
24609,La Pola de Gordón,León,Castilla y León
24610,Cuadros,León,Castilla y León
24620,Cuadros,León,Castilla y León
24630,Cuadros,León,Castilla y León
24640,La Robla,León,Castilla y León
24648,Matallana de Torío,León,Castilla y León
24648,La Robla,León,Castilla y León
24649,La Robla,León,Castilla y León
24650,La Pola de Gordón,León,Castilla y León
24660,La Pola de Gordón,León,Castilla y León
24670,La Pola de Gordón,León,Castilla y León
24680,Villamanín,León,Castilla y León
24687,Villamanín,León,Castilla y León
24688,Villamanín,León,Castilla y León
24689,Villamanín,León,Castilla y León
24690,Villamanín,León,Castilla y León
24699,Villamanín,León,Castilla y León
24700,Astorga,León,Castilla y León
24710,San Justo de la Vega,León,Castilla y León
24711,Villamejil,León,Castilla y León
24711,Villaobispo de Otero,León,Castilla y León
24712,Villamejil,León,Castilla y León
24713,Villamejil,León,Castilla y León
24714,Brazuelo,León,Castilla y León
24715,Brazuelo,León,Castilla y León
24716,Brazuelo,León,Castilla y León
24717,Lucillo,León,Castilla y León
24717,Luyego,León,Castilla y León
24717,Santiago Millas,León,Castilla y León
24717,Val de San Lorenzo,León,Castilla y León
24718,Astorga,León,Castilla y León
24718,Brazuelo,León,Castilla y León
24719,Villaobispo de Otero,León,Castilla y León
24720,Santa Colomba de Somoza,León,Castilla y León
24721,Castrillo de la Valduerna,León,Castilla y León
24721,Luyego,León,Castilla y León
24722,Santa Colomba de Somoza,León,Castilla y León
24723,Lucillo,León,Castilla y León
24724,Lucillo,León,Castilla y León
24730,Destriana,León,Castilla y León
24730,Villamontán de la Valduerna,León,Castilla y León
24731,Santiago Millas,León,Castilla y León
24732,Santiago Millas,León,Castilla y León
24732,Valderrey,León,Castilla y León
24733,Quintana y Congosto,León,Castilla y León
24734,Castrocontrigo,León,Castilla y León
24735,Castrocontrigo,León,Castilla y León
24736,Castrocontrigo,León,Castilla y León
24738,Truchas,León,Castilla y León
24740,Truchas,León,Castilla y León
24741,Truchas,León,Castilla y León
24742,Castrillo de Cabrera,León,Castilla y León
24743,Encinedo,León,Castilla y León
24744,Castrillo de Cabrera,León,Castilla y León
24744,Encinedo,León,Castilla y León
24745,Encinedo,León,Castilla y León
24746,Encinedo,León,Castilla y León
24750,La Bañeza,León,Castilla y León
24760,Castrocalbón,León,Castilla y León
24760,San Esteban de Nogales,León,Castilla y León
24761,Alija del Infantado,León,Castilla y León
24762,Quintana del Marco,León,Castilla y León
24762,Santa Elena de Jamuz,León,Castilla y León
24763,Regueras de Arriba,León,Castilla y León
24763,Soto de la Vega,León,Castilla y León
24763,Villazala,León,Castilla y León
24764,La Bañeza,León,Castilla y León
24764,Palacios de la Valduerna,León,Castilla y León
24764,Soto de la Vega,León,Castilla y León
24765,Riego de la Vega,León,Castilla y León
24765,Villamontán de la Valduerna,León,Castilla y León
24766,La Bañeza,León,Castilla y León
24766,Palacios de la Valduerna,León,Castilla y León
24766,Villamontán de la Valduerna,León,Castilla y León
24767,Quintana y Congosto,León,Castilla y León
24767,Santa Elena de Jamuz,León,Castilla y León
24768,Soto de la Vega,León,Castilla y León
24769,Cebrones del Río,León,Castilla y León
24790,Roperuelos del Páramo,León,Castilla y León
24791,Roperuelos del Páramo,León,Castilla y León
24792,Alija del Infantado,León,Castilla y León
24792,Pozuelo del Páramo,León,Castilla y León
24792,Quintana del Marco,León,Castilla y León
24793,Valderrey,León,Castilla y León
24794,Riego de la Vega,León,Castilla y León
24795,Riego de la Vega,León,Castilla y León
24795,San Cristóbal de la Polantera,León,Castilla y León
24795,Santa María de la Isla,León,Castilla y León
24796,La Antigua,León,Castilla y León
24796,Pozuelo del Páramo,León,Castilla y León
24797,San Adrián del Valle,León,Castilla y León
24800,Cistierna,León,Castilla y León
24810,Sabero,León,Castilla y León
24811,Sabero,León,Castilla y León
24812,Sabero,León,Castilla y León
24813,Cistierna,León,Castilla y León
24814,Sabero,León,Castilla y León
24815,Cistierna,León,Castilla y León
24816,Cistierna,León,Castilla y León
24820,Garrafe de Torío,León,Castilla y León
24820,Matallana de Torío,León,Castilla y León
24830,Matallana de Torío,León,Castilla y León
24836,Matallana de Torío,León,Castilla y León
24836,Vegacervera,León,Castilla y León
24837,Cármenes,León,Castilla y León
24837,Valdelugueros,León,Castilla y León
24838,Cármenes,León,Castilla y León
24839,Matallana de Torío,León,Castilla y León
24840,La Vecilla,León,Castilla y León
24843,Valdelugueros,León,Castilla y León
24844,Valdelugueros,León,Castilla y León
24845,Valdelugueros,León,Castilla y León
24846,Valdepiélago,León,Castilla y León
24847,Valdepiélago,León,Castilla y León
24848,Santa Colomba de Curueño,León,Castilla y León
24848,La Vecilla,León,Castilla y León
24849,Valdepiélago,León,Castilla y León
24849,La Vecilla,León,Castilla y León
24850,Boñar,León,Castilla y León
24852,Boñar,León,Castilla y León
24852,Vegaquemada,León,Castilla y León
24853,Boñar,León,Castilla y León
24854,Boñar,León,Castilla y León
24855,Puebla de Lillo,León,Castilla y León
24856,Reyero,León,Castilla y León
24857,Boñar,León,Castilla y León
24857,Puebla de Lillo,León,Castilla y León
24858,Boñar,León,Castilla y León
24859,Boñar,León,Castilla y León
24860,Boñar,León,Castilla y León
24860,Vegaquemada,León,Castilla y León
24869,Vegaquemada,León,Castilla y León
24870,La Ercina,León,Castilla y León
24877,La Ercina,León,Castilla y León
24878,La Ercina,León,Castilla y León
24878,Gradefes,León,Castilla y León
24879,La Ercina,León,Castilla y León
24880,Valderrueda,León,Castilla y León
24882,Valderrueda,León,Castilla y León
24883,Valderrueda,León,Castilla y León
24884,Valderrueda,León,Castilla y León
24885,Boca de Huérgano,León,Castilla y León
24885,Prioro,León,Castilla y León
24886,Valderrueda,León,Castilla y León
24887,Valderrueda,León,Castilla y León
24888,Almanza,León,Castilla y León
24888,Cebanico,León,Castilla y León
24888,Valderrueda,León,Castilla y León
24889,Valderrueda,León,Castilla y León
24890,Garrafe de Torío,León,Castilla y León
24891,Garrafe de Torío,León,Castilla y León
24892,Cebanico,León,Castilla y León
24893,Prado de la Guzpeña,León,Castilla y León
24900,Riaño,León,Castilla y León
24911,Boca de Huérgano,León,Castilla y León
24912,Boca de Huérgano,León,Castilla y León
24913,Boca de Huérgano,León,Castilla y León
24914,Posada de Valdeón,León,Castilla y León
24915,Posada de Valdeón,León,Castilla y León
24916,Oseja de Sajambre,León,Castilla y León
24917,Burón,León,Castilla y León
24918,Riaño,León,Castilla y León
24920,Valdepolo,León,Castilla y León
24930,Valdepolo,León,Castilla y León
24940,Cubillas de Rueda,León,Castilla y León
24950,Cistierna,León,Castilla y León
24960,Crémenes,León,Castilla y León
24960,Sabero,León,Castilla y León
24970,Crémenes,León,Castilla y León
24980,Crémenes,León,Castilla y León
24989,Crémenes,León,Castilla y León
24990,Crémenes,León,Castilla y León
24991,Crémenes,León,Castilla y León
24994,Acebedo,León,Castilla y León
24994,Burón,León,Castilla y León
24995,Burón,León,Castilla y León
24996,Acebedo,León,Castilla y León
24996,Maraña,León,Castilla y León
25001,Lleida,Lleida,Cataluña
25002,Lleida,Lleida,Cataluña
25003,Lleida,Lleida,Cataluña
25004,Lleida,Lleida,Cataluña
25005,Lleida,Lleida,Cataluña
25006,Lleida,Lleida,Cataluña
25007,Lleida,Lleida,Cataluña
25008,Lleida,Lleida,Cataluña
25100,Almacelles,Lleida,Cataluña
25109,Almacelles,Lleida,Cataluña
25110,Alpicat,Lleida,Cataluña
25110,Lleida,Lleida,Cataluña
25110,Torrefarrera,Lleida,Cataluña
25111,Lleida,Lleida,Cataluña
25112,Alcarràs,Lleida,Cataluña
25112,Gimenells i el Pla de la Font,Lleida,Cataluña
25113,Lleida,Lleida,Cataluña
25114,Gimenells i el Pla de la Font,Lleida,Cataluña
25120,Alfarràs,Lleida,Cataluña
25121,Alfarràs,Lleida,Cataluña
25122,Ivars de Noguera,Lleida,Cataluña
25123,Torrefarrera,Lleida,Cataluña
25124,Rosselló,Lleida,Cataluña
25125,Alguaire,Lleida,Cataluña
25126,Almenar,Lleida,Cataluña
25130,Algerri,Lleida,Cataluña
25131,Torre-serona,Lleida,Cataluña
25132,Benavent de Segrià,Lleida,Cataluña
25133,Vilanova de Segrià,Lleida,Cataluña
25134,La Portella,Lleida,Cataluña
25135,Albesa,Lleida,Cataluña
25136,Castelló de Farfanya,Lleida,Cataluña
25137,Corbins,Lleida,Cataluña
25138,Torrelameu,Lleida,Cataluña
25139,Menàrguens,Lleida,Cataluña
25140,Arbeca,Lleida,Cataluña
25141,Torregrossa,Lleida,Cataluña
25142,Bellvís,Lleida,Cataluña
25143,El Poal,Lleida,Cataluña
25144,Bellvís,Lleida,Cataluña
25150,Artesa de Lleida,Lleida,Cataluña
25151,Aspa,Lleida,Cataluña
25152,El Cogul,Lleida,Cataluña
25153,Puigverd de Lleida,Lleida,Cataluña
25154,Castelldans,Lleida,Cataluña
25155,L'Albagés,Lleida,Cataluña
25160,Granyena de les Garrigues,Lleida,Cataluña
25161,Alfés,Lleida,Cataluña
25162,Alcanó,Lleida,Cataluña
25163,El Soleràs,Lleida,Cataluña
25164,Els Torms,Lleida,Cataluña
25165,Juncosa,Lleida,Cataluña
25170,Torres de Segre,Lleida,Cataluña
25171,Albatàrrec,Lleida,Cataluña
25172,Montoliu de Lleida,Lleida,Cataluña
25173,Sudanell,Lleida,Cataluña
25174,Sunyer,Lleida,Cataluña
25175,Sarroca de Lleida,Lleida,Cataluña
25176,Torrebesses,Lleida,Cataluña
25177,La Granadella,Lleida,Cataluña
25177,Bellaguarda,Lleida,Cataluña
25178,Bovera,Lleida,Cataluña
25179,Maials,Lleida,Cataluña
25180,Alcarràs,Lleida,Cataluña
25181,Soses,Lleida,Cataluña
25182,Aitona,Lleida,Cataluña
25183,Seròs,Lleida,Cataluña
25184,Massalcoreig,Lleida,Cataluña
25185,La Granja d'Escarp,Lleida,Cataluña
25186,Llardecans,Lleida,Cataluña
25187,Almatret,Lleida,Cataluña
25190,Lleida,Lleida,Cataluña
25191,Lleida,Lleida,Cataluña
25192,Lleida,Lleida,Cataluña
25193,Alcarràs,Lleida,Cataluña
25193,Lleida,Lleida,Cataluña
25194,Lleida,Lleida,Cataluña
25195,Lleida,Lleida,Cataluña
25196,Lleida,Lleida,Cataluña
25197,Lleida,Lleida,Cataluña
25198,Lleida,Lleida,Cataluña
25199,Lleida,Lleida,Cataluña
25200,Cervera,Lleida,Cataluña
25210,Guissona,Lleida,Cataluña
25211,Guissona,Lleida,Cataluña
25211,Massoteres,Lleida,Cataluña
25211,Sant Guim de la Plana,Lleida,Cataluña
25211,Tarroja de Segarra,Lleida,Cataluña
25211,Torrefeta i Florejacs,Lleida,Cataluña
25211,Els Plans de Sió,Lleida,Cataluña
25212,Els Plans de Sió,Lleida,Cataluña
25213,Cervera,Lleida,Cataluña
25213,Talavera,Lleida,Cataluña
25213,Ribera d'Ondara,Lleida,Cataluña
25214,Cervera,Lleida,Cataluña
25214,Estaràs,Lleida,Cataluña
25214,Les Oluges,Lleida,Cataluña
25215,Estaràs,Lleida,Cataluña
25215,Sant Ramon,Lleida,Cataluña
25216,Estaràs,Lleida,Cataluña
25216,Ivorra,Lleida,Cataluña
25216,Sant Ramon,Lleida,Cataluña
25217,Granyena de Segarra,Lleida,Cataluña
25217,Montoliu de Segarra,Lleida,Cataluña
25217,Ribera d'Ondara,Lleida,Cataluña
25218,Cervera,Lleida,Cataluña
25218,Granyanella,Lleida,Cataluña
25218,Els Plans de Sió,Lleida,Cataluña
25220,Bell-lloc d'Urgell,Lleida,Cataluña
25221,Els Alamús,Lleida,Cataluña
25222,Sidamon,Lleida,Cataluña
25230,Mollerussa,Lleida,Cataluña
25240,Linyola,Lleida,Cataluña
25241,Golmés,Lleida,Cataluña
25242,Miralcamp,Lleida,Cataluña
25243,El Palau d'Anglesola,Lleida,Cataluña
25244,Fondarella,Lleida,Cataluña
25245,Vila-sana,Lleida,Cataluña
25250,Bellpuig,Lleida,Cataluña
25260,Ivars d'Urgell,Lleida,Cataluña
25261,Ivars d'Urgell,Lleida,Cataluña
25261,Penelles,Lleida,Cataluña
25262,Anglesola,Lleida,Cataluña
25262,Barbens,Lleida,Cataluña
25262,Bellpuig,Lleida,Cataluña
25263,Preixana,Lleida,Cataluña
25264,Vilanova de Bellpuig,Lleida,Cataluña
25265,Castellnou de Seana,Lleida,Cataluña
25266,Belianes,Lleida,Cataluña
25266,Maldà,Lleida,Cataluña
25267,Sant Martí de Riucorb,Lleida,Cataluña
25268,Els Omells de na Gaia,Lleida,Cataluña
25268,Vallbona de les Monges,Lleida,Cataluña
25269,Vallbona de les Monges,Lleida,Cataluña
25270,Sant Guim de Freixenet,Lleida,Cataluña
25271,Estaràs,Lleida,Cataluña
25271,Sant Guim de Freixenet,Lleida,Cataluña
25271,Ribera d'Ondara,Lleida,Cataluña
25280,Clariana de Cardener,Lleida,Cataluña
25280,Olius,Lleida,Cataluña
25280,Solsona,Lleida,Cataluña
25281,Llobera,Lleida,Cataluña
25282,Sant Llorenç de Morunys,Lleida,Cataluña
25283,Lladurs,Lleida,Cataluña
25283,Odèn,Lleida,Cataluña
25284,La Coma i la Pedra,Lleida,Cataluña
25285,Guixers,Lleida,Cataluña
25286,Navès,Lleida,Cataluña
25286,Olius,Lleida,Cataluña
25286,Pinell de Solsonès,Lleida,Cataluña
25287,Olius,Lleida,Cataluña
25287,Pinós,Lleida,Cataluña
25287,Riner,Lleida,Cataluña
25288,Lladurs,Lleida,Cataluña
25289,Bassella,Lleida,Cataluña
25289,Castellar de la Ribera,Lleida,Cataluña
25290,Clariana de Cardener,Lleida,Cataluña
25290,Riner,Lleida,Cataluña
25300,Tàrrega,Lleida,Cataluña
25310,Agramunt,Lleida,Cataluña
25315,Montgai,Lleida,Cataluña
25316,Preixens,Lleida,Cataluña
25317,Agramunt,Lleida,Cataluña
25318,Agramunt,Lleida,Cataluña
25318,Oliola,Lleida,Cataluña
25318,Ossó de Sió,Lleida,Cataluña
25318,Puigverd d'Agramunt,Lleida,Cataluña
25320,Anglesola,Lleida,Cataluña
25330,Vilagrassa,Lleida,Cataluña
25331,Agramunt,Lleida,Cataluña
25331,Tornabous,Lleida,Cataluña
25332,La Fuliola,Lleida,Cataluña
25333,Penelles,Lleida,Cataluña
25334,Castellserà,Lleida,Cataluña
25335,Penelles,Lleida,Cataluña
25336,Bellmunt d'Urgell,Lleida,Cataluña
25337,Bellcaire d'Urgell,Lleida,Cataluña
25340,Montornès de Segarra,Lleida,Cataluña
25340,Verdú,Lleida,Cataluña
25341,Ciutadilla,Lleida,Cataluña
25341,Guimerà,Lleida,Cataluña
25341,Nalec,Lleida,Cataluña
25343,Sant Martí de Riucorb,Lleida,Cataluña
25344,Sant Martí de Riucorb,Lleida,Cataluña
25350,Tàrrega,Lleida,Cataluña
25351,Tàrrega,Lleida,Cataluña
25352,Tàrrega,Lleida,Cataluña
25353,Tàrrega,Lleida,Cataluña
25354,Tàrrega,Lleida,Cataluña
25360,Tàrrega,Lleida,Cataluña
25400,Les Borges Blanques,Lleida,Cataluña
25410,L'Espluga Calba,Lleida,Cataluña
25411,Fulleda,Lleida,Cataluña
25412,Els Omellons,Lleida,Cataluña
25413,La Floresta,Lleida,Cataluña
25420,Puiggròs,Lleida,Cataluña
25430,Juneda,Lleida,Cataluña
25440,Vinaixa,Lleida,Cataluña
25450,L'Albi,Lleida,Cataluña
25457,El Vilosell,Lleida,Cataluña
25460,Cervià de les Garrigues,Lleida,Cataluña
25471,La Pobla de Cérvoles,Lleida,Cataluña
25480,Tarrés,Lleida,Cataluña
25500,La Pobla de Segur,Lleida,Cataluña
25510,La Torre de Cabdella,Lleida,Cataluña
25511,La Torre de Cabdella,Lleida,Cataluña
25512,La Torre de Cabdella,Lleida,Cataluña
25513,Baix Pallars,Lleida,Cataluña
25513,La Pobla de Segur,Lleida,Cataluña
25513,La Torre de Cabdella,Lleida,Cataluña
25514,El Pont de Suert,Lleida,Cataluña
25514,Senterada,Lleida,Cataluña
25515,La Torre de Cabdella,Lleida,Cataluña
25516,Conca de Dalt,Lleida,Cataluña
25516,La Pobla de Segur,Lleida,Cataluña
25517,Conca de Dalt,Lleida,Cataluña
25518,Conca de Dalt,Lleida,Cataluña
25520,El Pont de Suert,Lleida,Cataluña
25526,La Vall de Boí,Lleida,Cataluña
25526,El Pont de Suert,Lleida,Cataluña
25527,La Vall de Boí,Lleida,Cataluña
25528,La Vall de Boí,Lleida,Cataluña
25529,El Pont de Suert,Lleida,Cataluña
25530,Vielha e Mijaran,Lleida,Cataluña
25537,Vielha e Mijaran,Lleida,Cataluña
25538,Vielha e Mijaran,Lleida,Cataluña
25539,Naut Aran,Lleida,Cataluña
25539,Vielha e Mijaran,Lleida,Cataluña
25540,Les,Lleida,Cataluña
25548,Canejan,Lleida,Cataluña
25549,Bausen,Lleida,Cataluña
25549,Canejan,Lleida,Cataluña
25550,Bossòst,Lleida,Cataluña
25551,Arres,Lleida,Cataluña
25551,Es Bòrdes,Lleida,Cataluña
25551,Vilamòs,Lleida,Cataluña
25552,El Pont de Suert,Lleida,Cataluña
25552,Vilaller,Lleida,Cataluña
25553,Vilaller,Lleida,Cataluña
25554,El Pont de Suert,Lleida,Cataluña
25555,El Pont de Suert,Lleida,Cataluña
25555,Sarroca de Bellera,Lleida,Cataluña
25555,Senterada,Lleida,Cataluña
25556,El Pont de Suert,Lleida,Cataluña
25560,Sort,Lleida,Cataluña
25566,Soriguera,Lleida,Cataluña
25567,Sort,Lleida,Cataluña
25568,Sort,Lleida,Cataluña
25569,Soriguera,Lleida,Cataluña
25570,Vall de Cardós,Lleida,Cataluña
25571,Esterri de Cardós,Lleida,Cataluña
25571,Lladorre,Lleida,Cataluña
25571,Vall de Cardós,Lleida,Cataluña
25572,Vall de Cardós,Lleida,Cataluña
25573,Alins,Lleida,Cataluña
25574,Alins,Lleida,Cataluña
25575,Alins,Lleida,Cataluña
25576,Lladorre,Lleida,Cataluña
25576,Vall de Cardós,Lleida,Cataluña
25577,Lladorre,Lleida,Cataluña
25580,Esterri d'Àneu,Lleida,Cataluña
25586,Alt Àneu,Lleida,Cataluña
25587,Alt Àneu,Lleida,Cataluña
25588,La Guingueta d'Àneu,Lleida,Cataluña
25589,Alt Àneu,Lleida,Cataluña
25590,Baix Pallars,Lleida,Cataluña
25591,Baix Pallars,Lleida,Cataluña
25592,Baix Pallars,Lleida,Cataluña
25593,Soriguera,Lleida,Cataluña
25594,Farrera,Lleida,Cataluña
25594,Llavorsí,Lleida,Cataluña
25594,Rialp,Lleida,Cataluña
25595,Farrera,Lleida,Cataluña
25595,Llavorsí,Lleida,Cataluña
25595,Tírvia,Lleida,Cataluña
25595,La Guingueta d'Àneu,Lleida,Cataluña
25596,La Guingueta d'Àneu,Lleida,Cataluña
25597,Espot,Lleida,Cataluña
25597,La Guingueta d'Àneu,Lleida,Cataluña
25598,Naut Aran,Lleida,Cataluña
25599,Naut Aran,Lleida,Cataluña
25600,Balaguer,Lleida,Cataluña
25610,Os de Balaguer,Lleida,Cataluña
25611,Àger,Lleida,Cataluña
25611,Les Avellanes i Santa Linya,Lleida,Cataluña
25611,Os de Balaguer,Lleida,Cataluña
25612,Les Avellanes i Santa Linya,Lleida,Cataluña
25612,Os de Balaguer,Lleida,Cataluña
25613,Camarasa,Lleida,Cataluña
25614,Os de Balaguer,Lleida,Cataluña
25615,Camarasa,Lleida,Cataluña
25616,Montgai,Lleida,Cataluña
25617,La Sentiu de Sió,Lleida,Cataluña
25617,Vallfogona de Balaguer,Lleida,Cataluña
25620,Tremp,Lleida,Cataluña
25630,Talarn,Lleida,Cataluña
25631,Castell de Mur,Lleida,Cataluña
25632,Sant Esteve de la Sarga,Lleida,Cataluña
25632,Castell de Mur,Lleida,Cataluña
25633,Tremp,Lleida,Cataluña
25633,Castell de Mur,Lleida,Cataluña
25634,Tremp,Lleida,Cataluña
25634,Castell de Mur,Lleida,Cataluña
25635,Tremp,Lleida,Cataluña
25636,Tremp,Lleida,Cataluña
25637,Tremp,Lleida,Cataluña
25638,Gavet de la Conca,Lleida,Cataluña
25638,Llimiana,Lleida,Cataluña
25639,Gavet de la Conca,Lleida,Cataluña
25639,Llimiana,Lleida,Cataluña
25640,Talarn,Lleida,Cataluña
25640,Tremp,Lleida,Cataluña
25650,Isona i Conca Dellà,Lleida,Cataluña
25651,Abella de la Conca,Lleida,Cataluña
25651,Isona i Conca Dellà,Lleida,Cataluña
25652,Abella de la Conca,Lleida,Cataluña
25653,Isona i Conca Dellà,Lleida,Cataluña
25654,Tremp,Lleida,Cataluña
25655,Isona i Conca Dellà,Lleida,Cataluña
25656,Isona i Conca Dellà,Lleida,Cataluña
25657,Isona i Conca Dellà,Lleida,Cataluña
25658,Isona i Conca Dellà,Lleida,Cataluña
25660,Alcoletge,Lleida,Cataluña
25660,Bell-lloc d'Urgell,Lleida,Cataluña
25670,Térmens,Lleida,Cataluña
25680,Vallfogona de Balaguer,Lleida,Cataluña
25690,Vilanova de la Barca,Lleida,Cataluña
25691,Àger,Lleida,Cataluña
25692,Àger,Lleida,Cataluña
25692,Camarasa,Lleida,Cataluña
25693,Conca de Dalt,Lleida,Cataluña
25693,Salàs de Pallars,Lleida,Cataluña
25700,La Seu d'Urgell,Lleida,Cataluña
25710,La Seu d'Urgell,Lleida,Cataluña
25711,Montferrer i Castellbò,Lleida,Cataluña
25712,Montferrer i Castellbò,Lleida,Cataluña
25713,Ribera d'Urgellet,Lleida,Cataluña
25714,Montferrer i Castellbò,Lleida,Cataluña
25714,Ribera d'Urgellet,Lleida,Cataluña
25714,Les Valls d'Aguilar,Lleida,Cataluña
25715,Alàs i Cerc,Lleida,Cataluña
25716,Gósol,Lleida,Cataluña
25717,Alàs i Cerc,Lleida,Cataluña
25717,La Vansa i Fórnols,Lleida,Cataluña
25717,Josa i Tuixén,Lleida,Cataluña
25718,Alàs i Cerc,Lleida,Cataluña
25718,La Seu d'Urgell,Lleida,Cataluña
25719,Estamariu,Lleida,Cataluña
25719,Les Valls de Valira,Lleida,Cataluña
25720,Bellver de Cerdanya,Lleida,Cataluña
25721,Bellver de Cerdanya,Lleida,Cataluña
25721,Prats i Sansor,Lleida,Cataluña
25721,Riu de Cerdanya,Lleida,Cataluña
25722,El Pont de Bar,Lleida,Cataluña
25722,Arsèguel,Lleida,Cataluña
25722,Cava,Lleida,Cataluña
25723,El Pont de Bar,Lleida,Cataluña
25723,Cava,Lleida,Cataluña
25724,Bellver de Cerdanya,Lleida,Cataluña
25724,Montellà i Martinet,Lleida,Cataluña
25725,Montellà i Martinet,Lleida,Cataluña
25726,Lles de Cerdanya,Lleida,Cataluña
25727,Prullans,Lleida,Cataluña
25730,Artesa de Segre,Lleida,Cataluña
25735,Vilanova de Meià,Lleida,Cataluña
25736,Artesa de Segre,Lleida,Cataluña
25736,Vilanova de Meià,Lleida,Cataluña
25737,Alòs de Balaguer,Lleida,Cataluña
25737,Artesa de Segre,Lleida,Cataluña
25737,Cubells,Lleida,Cataluña
25737,Foradada,Lleida,Cataluña
25738,Artesa de Segre,Lleida,Cataluña
25738,Vilanova de Meià,Lleida,Cataluña
25739,Artesa de Segre,Lleida,Cataluña
25740,Ponts,Lleida,Cataluña
25746,Ponts,Lleida,Cataluña
25747,La Baronia de Rialb,Lleida,Cataluña
25748,Cabanabona,Lleida,Cataluña
25748,Oliola,Lleida,Cataluña
25748,Vilanova de l'Aguda,Lleida,Cataluña
25749,Oliola,Lleida,Cataluña
25749,Ponts,Lleida,Cataluña
25749,Vilanova de l'Aguda,Lleida,Cataluña
25750,Torà,Lleida,Cataluña
25751,Torà,Lleida,Cataluña
25752,Biosca,Lleida,Cataluña
25753,Biosca,Lleida,Cataluña
25753,Pinell de Solsonès,Lleida,Cataluña
25753,Sanaüja,Lleida,Cataluña
25753,Torrefeta i Florejacs,Lleida,Cataluña
25788,Les Valls de Valira,Lleida,Cataluña
25790,Bassella,Lleida,Cataluña
25790,Odèn,Lleida,Cataluña
25790,Oliana,Lleida,Cataluña
25790,Peramola,Lleida,Cataluña
25791,Tiurana,Lleida,Cataluña
25792,Bassella,Lleida,Cataluña
25793,Coll de Nargó,Lleida,Cataluña
25794,Cabó,Lleida,Cataluña
25794,Coll de Nargó,Lleida,Cataluña
25794,Organyà,Lleida,Cataluña
25794,Fígols i Alinyà,Lleida,Cataluña
25795,Montferrer i Castellbò,Lleida,Cataluña
25795,Ribera d'Urgellet,Lleida,Cataluña
25795,Les Valls de Valira,Lleida,Cataluña
25795,Les Valls d'Aguilar,Lleida,Cataluña
25796,Ribera d'Urgellet,Lleida,Cataluña
25797,Ribera d'Urgellet,Lleida,Cataluña
25798,Les Valls de Valira,Lleida,Cataluña
25799,El Pont de Bar,Lleida,Cataluña
25799,Les Valls de Valira,Lleida,Cataluña
26001,Logroño,La Rioja,La Rioja
26002,Logroño,La Rioja,La Rioja
26003,Logroño,La Rioja,La Rioja
26004,Logroño,La Rioja,La Rioja
26005,Logroño,La Rioja,La Rioja
26006,Logroño,La Rioja,La Rioja
26006,Villamediana de Iregua,La Rioja,La Rioja
26007,Logroño,La Rioja,La Rioja
26008,Logroño,La Rioja,La Rioja
26009,Logroño,La Rioja,La Rioja
26100,Almarza de Cameros,La Rioja,La Rioja
26100,Torrecilla en Cameros,La Rioja,La Rioja
26110,Nestares,La Rioja,La Rioja
26111,Almarza de Cameros,La Rioja,La Rioja
26111,Pinillos,La Rioja,La Rioja
26120,Albelda de Iregua,La Rioja,La Rioja
26121,Nalda,La Rioja,La Rioja
26121,Viguera,La Rioja,La Rioja
26122,Gallinero de Cameros,La Rioja,La Rioja
26122,Pradillo,La Rioja,La Rioja
26123,Villanueva de Cameros,La Rioja,La Rioja
26124,Nieva de Cameros,La Rioja,La Rioja
26124,Ortigosa de Cameros,La Rioja,La Rioja
26124,El Rasillo de Cameros,La Rioja,La Rioja
26125,Villoslada de Cameros,La Rioja,La Rioja
26126,Lumbreras de Cameros,La Rioja,La Rioja
26127,Montenegro de Cameros,Soria,Castilla y León
26130,Clavijo,La Rioja,La Rioja
26130,Ribafrecha,La Rioja,La Rioja
26131,Lagunilla del Jubera,La Rioja,La Rioja
26131,Robres del Castillo,La Rioja,La Rioja
26131,Santa Engracia del Jubera,La Rioja,La Rioja
26132,Leza de Río Leza,La Rioja,La Rioja
26132,Santa Engracia del Jubera,La Rioja,La Rioja
26132,Soto en Cameros,La Rioja,La Rioja
26132,Terroba,La Rioja,La Rioja
26133,Ajamil de Cameros,La Rioja,La Rioja
26133,Hornillos de Cameros,La Rioja,La Rioja
26133,Rabanera,La Rioja,La Rioja
26133,San Román de Cameros,La Rioja,La Rioja
26134,Jalón de Cameros,La Rioja,La Rioja
26134,Muro en Cameros,La Rioja,La Rioja
26134,Torre en Cameros,La Rioja,La Rioja
26135,Cabezón de Cameros,La Rioja,La Rioja
26135,Laguna de Cameros,La Rioja,La Rioja
26140,Lardero,La Rioja,La Rioja
26141,Alberite,La Rioja,La Rioja
26142,Villamediana de Iregua,La Rioja,La Rioja
26143,Murillo de Río Leza,La Rioja,La Rioja
26144,Corera,La Rioja,La Rioja
26144,Galilea,La Rioja,La Rioja
26144,Ocón,La Rioja,La Rioja
26145,Ocón,La Rioja,La Rioja
26146,El Redal,La Rioja,La Rioja
26147,Ocón,La Rioja,La Rioja
26148,Ocón,La Rioja,La Rioja
26150,Agoncillo,La Rioja,La Rioja
26151,Arrúbal,La Rioja,La Rioja
26160,Agoncillo,La Rioja,La Rioja
26190,Nalda,La Rioja,La Rioja
26191,Sorzano,La Rioja,La Rioja
26200,Haro,La Rioja,La Rioja
26210,Anguciana,La Rioja,La Rioja
26210,Cihuri,La Rioja,La Rioja
26211,Foncea,La Rioja,La Rioja
26211,Fonzaleche,La Rioja,La Rioja
26211,Tirgo,La Rioja,La Rioja
26212,Miranda de Ebro,Burgos,Castilla y León
26212,Cellorigo,La Rioja,La Rioja
26212,Fonzaleche,La Rioja,La Rioja
26212,Galbárruli,La Rioja,La Rioja
26212,Sajazarra,La Rioja,La Rioja
26213,Herramélluri,La Rioja,La Rioja
26213,Leiva,La Rioja,La Rioja
26213,Ochánduri,La Rioja,La Rioja
26213,Tormantos,La Rioja,La Rioja
26214,Cuzcurrita de Río Tirón,La Rioja,La Rioja
26214,Rodezno,La Rioja,La Rioja
26215,Treviana,La Rioja,La Rioja
26216,San Millán de Yécora,La Rioja,La Rioja
26220,Ollauri,La Rioja,La Rioja
26221,Gimileo,La Rioja,La Rioja
26222,Rodezno,La Rioja,La Rioja
26223,Hormilleja,La Rioja,La Rioja
26224,Torrecilla sobre Alesanco,La Rioja,La Rioja
26230,Casalarreina,La Rioja,La Rioja
26240,Castañares de Rioja,La Rioja,La Rioja
26241,Baños de Rioja,La Rioja,La Rioja
26250,Santo Domingo de la Calzada,La Rioja,La Rioja
26256,Villalobar de Rioja,La Rioja,La Rioja
26257,Bañares,La Rioja,La Rioja
26257,Hervías,La Rioja,La Rioja
26258,Cirueña,La Rioja,La Rioja
26258,Manzanares de Rioja,La Rioja,La Rioja
26259,Corporales,La Rioja,La Rioja
26259,Grañón,La Rioja,La Rioja
26259,Villarta-Quintana,La Rioja,La Rioja
26260,Santurde de Rioja,La Rioja,La Rioja
26261,Pazuengos,La Rioja,La Rioja
26261,Santurdejo,La Rioja,La Rioja
26270,Ojacastro,La Rioja,La Rioja
26280,Ezcaray,La Rioja,La Rioja
26288,Valgañón,La Rioja,La Rioja
26288,Zorraquín,La Rioja,La Rioja
26289,Ezcaray,La Rioja,La Rioja
26290,Briñas,La Rioja,La Rioja
26291,Cidamón,La Rioja,La Rioja
26291,San Torcuato,La Rioja,La Rioja
26291,Zarratón,La Rioja,La Rioja
26292,Haro,La Rioja,La Rioja
26292,Villalba de Rioja,La Rioja,La Rioja
26300,Nájera,La Rioja,La Rioja
26310,Badarán,La Rioja,La Rioja
26311,Arenzana de Abajo,La Rioja,La Rioja
26311,Camprovín,La Rioja,La Rioja
26311,Cárdenas,La Rioja,La Rioja
26311,Cordovín,La Rioja,La Rioja
26312,Arenzana de Arriba,La Rioja,La Rioja
26312,Bezares,La Rioja,La Rioja
26312,Tricio,La Rioja,La Rioja
26313,Torremontalbo,La Rioja,La Rioja
26313,Uruñuela,La Rioja,La Rioja
26314,Huércanos,La Rioja,La Rioja
26315,Alesón,La Rioja,La Rioja
26315,Castroviejo,La Rioja,La Rioja
26315,Manjarrés,La Rioja,La Rioja
26315,Santa Coloma,La Rioja,La Rioja
26320,Baños de Río Tobía,La Rioja,La Rioja
26321,Bobadilla,La Rioja,La Rioja
26321,Ledesma de la Cogolla,La Rioja,La Rioja
26321,Matute,La Rioja,La Rioja
26321,Pedroso,La Rioja,La Rioja
26321,Tobía,La Rioja,La Rioja
26321,Villaverde de Rioja,La Rioja,La Rioja
26322,Anguiano,La Rioja,La Rioja
26322,Brieva de Cameros,La Rioja,La Rioja
26323,Azofra,La Rioja,La Rioja
26323,Hormilla,La Rioja,La Rioja
26324,Alesanco,La Rioja,La Rioja
26325,Canillas de Río Tuerto,La Rioja,La Rioja
26325,Cañas,La Rioja,La Rioja
26325,Villar de Torre,La Rioja,La Rioja
26325,Villarejo,La Rioja,La Rioja
26326,San Millán de la Cogolla,La Rioja,La Rioja
26327,Berceo,La Rioja,La Rioja
26328,Estollo,La Rioja,La Rioja
26329,Canales de la Sierra,La Rioja,La Rioja
26329,Mansilla de la Sierra,La Rioja,La Rioja
26329,Ventrosa,La Rioja,La Rioja
26329,Villavelayo,La Rioja,La Rioja
26329,Viniegra de Abajo,La Rioja,La Rioja
26329,Viniegra de Arriba,La Rioja,La Rioja
26330,Briones,La Rioja,La Rioja
26338,San Vicente de la Sonsierra,La Rioja,La Rioja
26339,Ábalos,La Rioja,La Rioja
26339,San Vicente de la Sonsierra,La Rioja,La Rioja
26340,San Asensio,La Rioja,La Rioja
26350,Cenicero,La Rioja,La Rioja
26359,Torremontalbo,La Rioja,La Rioja
26360,Fuenmayor,La Rioja,La Rioja
26370,Navarrete,La Rioja,La Rioja
26371,Sotés,La Rioja,La Rioja
26371,Ventosa,La Rioja,La Rioja
26372,Hornos de Moncalvillo,La Rioja,La Rioja
26373,Daroca de Rioja,La Rioja,La Rioja
26374,Medrano,La Rioja,La Rioja
26375,Entrena,La Rioja,La Rioja
26376,Sojuela,La Rioja,La Rioja
26500,Calahorra,La Rioja,La Rioja
26509,Alcanadre,La Rioja,La Rioja
26510,Pradejón,La Rioja,La Rioja
26511,El Villar de Arnedo,La Rioja,La Rioja
26512,Tudelilla,La Rioja,La Rioja
26513,Ausejo,La Rioja,La Rioja
26520,Cervera del Río Alhama,La Rioja,La Rioja
26525,Igea,La Rioja,La Rioja
26526,Cornago,La Rioja,La Rioja
26527,Cervera del Río Alhama,La Rioja,La Rioja
26527,Cornago,La Rioja,La Rioja
26528,Cervera del Río Alhama,La Rioja,La Rioja
26528,Tarazona,Zaragoza,Aragón
26529,Cervera del Río Alhama,La Rioja,La Rioja
26530,Aguilar del Río Alhama,La Rioja,La Rioja
26531,Aguilar del Río Alhama,La Rioja,La Rioja
26532,Valdemadera,La Rioja,La Rioja
26533,Navajún,La Rioja,La Rioja
26540,Alfaro,La Rioja,La Rioja
26550,Rincón de Soto,La Rioja,La Rioja
26559,Aldeanueva de Ebro,La Rioja,La Rioja
26560,Autol,La Rioja,La Rioja
26570,Quel,La Rioja,La Rioja
26580,Arnedo,La Rioja,La Rioja
26584,Herce,La Rioja,La Rioja
26585,Arnedillo,La Rioja,La Rioja
26585,Santa Eulalia Bajera,La Rioja,La Rioja
26586,Ajamil de Cameros,La Rioja,La Rioja
26586,Enciso,La Rioja,La Rioja
26586,Munilla,La Rioja,La Rioja
26586,Muro de Aguas,La Rioja,La Rioja
26586,Zarzosa,La Rioja,La Rioja
26587,Grávalos,La Rioja,La Rioja
26587,Muro de Aguas,La Rioja,La Rioja
26587,Villarroya,La Rioja,La Rioja
26588,Bergasa,La Rioja,La Rioja
26588,Bergasillas Bajera,La Rioja,La Rioja
26589,Arnedillo,La Rioja,La Rioja
26589,Préjano,La Rioja,La Rioja
27001,Lugo,Lugo,Galicia
27002,Lugo,Lugo,Galicia
27003,Lugo,Lugo,Galicia
27004,Lugo,Lugo,Galicia
27100,A Fonsagrada,Lugo,Galicia
27110,A Fonsagrada,Lugo,Galicia
27111,A Fonsagrada,Lugo,Galicia
27112,A Fonsagrada,Lugo,Galicia
27113,A Fonsagrada,Lugo,Galicia
27113,Negueira de Muñiz,Lugo,Galicia
27114,A Fonsagrada,Lugo,Galicia
27115,A Fonsagrada,Lugo,Galicia
27116,A Fonsagrada,Lugo,Galicia
27117,A Fonsagrada,Lugo,Galicia
27118,A Fonsagrada,Lugo,Galicia
27120,Castroverde,Lugo,Galicia
27122,Castroverde,Lugo,Galicia
27123,Castroverde,Lugo,Galicia
27124,Castroverde,Lugo,Galicia
27125,Castroverde,Lugo,Galicia
27126,Castroverde,Lugo,Galicia
27127,Castroverde,Lugo,Galicia
27128,Castroverde,Lugo,Galicia
27129,Castroverde,Lugo,Galicia
27130,Baleira,Lugo,Galicia
27131,Baleira,Lugo,Galicia
27132,Baleira,Lugo,Galicia
27133,Baleira,Lugo,Galicia
27134,A Fonsagrada,Lugo,Galicia
27135,A Fonsagrada,Lugo,Galicia
27136,A Fonsagrada,Lugo,Galicia
27140,Lugo,Lugo,Galicia
27141,Lugo,Lugo,Galicia
27142,Castroverde,Lugo,Galicia
27143,Castroverde,Lugo,Galicia
27144,Castroverde,Lugo,Galicia
27145,O Corgo,Lugo,Galicia
27146,Castroverde,Lugo,Galicia
27146,Lugo,Lugo,Galicia
27150,Outeiro de Rei,Lugo,Galicia
27151,Outeiro de Rei,Lugo,Galicia
27152,Outeiro de Rei,Lugo,Galicia
27153,Outeiro de Rei,Lugo,Galicia
27154,Outeiro de Rei,Lugo,Galicia
27155,Outeiro de Rei,Lugo,Galicia
27156,Friol,Lugo,Galicia
27157,Outeiro de Rei,Lugo,Galicia
27160,Lugo,Lugo,Galicia
27161,Lugo,Lugo,Galicia
27162,O Corgo,Lugo,Galicia
27163,O Corgo,Lugo,Galicia
27164,O Corgo,Lugo,Galicia
27165,O Corgo,Lugo,Galicia
27166,Castroverde,Lugo,Galicia
27168,O Corgo,Lugo,Galicia
27169,O Corgo,Lugo,Galicia
27170,Portomarín,Lugo,Galicia
27177,Portomarín,Lugo,Galicia
27178,Portomarín,Lugo,Galicia
27180,Lugo,Lugo,Galicia
27181,Guntín,Lugo,Galicia
27181,Lugo,Lugo,Galicia
27182,Lugo,Lugo,Galicia
27183,Guntín,Lugo,Galicia
27184,Guntín,Lugo,Galicia
27185,Guntín,Lugo,Galicia
27185,Lugo,Lugo,Galicia
27186,Guntín,Lugo,Galicia
27187,Portomarín,Lugo,Galicia
27188,Portomarín,Lugo,Galicia
27190,Lugo,Lugo,Galicia
27191,Lugo,Lugo,Galicia
27192,Lugo,Lugo,Galicia
27200,Palas de Rei,Lugo,Galicia
27203,Palas de Rei,Lugo,Galicia
27204,Palas de Rei,Lugo,Galicia
27205,Palas de Rei,Lugo,Galicia
27206,Palas de Rei,Lugo,Galicia
27207,Palas de Rei,Lugo,Galicia
27208,Palas de Rei,Lugo,Galicia
27209,Palas de Rei,Lugo,Galicia
27210,Guntín,Lugo,Galicia
27210,Lugo,Lugo,Galicia
27211,Guntín,Lugo,Galicia
27212,Portomarín,Lugo,Galicia
27213,Portomarín,Lugo,Galicia
27214,Portomarín,Lugo,Galicia
27215,Monterroso,Lugo,Galicia
27216,Palas de Rei,Lugo,Galicia
27217,Palas de Rei,Lugo,Galicia
27220,Friol,Lugo,Galicia
27226,Friol,Lugo,Galicia
27227,Friol,Lugo,Galicia
27228,Friol,Lugo,Galicia
27229,Friol,Lugo,Galicia
27230,Lugo,Lugo,Galicia
27231,Lugo,Lugo,Galicia
27232,Lugo,Lugo,Galicia
27233,Guntín,Lugo,Galicia
27233,Lugo,Lugo,Galicia
27234,Guntín,Lugo,Galicia
27235,Friol,Lugo,Galicia
27240,Meira,Lugo,Galicia
27241,Meira,Lugo,Galicia
27243,Ribeira de Piquín,Lugo,Galicia
27244,Ribeira de Piquín,Lugo,Galicia
27245,Ribeira de Piquín,Lugo,Galicia
27246,A Pastoriza,Lugo,Galicia
27247,Pol,Lugo,Galicia
27248,A Pastoriza,Lugo,Galicia
27250,Castro de Rei,Lugo,Galicia
27256,Castro de Rei,Lugo,Galicia
27257,Castro de Rei,Lugo,Galicia
27258,Castro de Rei,Lugo,Galicia
27259,Castro de Rei,Lugo,Galicia
27260,Castro de Rei,Lugo,Galicia
27266,Castro de Rei,Lugo,Galicia
27267,Castro de Rei,Lugo,Galicia
27268,Castro de Rei,Lugo,Galicia
27269,Castro de Rei,Lugo,Galicia
27270,Pol,Lugo,Galicia
27271,Castro de Rei,Lugo,Galicia
27272,Pol,Lugo,Galicia
27273,Pol,Lugo,Galicia
27274,Pol,Lugo,Galicia
27275,Pol,Lugo,Galicia
27276,Baleira,Lugo,Galicia
27277,Baleira,Lugo,Galicia
27278,Baleira,Lugo,Galicia
27279,Pol,Lugo,Galicia
27280,Pol,Lugo,Galicia
27282,Castro de Rei,Lugo,Galicia
27283,Pol,Lugo,Galicia
27286,A Pastoriza,Lugo,Galicia
27287,A Pastoriza,Lugo,Galicia
27289,Castro de Rei,Lugo,Galicia
27290,Lugo,Lugo,Galicia
27293,Lugo,Lugo,Galicia
27294,Lugo,Lugo,Galicia
27296,Lugo,Lugo,Galicia
27297,Lugo,Lugo,Galicia
27298,Lugo,Lugo,Galicia
27299,Friol,Lugo,Galicia
27299,Lugo,Lugo,Galicia
27300,Guitiriz,Lugo,Galicia
27305,Guitiriz,Lugo,Galicia
27306,Guitiriz,Lugo,Galicia
27307,Guitiriz,Lugo,Galicia
27308,Guitiriz,Lugo,Galicia
27309,Guitiriz,Lugo,Galicia
27310,Ribas de Sil,Lugo,Galicia
27317,Ribas de Sil,Lugo,Galicia
27318,Ribas de Sil,Lugo,Galicia
27320,Quiroga,Lugo,Galicia
27324,Folgoso do Courel,Lugo,Galicia
27325,Folgoso do Courel,Lugo,Galicia
27328,Folgoso do Courel,Lugo,Galicia
27328,Quiroga,Lugo,Galicia
27329,Quiroga,Lugo,Galicia
27330,A Pobra do Brollón,Lugo,Galicia
27331,A Pobra do Brollón,Lugo,Galicia
27332,A Pobra do Brollón,Lugo,Galicia
27333,A Pobra do Brollón,Lugo,Galicia
27334,A Pobra do Brollón,Lugo,Galicia
27335,A Pobra do Brollón,Lugo,Galicia
27336,A Pobra do Brollón,Lugo,Galicia
27338,A Pobra do Brollón,Lugo,Galicia
27339,A Pobra do Brollón,Lugo,Galicia
27340,Bóveda,Lugo,Galicia
27341,O Incio,Lugo,Galicia
27342,O Incio,Lugo,Galicia
27343,Bóveda,Lugo,Galicia
27344,Bóveda,Lugo,Galicia
27345,O Incio,Lugo,Galicia
27346,O Incio,Lugo,Galicia
27347,O Incio,Lugo,Galicia
27348,O Incio,Lugo,Galicia
27349,Bóveda,Lugo,Galicia
27350,Bóveda,Lugo,Galicia
27359,Bóveda,Lugo,Galicia
27360,Láncara,Lugo,Galicia
27362,O Páramo,Lugo,Galicia
27363,O Páramo,Lugo,Galicia
27364,O Páramo,Lugo,Galicia
27366,Láncara,Lugo,Galicia
27367,Láncara,Lugo,Galicia
27368,Láncara,Lugo,Galicia
27369,Láncara,Lugo,Galicia
27369,O Páramo,Lugo,Galicia
27370,Rábade,Lugo,Galicia
27371,Begonte,Lugo,Galicia
27372,Begonte,Lugo,Galicia
27372,Guitiriz,Lugo,Galicia
27373,Begonte,Lugo,Galicia
27373,Cospeito,Lugo,Galicia
27373,Outeiro de Rei,Lugo,Galicia
27374,Outeiro de Rei,Lugo,Galicia
27375,Begonte,Lugo,Galicia
27375,Cospeito,Lugo,Galicia
27376,Cospeito,Lugo,Galicia
27377,Cospeito,Lugo,Galicia
27378,Cospeito,Lugo,Galicia
27379,Cospeito,Lugo,Galicia
27380,Guitiriz,Lugo,Galicia
27388,Guitiriz,Lugo,Galicia
27389,Guitiriz,Lugo,Galicia
27390,Quiroga,Lugo,Galicia
27391,Quiroga,Lugo,Galicia
27392,Sarria,Lugo,Galicia
27400,Monforte de Lemos,Lugo,Galicia
27410,Monforte de Lemos,Lugo,Galicia
27411,Monforte de Lemos,Lugo,Galicia
27412,Monforte de Lemos,Lugo,Galicia
27413,Monforte de Lemos,Lugo,Galicia
27413,A Pobra do Brollón,Lugo,Galicia
27414,Monforte de Lemos,Lugo,Galicia
27415,Monforte de Lemos,Lugo,Galicia
27416,Monforte de Lemos,Lugo,Galicia
27417,Monforte de Lemos,Lugo,Galicia
27418,Monforte de Lemos,Lugo,Galicia
27419,Monforte de Lemos,Lugo,Galicia
27419,Pantón,Lugo,Galicia
27420,Monforte de Lemos,Lugo,Galicia
27421,Sober,Lugo,Galicia
27422,Sober,Lugo,Galicia
27423,Sober,Lugo,Galicia
27424,Sober,Lugo,Galicia
27425,Sober,Lugo,Galicia
27430,Pantón,Lugo,Galicia
27437,Pantón,Lugo,Galicia
27438,Pantón,Lugo,Galicia
27439,Pantón,Lugo,Galicia
27440,Sober,Lugo,Galicia
27450,Pantón,Lugo,Galicia
27460,Sober,Lugo,Galicia
27466,Sober,Lugo,Galicia
27468,Sober,Lugo,Galicia
27469,Sober,Lugo,Galicia
27470,Pantón,Lugo,Galicia
27500,Chantada,Lugo,Galicia
27510,Chantada,Lugo,Galicia
27511,Chantada,Lugo,Galicia
27512,Chantada,Lugo,Galicia
27513,Chantada,Lugo,Galicia
27514,Chantada,Lugo,Galicia
27515,Chantada,Lugo,Galicia
27516,Chantada,Lugo,Galicia
27517,Chantada,Lugo,Galicia
27518,Chantada,Lugo,Galicia
27519,Chantada,Lugo,Galicia
27520,Carballedo,Lugo,Galicia
27527,Carballedo,Lugo,Galicia
27528,Carballedo,Lugo,Galicia
27529,Carballedo,Lugo,Galicia
27530,Carballedo,Lugo,Galicia
27531,Carballedo,Lugo,Galicia
27532,Carballedo,Lugo,Galicia
27533,Carballedo,Lugo,Galicia
27533,Chantada,Lugo,Galicia
27540,O Saviñao,Lugo,Galicia
27543,O Saviñao,Lugo,Galicia
27544,O Saviñao,Lugo,Galicia
27545,O Saviñao,Lugo,Galicia
27546,O Saviñao,Lugo,Galicia
27547,O Saviñao,Lugo,Galicia
27548,O Saviñao,Lugo,Galicia
27549,Pantón,Lugo,Galicia
27549,O Saviñao,Lugo,Galicia
27550,Taboada,Lugo,Galicia
27554,Taboada,Lugo,Galicia
27555,Taboada,Lugo,Galicia
27556,Taboada,Lugo,Galicia
27557,Taboada,Lugo,Galicia
27558,Taboada,Lugo,Galicia
27559,Taboada,Lugo,Galicia
27560,Monterroso,Lugo,Galicia
27568,Monterroso,Lugo,Galicia
27569,Monterroso,Lugo,Galicia
27570,Antas de Ulla,Lugo,Galicia
27576,Antas de Ulla,Lugo,Galicia
27577,Antas de Ulla,Lugo,Galicia
27578,Antas de Ulla,Lugo,Galicia
27579,Antas de Ulla,Lugo,Galicia
27590,Monforte de Lemos,Lugo,Galicia
27591,Monforte de Lemos,Lugo,Galicia
27592,Monforte de Lemos,Lugo,Galicia
27592,Pantón,Lugo,Galicia
27593,Pantón,Lugo,Galicia
27594,O Saviñao,Lugo,Galicia
27595,Chantada,Lugo,Galicia
27596,Taboada,Lugo,Galicia
27600,Sarria,Lugo,Galicia
27610,Sarria,Lugo,Galicia
27611,Paradela,Lugo,Galicia
27612,Paradela,Lugo,Galicia
27612,Sarria,Lugo,Galicia
27613,Sarria,Lugo,Galicia
27614,Sarria,Lugo,Galicia
27615,Sarria,Lugo,Galicia
27616,Sarria,Lugo,Galicia
27617,Sarria,Lugo,Galicia
27618,Sarria,Lugo,Galicia
27619,Sarria,Lugo,Galicia
27620,Samos,Lugo,Galicia
27623,Samos,Lugo,Galicia
27624,Samos,Lugo,Galicia
27625,Samos,Lugo,Galicia
27626,Samos,Lugo,Galicia
27627,Samos,Lugo,Galicia
27628,Samos,Lugo,Galicia
27630,Triacastela,Lugo,Galicia
27631,Samos,Lugo,Galicia
27631,Triacastela,Lugo,Galicia
27632,Triacastela,Lugo,Galicia
27633,Samos,Lugo,Galicia
27634,Triacastela,Lugo,Galicia
27635,Samos,Lugo,Galicia
27636,Samos,Lugo,Galicia
27637,Sarria,Lugo,Galicia
27638,Samos,Lugo,Galicia
27639,Triacastela,Lugo,Galicia
27640,Becerreá,Lugo,Galicia
27646,As Nogais,Lugo,Galicia
27647,Becerreá,Lugo,Galicia
27648,Becerreá,Lugo,Galicia
27649,Becerreá,Lugo,Galicia
27650,Navia de Suarna,Lugo,Galicia
27651,Navia de Suarna,Lugo,Galicia
27652,Navia de Suarna,Lugo,Galicia
27653,Navia de Suarna,Lugo,Galicia
27654,Navia de Suarna,Lugo,Galicia
27655,Navia de Suarna,Lugo,Galicia
27656,Navia de Suarna,Lugo,Galicia
27657,Navia de Suarna,Lugo,Galicia
27658,Navia de Suarna,Lugo,Galicia
27659,Cervantes,Lugo,Galicia
27659,Navia de Suarna,Lugo,Galicia
27660,Becerreá,Lugo,Galicia
27661,Becerreá,Lugo,Galicia
27661,Cervantes,Lugo,Galicia
27662,Cervantes,Lugo,Galicia
27663,Becerreá,Lugo,Galicia
27664,Becerreá,Lugo,Galicia
27664,Cervantes,Lugo,Galicia
27665,Cervantes,Lugo,Galicia
27666,Cervantes,Lugo,Galicia
27667,Becerreá,Lugo,Galicia
27667,Cervantes,Lugo,Galicia
27668,Becerreá,Lugo,Galicia
27670,Pedrafita do Cebreiro,Lugo,Galicia
27671,Pedrafita do Cebreiro,Lugo,Galicia
27672,Pedrafita do Cebreiro,Lugo,Galicia
27673,Pedrafita do Cebreiro,Lugo,Galicia
27675,As Nogais,Lugo,Galicia
27676,As Nogais,Lugo,Galicia
27677,Becerreá,Lugo,Galicia
27677,As Nogais,Lugo,Galicia
27678,Becerreá,Lugo,Galicia
27679,Becerreá,Lugo,Galicia
27680,Baralla,Lugo,Galicia
27685,Baralla,Lugo,Galicia
27686,Baralla,Lugo,Galicia
27687,Baralla,Lugo,Galicia
27688,Baralla,Lugo,Galicia
27689,Baralla,Lugo,Galicia
27690,Sarria,Lugo,Galicia
27691,Láncara,Lugo,Galicia
27692,Láncara,Lugo,Galicia
27693,Láncara,Lugo,Galicia
27694,Becerreá,Lugo,Galicia
27695,Becerreá,Lugo,Galicia
27696,Baralla,Lugo,Galicia
27697,Baralla,Lugo,Galicia
27698,Becerreá,Lugo,Galicia
27699,Láncara,Lugo,Galicia
27700,Ribadeo,Lugo,Galicia
27710,Ribadeo,Lugo,Galicia
27711,Ribadeo,Lugo,Galicia
27712,Ribadeo,Lugo,Galicia
27713,Ribadeo,Lugo,Galicia
27714,Ribadeo,Lugo,Galicia
27715,Ribadeo,Lugo,Galicia
27720,A Pontenova,Lugo,Galicia
27721,A Pontenova,Lugo,Galicia
27722,A Pontenova,Lugo,Galicia
27723,A Pontenova,Lugo,Galicia
27724,A Pontenova,Lugo,Galicia
27725,A Pontenova,Lugo,Galicia
27726,A Pontenova,Lugo,Galicia
27727,A Pontenova,Lugo,Galicia
27728,A Pontenova,Lugo,Galicia
27729,A Pontenova,Lugo,Galicia
27730,Abadín,Lugo,Galicia
27737,Abadín,Lugo,Galicia
27738,Abadín,Lugo,Galicia
27740,Mondoñedo,Lugo,Galicia
27742,Mondoñedo,Lugo,Galicia
27743,Riotorto,Lugo,Galicia
27744,Riotorto,Lugo,Galicia
27745,Riotorto,Lugo,Galicia
27747,Mondoñedo,Lugo,Galicia
27748,Mondoñedo,Lugo,Galicia
27749,Mondoñedo,Lugo,Galicia
27750,Lourenzá,Lugo,Galicia
27751,Lourenzá,Lugo,Galicia
27752,Mondoñedo,Lugo,Galicia
27760,Lourenzá,Lugo,Galicia
27765,Trabada,Lugo,Galicia
27766,Trabada,Lugo,Galicia
27767,Trabada,Lugo,Galicia
27768,Trabada,Lugo,Galicia
27770,O Valadouro,Lugo,Galicia
27773,Alfoz,Lugo,Galicia
27774,Alfoz,Lugo,Galicia
27775,Alfoz,Lugo,Galicia
27776,Alfoz,Lugo,Galicia
27777,O Valadouro,Lugo,Galicia
27778,Alfoz,Lugo,Galicia
27778,O Valadouro,Lugo,Galicia
27779,O Valadouro,Lugo,Galicia
27780,Foz,Lugo,Galicia
27785,Foz,Lugo,Galicia
27786,Foz,Lugo,Galicia
27787,Foz,Lugo,Galicia
27788,Foz,Lugo,Galicia
27789,Foz,Lugo,Galicia
27790,Barreiros,Lugo,Galicia
27791,Mondoñedo,Lugo,Galicia
27792,Barreiros,Lugo,Galicia
27793,Barreiros,Lugo,Galicia
27794,Barreiros,Lugo,Galicia
27795,Ribadeo,Lugo,Galicia
27796,Ribadeo,Lugo,Galicia
27797,Ribadeo,Lugo,Galicia
27798,Barreiros,Lugo,Galicia
27800,Vilalba,Lugo,Galicia
27810,Vilalba,Lugo,Galicia
27811,Vilalba,Lugo,Galicia
27812,Vilalba,Lugo,Galicia
27813,Vilalba,Lugo,Galicia
27814,Vilalba,Lugo,Galicia
27815,Vilalba,Lugo,Galicia
27816,Vilalba,Lugo,Galicia
27817,Muras,Lugo,Galicia
27818,Vilalba,Lugo,Galicia
27820,Vilalba,Lugo,Galicia
27821,Vilalba,Lugo,Galicia
27822,Vilalba,Lugo,Galicia
27823,Vilalba,Lugo,Galicia
27824,Xermade,Lugo,Galicia
27825,Vilalba,Lugo,Galicia
27826,Xermade,Lugo,Galicia
27830,Vilalba,Lugo,Galicia
27832,Xermade,Lugo,Galicia
27833,Xermade,Lugo,Galicia
27834,Xermade,Lugo,Galicia
27835,Xermade,Lugo,Galicia
27836,Muras,Lugo,Galicia
27837,Muras,Lugo,Galicia
27840,Vilalba,Lugo,Galicia
27841,Vilalba,Lugo,Galicia
27842,Vilalba,Lugo,Galicia
27843,Abadín,Lugo,Galicia
27843,Vilalba,Lugo,Galicia
27844,Vilalba,Lugo,Galicia
27845,Abadín,Lugo,Galicia
27849,Abadín,Lugo,Galicia
27850,Viveiro,Lugo,Galicia
27860,O Vicedo,Lugo,Galicia
27861,O Vicedo,Lugo,Galicia
27861,Viveiro,Lugo,Galicia
27863,Viveiro,Lugo,Galicia
27864,Viveiro,Lugo,Galicia
27865,Ourol,Lugo,Galicia
27866,Ourol,Lugo,Galicia
27866,Viveiro,Lugo,Galicia
27867,Ourol,Lugo,Galicia
27867,Viveiro,Lugo,Galicia
27868,O Vicedo,Lugo,Galicia
27869,Viveiro,Lugo,Galicia
27870,Xove,Lugo,Galicia
27876,Xove,Lugo,Galicia
27877,Xove,Lugo,Galicia
27878,Xove,Lugo,Galicia
27879,Xove,Lugo,Galicia
27880,Burela,Lugo,Galicia
27888,Cervo,Lugo,Galicia
27889,Cervo,Lugo,Galicia
27890,Cervo,Lugo,Galicia
27891,Cervo,Lugo,Galicia
27892,Foz,Lugo,Galicia
27893,Foz,Lugo,Galicia
28001,Madrid,Madrid,Comunidad de Madrid
28002,Madrid,Madrid,Comunidad de Madrid
28003,Madrid,Madrid,Comunidad de Madrid
28004,Madrid,Madrid,Comunidad de Madrid
28005,Madrid,Madrid,Comunidad de Madrid
28006,Madrid,Madrid,Comunidad de Madrid
28007,Madrid,Madrid,Comunidad de Madrid
28008,Madrid,Madrid,Comunidad de Madrid
28009,Madrid,Madrid,Comunidad de Madrid
28010,Madrid,Madrid,Comunidad de Madrid
28011,Madrid,Madrid,Comunidad de Madrid
28012,Madrid,Madrid,Comunidad de Madrid
28013,Madrid,Madrid,Comunidad de Madrid
28014,Madrid,Madrid,Comunidad de Madrid
28015,Madrid,Madrid,Comunidad de Madrid
28016,Madrid,Madrid,Comunidad de Madrid
28017,Madrid,Madrid,Comunidad de Madrid
28018,Madrid,Madrid,Comunidad de Madrid
28019,Madrid,Madrid,Comunidad de Madrid
28020,Madrid,Madrid,Comunidad de Madrid
28021,Madrid,Madrid,Comunidad de Madrid
28022,Madrid,Madrid,Comunidad de Madrid
28023,Madrid,Madrid,Comunidad de Madrid
28024,Madrid,Madrid,Comunidad de Madrid
28025,Madrid,Madrid,Comunidad de Madrid
28026,Madrid,Madrid,Comunidad de Madrid
28027,Madrid,Madrid,Comunidad de Madrid
28028,Madrid,Madrid,Comunidad de Madrid
28029,Madrid,Madrid,Comunidad de Madrid
28030,Madrid,Madrid,Comunidad de Madrid
28031,Madrid,Madrid,Comunidad de Madrid
28032,Madrid,Madrid,Comunidad de Madrid
28033,Madrid,Madrid,Comunidad de Madrid
28034,Madrid,Madrid,Comunidad de Madrid
28035,Madrid,Madrid,Comunidad de Madrid
28036,Madrid,Madrid,Comunidad de Madrid
28037,Madrid,Madrid,Comunidad de Madrid
28038,Madrid,Madrid,Comunidad de Madrid
28039,Madrid,Madrid,Comunidad de Madrid
28040,Madrid,Madrid,Comunidad de Madrid
28041,Madrid,Madrid,Comunidad de Madrid
28042,Madrid,Madrid,Comunidad de Madrid
28043,Madrid,Madrid,Comunidad de Madrid
28044,Madrid,Madrid,Comunidad de Madrid
28045,Madrid,Madrid,Comunidad de Madrid
28046,Madrid,Madrid,Comunidad de Madrid
28047,Madrid,Madrid,Comunidad de Madrid
28048,Madrid,Madrid,Comunidad de Madrid
28049,Madrid,Madrid,Comunidad de Madrid
28050,Madrid,Madrid,Comunidad de Madrid
28051,Madrid,Madrid,Comunidad de Madrid
28052,Madrid,Madrid,Comunidad de Madrid
28053,Madrid,Madrid,Comunidad de Madrid
28054,Madrid,Madrid,Comunidad de Madrid
28055,Madrid,Madrid,Comunidad de Madrid
28100,Alcobendas,Madrid,Comunidad de Madrid
28108,Alcobendas,Madrid,Comunidad de Madrid
28109,Alcobendas,Madrid,Comunidad de Madrid
28110,Algete,Madrid,Comunidad de Madrid
28119,Algete,Madrid,Comunidad de Madrid
28120,Algete,Madrid,Comunidad de Madrid
28120,Colmenar Viejo,Madrid,Comunidad de Madrid
28130,Valdeolmos-Alalpardo,Madrid,Comunidad de Madrid
28140,Fuente el Saz de Jarama,Madrid,Comunidad de Madrid
28150,Valdetorres de Jarama,Madrid,Comunidad de Madrid
28160,Talamanca de Jarama,Madrid,Comunidad de Madrid
28170,Valdepiélagos,Madrid,Comunidad de Madrid
28180,Torrelaguna,Madrid,Comunidad de Madrid
28189,El Atazar,Madrid,Comunidad de Madrid
28189,Patones,Madrid,Comunidad de Madrid
28189,Torremocha de Jarama,Madrid,Comunidad de Madrid
28190,El Cardoso de la Sierra,Guadalajara,Castilla-La Mancha
28190,Montejo de la Sierra,Madrid,Comunidad de Madrid
28190,Puebla de la Sierra,Madrid,Comunidad de Madrid
28191,La Hiruela,Madrid,Comunidad de Madrid
28191,Horcajuelo de la Sierra,Madrid,Comunidad de Madrid
28191,Prádena del Rincón,Madrid,Comunidad de Madrid
28192,El Berrueco,Madrid,Comunidad de Madrid
28193,Cervera de Buitrago,Madrid,Comunidad de Madrid
28194,Berzosa del Lozoya,Madrid,Comunidad de Madrid
28194,Robledillo de la Jara,Madrid,Comunidad de Madrid
28195,Puentes Viejas,Madrid,Comunidad de Madrid
28196,Puentes Viejas,Madrid,Comunidad de Madrid
28200,San Lorenzo de El Escorial,Madrid,Comunidad de Madrid
28209,San Lorenzo de El Escorial,Madrid,Comunidad de Madrid
28210,Navalagamella,Madrid,Comunidad de Madrid
28210,Valdemorillo,Madrid,Comunidad de Madrid
28211,El Escorial,Madrid,Comunidad de Madrid
28212,Navalagamella,Madrid,Comunidad de Madrid
28213,Colmenar del Arroyo,Madrid,Comunidad de Madrid
28214,Fresnedillas de la Oliva,Madrid,Comunidad de Madrid
28219,El Escorial,Madrid,Comunidad de Madrid
28220,Majadahonda,Madrid,Comunidad de Madrid
28221,Majadahonda,Madrid,Comunidad de Madrid
28222,Majadahonda,Madrid,Comunidad de Madrid
28223,Pozuelo de Alarcón,Madrid,Comunidad de Madrid
28224,Pozuelo de Alarcón,Madrid,Comunidad de Madrid
28229,Galapagar,Madrid,Comunidad de Madrid
28229,Villanueva del Pardillo,Madrid,Comunidad de Madrid
28231,Las Rozas de Madrid,Madrid,Comunidad de Madrid
28232,Las Rozas de Madrid,Madrid,Comunidad de Madrid
28240,Hoyo de Manzanares,Madrid,Comunidad de Madrid
28248,Hoyo de Manzanares,Madrid,Comunidad de Madrid
28250,Galapagar,Madrid,Comunidad de Madrid
28250,Torrelodones,Madrid,Comunidad de Madrid
28260,Galapagar,Madrid,Comunidad de Madrid
28270,Colmenarejo,Madrid,Comunidad de Madrid
28280,El Escorial,Madrid,Comunidad de Madrid
28290,Las Rozas de Madrid,Madrid,Comunidad de Madrid
28292,El Escorial,Madrid,Comunidad de Madrid
28292,Galapagar,Madrid,Comunidad de Madrid
28293,Zarzalejo,Madrid,Comunidad de Madrid
28294,Robledo de Chavela,Madrid,Comunidad de Madrid
28295,Valdemaqueda,Madrid,Comunidad de Madrid
28296,Santa María de la Alameda,Madrid,Comunidad de Madrid
28297,Santa María de la Alameda,Madrid,Comunidad de Madrid
28300,Aranjuez,Madrid,Comunidad de Madrid
28310,Aranjuez,Madrid,Comunidad de Madrid
28311,Aranjuez,Madrid,Comunidad de Madrid
28312,Aranjuez,Madrid,Comunidad de Madrid
28320,Pinto,Madrid,Comunidad de Madrid
28330,San Martín de la Vega,Madrid,Comunidad de Madrid
28341,Valdemoro,Madrid,Comunidad de Madrid
28342,Valdemoro,Madrid,Comunidad de Madrid
28343,Valdemoro,Madrid,Comunidad de Madrid
28350,Ciempozuelos,Madrid,Comunidad de Madrid
28359,Titulcia,Madrid,Comunidad de Madrid
28360,Villaconejos,Madrid,Comunidad de Madrid
28370,Chinchón,Madrid,Comunidad de Madrid
28380,Colmenar de Oreja,Madrid,Comunidad de Madrid
28390,Belmonte de Tajo,Madrid,Comunidad de Madrid
28391,Valdelaguna,Madrid,Comunidad de Madrid
28400,Collado Villalba,Madrid,Comunidad de Madrid
28400,Galapagar,Madrid,Comunidad de Madrid
28410,Manzanares el Real,Madrid,Comunidad de Madrid
28411,El Boalo,Madrid,Comunidad de Madrid
28411,Moralzarzal,Madrid,Comunidad de Madrid
28412,El Boalo,Madrid,Comunidad de Madrid
28413,El Boalo,Madrid,Comunidad de Madrid
28419,El Boalo,Madrid,Comunidad de Madrid
28420,Galapagar,Madrid,Comunidad de Madrid
28430,Alpedrete,Madrid,Comunidad de Madrid
28430,Collado Mediano,Madrid,Comunidad de Madrid
28430,Guadarrama,Madrid,Comunidad de Madrid
28440,Guadarrama,Madrid,Comunidad de Madrid
28450,Collado Mediano,Madrid,Comunidad de Madrid
28460,Los Molinos,Madrid,Comunidad de Madrid
28470,Cercedilla,Madrid,Comunidad de Madrid
28479,Cercedilla,Madrid,Comunidad de Madrid
28480,Guadarrama,Madrid,Comunidad de Madrid
28490,Becerril de la Sierra,Madrid,Comunidad de Madrid
28490,Moralzarzal,Madrid,Comunidad de Madrid
28491,Navacerrada,Madrid,Comunidad de Madrid
28492,El Boalo,Madrid,Comunidad de Madrid
28492,Manzanares el Real,Madrid,Comunidad de Madrid
28500,Arganda del Rey,Madrid,Comunidad de Madrid
28500,Rivas-Vaciamadrid,Madrid,Comunidad de Madrid
28510,Campo Real,Madrid,Comunidad de Madrid
28511,Valdilecha,Madrid,Comunidad de Madrid
28512,Villar del Olmo,Madrid,Comunidad de Madrid
28514,Nuevo Baztán,Madrid,Comunidad de Madrid
28515,Olmeda de las Fuentes,Madrid,Comunidad de Madrid
28521,Rivas-Vaciamadrid,Madrid,Comunidad de Madrid
28522,Rivas-Vaciamadrid,Madrid,Comunidad de Madrid
28523,Rivas-Vaciamadrid,Madrid,Comunidad de Madrid
28524,Rivas-Vaciamadrid,Madrid,Comunidad de Madrid
28530,Chinchón,Madrid,Comunidad de Madrid
28530,Morata de Tajuña,Madrid,Comunidad de Madrid
28540,Perales de Tajuña,Madrid,Comunidad de Madrid
28550,Tielmes,Madrid,Comunidad de Madrid
28560,Carabaña,Madrid,Comunidad de Madrid
28570,Orusco de Tajuña,Madrid,Comunidad de Madrid
28580,Ambite,Madrid,Comunidad de Madrid
28590,Villarejo de Salvanés,Madrid,Comunidad de Madrid
28594,Valdaracete,Madrid,Comunidad de Madrid
28595,Estremera,Madrid,Comunidad de Madrid
28596,Brea de Tajo,Madrid,Comunidad de Madrid
28597,Fuentidueña de Tajo,Madrid,Comunidad de Madrid
28598,Villamanrique de Tajo,Madrid,Comunidad de Madrid
28600,Navalcarnero,Madrid,Comunidad de Madrid
28600,Casarrubios del Monte,Toledo,Castilla-La Mancha
28607,El Álamo,Madrid,Comunidad de Madrid
28609,Sevilla la Nueva,Madrid,Comunidad de Madrid
28609,Villamantilla,Madrid,Comunidad de Madrid
28609,Villanueva de Perales,Madrid,Comunidad de Madrid
28610,Villamanta,Madrid,Comunidad de Madrid
28620,Aldea del Fresno,Madrid,Comunidad de Madrid
28630,Villa del Prado,Madrid,Comunidad de Madrid
28640,Cadalso de los Vidrios,Madrid,Comunidad de Madrid
28648,Cadalso de los Vidrios,Madrid,Comunidad de Madrid
28649,Rozas de Puerto Real,Madrid,Comunidad de Madrid
28650,Cenicientos,Madrid,Comunidad de Madrid
28660,Boadilla del Monte,Madrid,Comunidad de Madrid
28668,Alcorcón,Madrid,Comunidad de Madrid
28668,Boadilla del Monte,Madrid,Comunidad de Madrid
28669,Boadilla del Monte,Madrid,Comunidad de Madrid
28670,Villaviciosa de Odón,Madrid,Comunidad de Madrid
28679,Villaviciosa de Odón,Madrid,Comunidad de Madrid
28680,San Martín de Valdeiglesias,Madrid,Comunidad de Madrid
28690,Brunete,Madrid,Comunidad de Madrid
28691,Villanueva de la Cañada,Madrid,Comunidad de Madrid
28692,Villanueva de la Cañada,Madrid,Comunidad de Madrid
28693,Quijorna,Madrid,Comunidad de Madrid
28694,Chapinería,Madrid,Comunidad de Madrid
28695,Navas del Rey,Madrid,Comunidad de Madrid
28696,Pelayos de la Presa,Madrid,Comunidad de Madrid
28701,San Sebastián de los Reyes,Madrid,Comunidad de Madrid
28702,San Sebastián de los Reyes,Madrid,Comunidad de Madrid
28703,San Sebastián de los Reyes,Madrid,Comunidad de Madrid
28706,San Sebastián de los Reyes,Madrid,Comunidad de Madrid
28707,Colmenar Viejo,Madrid,Comunidad de Madrid
28707,San Sebastián de los Reyes,Madrid,Comunidad de Madrid
28708,San Sebastián de los Reyes,Madrid,Comunidad de Madrid
28709,San Sebastián de los Reyes,Madrid,Comunidad de Madrid
28710,El Molar,Madrid,Comunidad de Madrid
28720,Bustarviejo,Madrid,Comunidad de Madrid
28721,Cabanillas de la Sierra,Madrid,Comunidad de Madrid
28721,Redueña,Madrid,Comunidad de Madrid
28722,El Vellón,Madrid,Comunidad de Madrid
28723,Pedrezuela,Madrid,Comunidad de Madrid
28729,Navalafuente,Madrid,Comunidad de Madrid
28729,Valdemanco,Madrid,Comunidad de Madrid
28729,Venturada,Madrid,Comunidad de Madrid
28730,Buitrago del Lozoya,Madrid,Comunidad de Madrid
28737,Braojos,Madrid,Comunidad de Madrid
28737,Gascones,Madrid,Comunidad de Madrid
28737,Piñuécar-Gandullas,Madrid,Comunidad de Madrid
28737,La Serna del Monte,Madrid,Comunidad de Madrid
28739,Gargantilla del Lozoya y Pinilla de Buitrago,Madrid,Comunidad de Madrid
28739,Navarredonda y San Mamés,Madrid,Comunidad de Madrid
28739,Villavieja del Lozoya,Madrid,Comunidad de Madrid
28740,Rascafría,Madrid,Comunidad de Madrid
28741,Rascafría,Madrid,Comunidad de Madrid
28742,Lozoya,Madrid,Comunidad de Madrid
28743,Canencia,Madrid,Comunidad de Madrid
28743,Garganta de los Montes,Madrid,Comunidad de Madrid
28749,Alameda del Valle,Madrid,Comunidad de Madrid
28749,Garganta de los Montes,Madrid,Comunidad de Madrid
28749,Pinilla del Valle,Madrid,Comunidad de Madrid
28749,Rascafría,Madrid,Comunidad de Madrid
28750,San Agustín del Guadalix,Madrid,Comunidad de Madrid
28751,La Cabrera,Madrid,Comunidad de Madrid
28752,Lozoyuela-Navas-Sieteiglesias,Madrid,Comunidad de Madrid
28753,Lozoyuela-Navas-Sieteiglesias,Madrid,Comunidad de Madrid
28754,Lozoyuela-Navas-Sieteiglesias,Madrid,Comunidad de Madrid
28754,Puentes Viejas,Madrid,Comunidad de Madrid
28755,La Acebeda,Madrid,Comunidad de Madrid
28755,Horcajo de la Sierra-Aoslos,Madrid,Comunidad de Madrid
28755,Madarcos,Madrid,Comunidad de Madrid
28755,Robregordo,Madrid,Comunidad de Madrid
28756,Somosierra,Madrid,Comunidad de Madrid
28760,San Sebastián de los Reyes,Madrid,Comunidad de Madrid
28760,Tres Cantos,Madrid,Comunidad de Madrid
28770,Colmenar Viejo,Madrid,Comunidad de Madrid
28770,Manzanares el Real,Madrid,Comunidad de Madrid
28770,Soto del Real,Madrid,Comunidad de Madrid
28791,Soto del Real,Madrid,Comunidad de Madrid
28792,Miraflores de la Sierra,Madrid,Comunidad de Madrid
28793,Miraflores de la Sierra,Madrid,Comunidad de Madrid
28794,Guadalix de la Sierra,Madrid,Comunidad de Madrid
28801,Alcalá de Henares,Madrid,Comunidad de Madrid
28802,Alcalá de Henares,Madrid,Comunidad de Madrid
28803,Alcalá de Henares,Madrid,Comunidad de Madrid
28804,Alcalá de Henares,Madrid,Comunidad de Madrid
28805,Alcalá de Henares,Madrid,Comunidad de Madrid
28806,Alcalá de Henares,Madrid,Comunidad de Madrid
28807,Alcalá de Henares,Madrid,Comunidad de Madrid
28810,Villalbilla,Madrid,Comunidad de Madrid
28811,Corpa,Madrid,Comunidad de Madrid
28812,Pezuela de las Torres,Madrid,Comunidad de Madrid
28812,Valverde de Alcalá,Madrid,Comunidad de Madrid
28813,Pozuelo del Rey,Madrid,Comunidad de Madrid
28813,Torres de la Alameda,Madrid,Comunidad de Madrid
28814,Daganzo de Arriba,Madrid,Comunidad de Madrid
28815,Fresno de Torote,Madrid,Comunidad de Madrid
28815,Ribatejada,Madrid,Comunidad de Madrid
28816,Camarma de Esteruelas,Madrid,Comunidad de Madrid
28816,Valdeavero,Madrid,Comunidad de Madrid
28817,Los Santos de la Humosa,Madrid,Comunidad de Madrid
28818,Anchuelo,Madrid,Comunidad de Madrid
28818,Santorcaz,Madrid,Comunidad de Madrid
28821,Coslada,Madrid,Comunidad de Madrid
28822,Coslada,Madrid,Comunidad de Madrid
28823,Coslada,Madrid,Comunidad de Madrid
28830,San Fernando de Henares,Madrid,Comunidad de Madrid
28840,Mejorada del Campo,Madrid,Comunidad de Madrid
28850,Torrejón de Ardoz,Madrid,Comunidad de Madrid
28851,Torrejón de Ardoz,Madrid,Comunidad de Madrid
28860,Paracuellos de Jarama,Madrid,Comunidad de Madrid
28861,Paracuellos de Jarama,Madrid,Comunidad de Madrid
28862,Paracuellos de Jarama,Madrid,Comunidad de Madrid
28863,Cobeña,Madrid,Comunidad de Madrid
28864,Ajalvir,Madrid,Comunidad de Madrid
28880,Meco,Madrid,Comunidad de Madrid
28890,Loeches,Madrid,Comunidad de Madrid
28891,Velilla de San Antonio,Madrid,Comunidad de Madrid
28901,Getafe,Madrid,Comunidad de Madrid
28902,Getafe,Madrid,Comunidad de Madrid
28903,Getafe,Madrid,Comunidad de Madrid
28904,Getafe,Madrid,Comunidad de Madrid
28905,Getafe,Madrid,Comunidad de Madrid
28906,Getafe,Madrid,Comunidad de Madrid
28907,Getafe,Madrid,Comunidad de Madrid
28909,Getafe,Madrid,Comunidad de Madrid
28911,Leganés,Madrid,Comunidad de Madrid
28912,Leganés,Madrid,Comunidad de Madrid
28913,Leganés,Madrid,Comunidad de Madrid
28914,Leganés,Madrid,Comunidad de Madrid
28915,Leganés,Madrid,Comunidad de Madrid
28916,Leganés,Madrid,Comunidad de Madrid
28917,Leganés,Madrid,Comunidad de Madrid
28918,Leganés,Madrid,Comunidad de Madrid
28919,Leganés,Madrid,Comunidad de Madrid
28921,Alcorcón,Madrid,Comunidad de Madrid
28922,Alcorcón,Madrid,Comunidad de Madrid
28923,Alcorcón,Madrid,Comunidad de Madrid
28924,Alcorcón,Madrid,Comunidad de Madrid
28925,Alcorcón,Madrid,Comunidad de Madrid
28931,Móstoles,Madrid,Comunidad de Madrid
28932,Móstoles,Madrid,Comunidad de Madrid
28933,Móstoles,Madrid,Comunidad de Madrid
28934,Móstoles,Madrid,Comunidad de Madrid
28935,Móstoles,Madrid,Comunidad de Madrid
28936,Móstoles,Madrid,Comunidad de Madrid
28937,Móstoles,Madrid,Comunidad de Madrid
28938,Móstoles,Madrid,Comunidad de Madrid
28939,Arroyomolinos,Madrid,Comunidad de Madrid
28939,Batres,Madrid,Comunidad de Madrid
28941,Fuenlabrada,Madrid,Comunidad de Madrid
28942,Fuenlabrada,Madrid,Comunidad de Madrid
28943,Fuenlabrada,Madrid,Comunidad de Madrid
28944,Fuenlabrada,Madrid,Comunidad de Madrid
28945,Fuenlabrada,Madrid,Comunidad de Madrid
28946,Fuenlabrada,Madrid,Comunidad de Madrid
28947,Fuenlabrada,Madrid,Comunidad de Madrid
28950,Moraleja de Enmedio,Madrid,Comunidad de Madrid
28970,Humanes de Madrid,Madrid,Comunidad de Madrid
28971,Griñón,Madrid,Comunidad de Madrid
28976,Batres,Madrid,Comunidad de Madrid
28977,Casarrubuelos,Madrid,Comunidad de Madrid
28978,Cubas de la Sagra,Madrid,Comunidad de Madrid
28979,Serranillos del Valle,Madrid,Comunidad de Madrid
28981,Parla,Madrid,Comunidad de Madrid
28982,Parla,Madrid,Comunidad de Madrid
28983,Parla,Madrid,Comunidad de Madrid
28984,Parla,Madrid,Comunidad de Madrid
28990,Torrejón de Velasco,Madrid,Comunidad de Madrid
28991,Torrejón de la Calzada,Madrid,Comunidad de Madrid
29001,Málaga,Málaga,Andalucía
29002,Málaga,Málaga,Andalucía
29003,Málaga,Málaga,Andalucía
29004,Málaga,Málaga,Andalucía
29005,Málaga,Málaga,Andalucía
29006,Málaga,Málaga,Andalucía
29007,Málaga,Málaga,Andalucía
29008,Málaga,Málaga,Andalucía
29009,Málaga,Málaga,Andalucía
29010,Málaga,Málaga,Andalucía
29011,Málaga,Málaga,Andalucía
29012,Málaga,Málaga,Andalucía
29013,Málaga,Málaga,Andalucía
29014,Málaga,Málaga,Andalucía
29015,Málaga,Málaga,Andalucía
29016,Málaga,Málaga,Andalucía
29017,Málaga,Málaga,Andalucía
29018,Málaga,Málaga,Andalucía
29100,Coín,Málaga,Andalucía
29108,Guaro,Málaga,Andalucía
29108,Tolox,Málaga,Andalucía
29109,Tolox,Málaga,Andalucía
29110,Monda,Málaga,Andalucía
29120,Alhaurín el Grande,Málaga,Andalucía
29130,Alhaurín de la Torre,Málaga,Andalucía
29140,Málaga,Málaga,Andalucía
29150,Almogía,Málaga,Andalucía
29160,Casabermeja,Málaga,Andalucía
29170,Colmenar,Málaga,Andalucía
29180,Riogordo,Málaga,Andalucía
29190,Málaga,Málaga,Andalucía
29193,Málaga,Málaga,Andalucía
29194,Alfarnate,Málaga,Andalucía
29194,Alfarnatejo,Málaga,Andalucía
29195,Comares,Málaga,Andalucía
29196,Málaga,Málaga,Andalucía
29197,Málaga,Málaga,Andalucía
29197,Totalán,Málaga,Andalucía
29200,Antequera,Málaga,Andalucía
29210,Cuevas de San Marcos,Málaga,Andalucía
29220,Cuevas Bajas,Málaga,Andalucía
29230,Almogía,Málaga,Andalucía
29230,Antequera,Málaga,Andalucía
29230,Villanueva de la Concepción,Málaga,Andalucía
29239,Almogía,Málaga,Andalucía
29240,Valle de Abdalajís,Málaga,Andalucía
29250,Antequera,Málaga,Andalucía
29260,Antequera,Málaga,Andalucía
29300,Archidona,Málaga,Andalucía
29310,Villanueva de Algaidas,Málaga,Andalucía
29311,Villanueva de Algaidas,Málaga,Andalucía
29312,Villanueva del Rosario,Málaga,Andalucía
29313,Villanueva del Trabuco,Málaga,Andalucía
29314,Archidona,Málaga,Andalucía
29315,Archidona,Málaga,Andalucía
29315,Villanueva de Tapia,Málaga,Andalucía
29320,Campillos,Málaga,Andalucía
29327,Teba,Málaga,Andalucía
29328,Sierra de Yeguas,Málaga,Andalucía
29329,Sierra de Yeguas,Málaga,Andalucía
29330,Almargen,Málaga,Andalucía
29340,Cañete la Real,Málaga,Andalucía
29350,Arriate,Málaga,Andalucía
29360,Montejaque,Málaga,Andalucía
29370,Benaoján,Málaga,Andalucía
29380,Cortes de la Frontera,Málaga,Andalucía
29391,Cortes de la Frontera,Málaga,Andalucía
29392,Jimera de Líbar,Málaga,Andalucía
29393,Ronda,Málaga,Andalucía
29394,Ronda,Málaga,Andalucía
29400,Ronda,Málaga,Andalucía
29410,Yunquera,Málaga,Andalucía
29420,El Burgo,Málaga,Andalucía
29430,Ronda,Málaga,Andalucía
29440,Igualeja,Málaga,Andalucía
29450,Pujerra,Málaga,Andalucía
29451,Parauta,Málaga,Andalucía
29452,Cartajima,Málaga,Andalucía
29460,Alpandeire,Málaga,Andalucía
29461,Faraján,Málaga,Andalucía
29462,Júzcar,Málaga,Andalucía
29470,Cuevas del Becerro,Málaga,Andalucía
29471,Ronda,Málaga,Andalucía
29480,Gaucín,Málaga,Andalucía
29490,Benarrabá,Málaga,Andalucía
29490,Cortes de la Frontera,Málaga,Andalucía
29491,Algatocín,Málaga,Andalucía
29491,Benalauría,Málaga,Andalucía
29492,Genalguacil,Málaga,Andalucía
29492,Jubrique,Málaga,Andalucía
29493,Benadalid,Málaga,Andalucía
29494,Atajate,Málaga,Andalucía
29500,Álora,Málaga,Andalucía
29510,Álora,Málaga,Andalucía
29520,Fuente de Piedra,Málaga,Andalucía
29530,Alameda,Málaga,Andalucía
29531,Fuente de Piedra,Málaga,Andalucía
29531,Humilladero,Málaga,Andalucía
29532,Mollina,Málaga,Andalucía
29533,Humilladero,Málaga,Andalucía
29540,Antequera,Málaga,Andalucía
29550,Ardales,Málaga,Andalucía
29551,Carratraca,Málaga,Andalucía
29552,Álora,Málaga,Andalucía
29560,Pizarra,Málaga,Andalucía
29566,Casarabonela,Málaga,Andalucía
29567,Alozaina,Málaga,Andalucía
29569,Cártama,Málaga,Andalucía
29569,Pizarra,Málaga,Andalucía
29570,Alhaurín el Grande,Málaga,Andalucía
29570,Cártama,Málaga,Andalucía
29580,Cártama,Málaga,Andalucía
29590,Málaga,Málaga,Andalucía
29591,Málaga,Málaga,Andalucía
29593,Álora,Málaga,Andalucía
29601,Marbella,Málaga,Andalucía
29602,Marbella,Málaga,Andalucía
29603,Marbella,Málaga,Andalucía
29604,Marbella,Málaga,Andalucía
29610,Ojén,Málaga,Andalucía
29611,Istán,Málaga,Andalucía
29612,Ojén,Málaga,Andalucía
29620,Torremolinos,Málaga,Andalucía
29630,Benalmádena,Málaga,Andalucía
29631,Benalmádena,Málaga,Andalucía
29639,Benalmádena,Málaga,Andalucía
29640,Fuengirola,Málaga,Andalucía
29649,Fuengirola,Málaga,Andalucía
29649,Mijas,Málaga,Andalucía
29650,Alhaurín el Grande,Málaga,Andalucía
29650,Fuengirola,Málaga,Andalucía
29650,Mijas,Málaga,Andalucía
29651,Mijas,Málaga,Andalucía
29660,Marbella,Málaga,Andalucía
29670,Marbella,Málaga,Andalucía
29678,Benahavís,Málaga,Andalucía
29679,Benahavís,Málaga,Andalucía
29680,Estepona,Málaga,Andalucía
29688,Estepona,Málaga,Andalucía
29689,Estepona,Málaga,Andalucía
29690,Casares,Málaga,Andalucía
29691,Manilva,Málaga,Andalucía
29692,Casares,Málaga,Andalucía
29692,Manilva,Málaga,Andalucía
29693,Estepona,Málaga,Andalucía
29700,Vélez-Málaga,Málaga,Andalucía
29710,Periana,Málaga,Andalucía
29711,Alcaucín,Málaga,Andalucía
29712,Canillas de Aceituno,Málaga,Andalucía
29712,Viñuela,Málaga,Andalucía
29713,Alcaucín,Málaga,Andalucía
29713,Viñuela,Málaga,Andalucía
29714,Salares,Málaga,Andalucía
29715,Sedella,Málaga,Andalucía
29716,Canillas de Aceituno,Málaga,Andalucía
29718,Almáchar,Málaga,Andalucía
29718,Benamargosa,Málaga,Andalucía
29718,El Borge,Málaga,Andalucía
29718,Cútar,Málaga,Andalucía
29718,Vélez-Málaga,Málaga,Andalucía
29719,Benamocarra,Málaga,Andalucía
29719,Canillas de Aceituno,Málaga,Andalucía
29719,Sedella,Málaga,Andalucía
29719,Vélez-Málaga,Málaga,Andalucía
29720,Málaga,Málaga,Andalucía
29720,Rincón de la Victoria,Málaga,Andalucía
29730,Rincón de la Victoria,Málaga,Andalucía
29738,Moclinejo,Málaga,Andalucía
29738,Rincón de la Victoria,Málaga,Andalucía
29740,Vélez-Málaga,Málaga,Andalucía
29749,Vélez-Málaga,Málaga,Andalucía
29750,Algarrobo,Málaga,Andalucía
29751,Algarrobo,Málaga,Andalucía
29751,Vélez-Málaga,Málaga,Andalucía
29752,Sayalonga,Málaga,Andalucía
29753,Árchez,Málaga,Andalucía
29753,Arenas,Málaga,Andalucía
29753,Sayalonga,Málaga,Andalucía
29754,Cómpeta,Málaga,Andalucía
29755,Canillas de Albaida,Málaga,Andalucía
29760,Vélez-Málaga,Málaga,Andalucía
29770,Torrox,Málaga,Andalucía
29780,Nerja,Málaga,Andalucía
29787,Nerja,Málaga,Andalucía
29788,Frigiliana,Málaga,Andalucía
29789,Frigiliana,Málaga,Andalucía
29790,Vélez-Málaga,Málaga,Andalucía
29791,Macharaviaya,Málaga,Andalucía
29791,Vélez-Málaga,Málaga,Andalucía
29792,Iznate,Málaga,Andalucía
29792,Vélez-Málaga,Málaga,Andalucía
29793,Torrox,Málaga,Andalucía
30001,Murcia,Murcia,Región de Murcia
30002,Murcia,Murcia,Región de Murcia
30003,Murcia,Murcia,Región de Murcia
30004,Murcia,Murcia,Región de Murcia
30005,Murcia,Murcia,Región de Murcia
30006,Murcia,Murcia,Región de Murcia
30007,Murcia,Murcia,Región de Murcia
30008,Murcia,Murcia,Región de Murcia
30009,Murcia,Murcia,Región de Murcia
30010,Murcia,Murcia,Región de Murcia
30011,Murcia,Murcia,Región de Murcia
30012,Murcia,Murcia,Región de Murcia
30100,Murcia,Murcia,Región de Murcia
30107,Murcia,Murcia,Región de Murcia
30108,Murcia,Murcia,Región de Murcia
30109,Murcia,Murcia,Región de Murcia
30110,Murcia,Murcia,Región de Murcia
30120,Murcia,Murcia,Región de Murcia
30130,Beniel,Murcia,Región de Murcia
30139,Murcia,Murcia,Región de Murcia
30140,Santomera,Murcia,Región de Murcia
30148,Santomera,Murcia,Región de Murcia
30149,Santomera,Murcia,Región de Murcia
30150,Murcia,Murcia,Región de Murcia
30151,Murcia,Murcia,Región de Murcia
30152,Murcia,Murcia,Región de Murcia
30153,Fuente Álamo de Murcia,Murcia,Región de Murcia
30153,Murcia,Murcia,Región de Murcia
30154,Murcia,Murcia,Región de Murcia
30155,Murcia,Murcia,Región de Murcia
30156,Murcia,Murcia,Región de Murcia
30157,Murcia,Murcia,Región de Murcia
30158,Murcia,Murcia,Región de Murcia
30160,Murcia,Murcia,Región de Murcia
30161,Murcia,Murcia,Región de Murcia
30162,Murcia,Murcia,Región de Murcia
30163,Murcia,Murcia,Región de Murcia
30163,Santomera,Murcia,Región de Murcia
30164,Murcia,Murcia,Región de Murcia
30165,Murcia,Murcia,Región de Murcia
30166,Murcia,Murcia,Región de Murcia
30167,Murcia,Murcia,Región de Murcia
30168,Murcia,Murcia,Región de Murcia
30169,Murcia,Murcia,Región de Murcia
30170,Mula,Murcia,Región de Murcia
30176,Pliego,Murcia,Región de Murcia
30177,Mula,Murcia,Región de Murcia
30178,Mula,Murcia,Región de Murcia
30179,Murcia,Murcia,Región de Murcia
30180,Bullas,Murcia,Región de Murcia
30189,Bullas,Murcia,Región de Murcia
30189,Cehegín,Murcia,Región de Murcia
30190,Albudeite,Murcia,Región de Murcia
30191,Campos del Río,Murcia,Región de Murcia
30192,Campos del Río,Murcia,Región de Murcia
30192,Las Torres de Cotillas,Murcia,Región de Murcia
30193,Mula,Murcia,Región de Murcia
30194,Mula,Murcia,Región de Murcia
30195,Caravaca de la Cruz,Murcia,Región de Murcia
30196,Moratalla,Murcia,Región de Murcia
30201,Cartagena,Murcia,Región de Murcia
30202,Cartagena,Murcia,Región de Murcia
30203,Cartagena,Murcia,Región de Murcia
30204,Cartagena,Murcia,Región de Murcia
30205,Cartagena,Murcia,Región de Murcia
30300,Cartagena,Murcia,Región de Murcia
30310,Cartagena,Murcia,Región de Murcia
30319,Cartagena,Murcia,Región de Murcia
30320,Fuente Álamo de Murcia,Murcia,Región de Murcia
30329,Fuente Álamo de Murcia,Murcia,Región de Murcia
30330,Cartagena,Murcia,Región de Murcia
30331,Murcia,Murcia,Región de Murcia
30332,Fuente Álamo de Murcia,Murcia,Región de Murcia
30333,Fuente Álamo de Murcia,Murcia,Región de Murcia
30334,Fuente Álamo de Murcia,Murcia,Región de Murcia
30335,Fuente Álamo de Murcia,Murcia,Región de Murcia
30335,Mazarrón,Murcia,Región de Murcia
30338,Fuente Álamo de Murcia,Murcia,Región de Murcia
30350,Cartagena,Murcia,Región de Murcia
30351,Cartagena,Murcia,Región de Murcia
30353,Cartagena,Murcia,Región de Murcia
30360,La Unión,Murcia,Región de Murcia
30364,La Unión,Murcia,Región de Murcia
30365,Cartagena,Murcia,Región de Murcia
30366,Cartagena,Murcia,Región de Murcia
30367,Cartagena,Murcia,Región de Murcia
30368,Cartagena,Murcia,Región de Murcia
30369,Cartagena,Murcia,Región de Murcia
30369,La Unión,Murcia,Región de Murcia
30370,Cartagena,Murcia,Región de Murcia
30380,Cartagena,Murcia,Región de Murcia
30380,San Javier,Murcia,Región de Murcia
30381,Cartagena,Murcia,Región de Murcia
30382,Cartagena,Murcia,Región de Murcia
30383,Cartagena,Murcia,Región de Murcia
30383,San Javier,Murcia,Región de Murcia
30384,Cartagena,Murcia,Región de Murcia
30385,Cartagena,Murcia,Región de Murcia
30389,Cartagena,Murcia,Región de Murcia
30390,Cartagena,Murcia,Región de Murcia
30391,Cartagena,Murcia,Región de Murcia
30392,Cartagena,Murcia,Región de Murcia
30393,Cartagena,Murcia,Región de Murcia
30394,Cartagena,Murcia,Región de Murcia
30395,Cartagena,Murcia,Región de Murcia
30396,Cartagena,Murcia,Región de Murcia
30397,Cartagena,Murcia,Región de Murcia
30398,Cartagena,Murcia,Región de Murcia
30399,Cartagena,Murcia,Región de Murcia
30400,Caravaca de la Cruz,Murcia,Región de Murcia
30410,Caravaca de la Cruz,Murcia,Región de Murcia
30411,Caravaca de la Cruz,Murcia,Región de Murcia
30412,Caravaca de la Cruz,Murcia,Región de Murcia
30413,Caravaca de la Cruz,Murcia,Región de Murcia
30413,Moratalla,Murcia,Región de Murcia
30414,Caravaca de la Cruz,Murcia,Región de Murcia
30414,Moratalla,Murcia,Región de Murcia
30420,Calasparra,Murcia,Región de Murcia
30420,Cehegín,Murcia,Región de Murcia
30430,Cehegín,Murcia,Región de Murcia
30438,Cehegín,Murcia,Región de Murcia
30439,Cehegín,Murcia,Región de Murcia
30440,Moratalla,Murcia,Región de Murcia
30441,Moratalla,Murcia,Región de Murcia
30442,Moratalla,Murcia,Región de Murcia
30500,Molina de Segura,Murcia,Región de Murcia
30506,Molina de Segura,Murcia,Región de Murcia
30507,Molina de Segura,Murcia,Región de Murcia
30508,Molina de Segura,Murcia,Región de Murcia
30508,Murcia,Murcia,Región de Murcia
30509,Molina de Segura,Murcia,Región de Murcia
30510,Yecla,Murcia,Región de Murcia
30520,Jumilla,Murcia,Región de Murcia
30528,Jumilla,Murcia,Región de Murcia
30529,Jumilla,Murcia,Región de Murcia
30530,Cieza,Murcia,Región de Murcia
30535,Cieza,Murcia,Región de Murcia
30540,Blanca,Murcia,Región de Murcia
30550,Abarán,Murcia,Región de Murcia
30558,Abarán,Murcia,Región de Murcia
30559,Abarán,Murcia,Región de Murcia
30560,Alguazas,Murcia,Región de Murcia
30561,Alguazas,Murcia,Región de Murcia
30562,Ceutí,Murcia,Región de Murcia
30563,Ceutí,Murcia,Región de Murcia
30564,Lorquí,Murcia,Región de Murcia
30565,Las Torres de Cotillas,Murcia,Región de Murcia
30566,Las Torres de Cotillas,Murcia,Región de Murcia
30570,Murcia,Murcia,Región de Murcia
30579,Murcia,Murcia,Región de Murcia
30580,Murcia,Murcia,Región de Murcia
30588,Murcia,Murcia,Región de Murcia
30589,Murcia,Murcia,Región de Murcia
30590,Murcia,Murcia,Región de Murcia
30591,Murcia,Murcia,Región de Murcia
30591,Torre-Pacheco,Murcia,Región de Murcia
30592,Murcia,Murcia,Región de Murcia
30592,San Javier,Murcia,Región de Murcia
30592,Torre-Pacheco,Murcia,Región de Murcia
30593,Cartagena,Murcia,Región de Murcia
30594,Cartagena,Murcia,Región de Murcia
30600,Archena,Murcia,Región de Murcia
30609,Archena,Murcia,Región de Murcia
30610,Ricote,Murcia,Región de Murcia
30611,Ojós,Murcia,Región de Murcia
30612,Ulea,Murcia,Región de Murcia
30613,Villanueva del Río Segura,Murcia,Región de Murcia
30620,Fortuna,Murcia,Región de Murcia
30626,Fortuna,Murcia,Región de Murcia
30627,Molina de Segura,Murcia,Región de Murcia
30628,Fortuna,Murcia,Región de Murcia
30629,Fortuna,Murcia,Región de Murcia
30640,Abanilla,Murcia,Región de Murcia
30648,Abanilla,Murcia,Región de Murcia
30649,Abanilla,Murcia,Región de Murcia
30700,Torre-Pacheco,Murcia,Región de Murcia
30708,Torre-Pacheco,Murcia,Región de Murcia
30709,Torre-Pacheco,Murcia,Región de Murcia
30710,Cartagena,Murcia,Región de Murcia
30710,San Javier,Murcia,Región de Murcia
30710,Torre-Pacheco,Murcia,Región de Murcia
30710,Los Alcázares,Murcia,Región de Murcia
30720,San Javier,Murcia,Región de Murcia
30729,San Javier,Murcia,Región de Murcia
30730,San Javier,Murcia,Región de Murcia
30739,San Javier,Murcia,Región de Murcia
30739,Torre-Pacheco,Murcia,Región de Murcia
30740,San Pedro del Pinatar,Murcia,Región de Murcia
30800,Lorca,Murcia,Región de Murcia
30810,Lorca,Murcia,Región de Murcia
30811,Lorca,Murcia,Región de Murcia
30812,Lorca,Murcia,Región de Murcia
30813,Lorca,Murcia,Región de Murcia
30814,Lorca,Murcia,Región de Murcia
30815,Lorca,Murcia,Región de Murcia
30816,Lorca,Murcia,Región de Murcia
30817,Lorca,Murcia,Región de Murcia
30818,Lorca,Murcia,Región de Murcia
30820,Alcantarilla,Murcia,Región de Murcia
30830,Murcia,Murcia,Región de Murcia
30831,Murcia,Murcia,Región de Murcia
30832,Murcia,Murcia,Región de Murcia
30833,Murcia,Murcia,Región de Murcia
30834,Murcia,Murcia,Región de Murcia
30835,Murcia,Murcia,Región de Murcia
30836,Murcia,Murcia,Región de Murcia
30837,Murcia,Murcia,Región de Murcia
30840,Alhama de Murcia,Murcia,Región de Murcia
30848,Alhama de Murcia,Murcia,Región de Murcia
30849,Alhama de Murcia,Murcia,Región de Murcia
30850,Totana,Murcia,Región de Murcia
30858,Mazarrón,Murcia,Región de Murcia
30858,Totana,Murcia,Región de Murcia
30859,Aledo,Murcia,Región de Murcia
30860,Mazarrón,Murcia,Región de Murcia
30868,Cartagena,Murcia,Región de Murcia
30868,Mazarrón,Murcia,Región de Murcia
30870,Mazarrón,Murcia,Región de Murcia
30875,Mazarrón,Murcia,Región de Murcia
30876,Águilas,Murcia,Región de Murcia
30876,Lorca,Murcia,Región de Murcia
30876,Mazarrón,Murcia,Región de Murcia
30877,Mazarrón,Murcia,Región de Murcia
30878,Lorca,Murcia,Región de Murcia
30878,Mazarrón,Murcia,Región de Murcia
30879,Mazarrón,Murcia,Región de Murcia
30880,Águilas,Murcia,Región de Murcia
30889,Águilas,Murcia,Región de Murcia
30889,Lorca,Murcia,Región de Murcia
30890,Lorca,Murcia,Región de Murcia
30890,Puerto Lumbreras,Murcia,Región de Murcia
30891,Puerto Lumbreras,Murcia,Región de Murcia
30892,Librilla,Murcia,Región de Murcia
30893,Lorca,Murcia,Región de Murcia
31001,Pamplona/Iruña,Navarra,Comunidad Foral de Navarra
31002,Pamplona/Iruña,Navarra,Comunidad Foral de Navarra
31003,Pamplona/Iruña,Navarra,Comunidad Foral de Navarra
31004,Pamplona/Iruña,Navarra,Comunidad Foral de Navarra
31005,Pamplona/Iruña,Navarra,Comunidad Foral de Navarra
31006,Pamplona/Iruña,Navarra,Comunidad Foral de Navarra
31007,Pamplona/Iruña,Navarra,Comunidad Foral de Navarra
31008,Pamplona/Iruña,Navarra,Comunidad Foral de Navarra
31009,Pamplona/Iruña,Navarra,Comunidad Foral de Navarra
31010,Pamplona/Iruña,Navarra,Comunidad Foral de Navarra
31010,Barañáin/Barañain,Navarra,Comunidad Foral de Navarra
31011,Pamplona/Iruña,Navarra,Comunidad Foral de Navarra
31012,Pamplona/Iruña,Navarra,Comunidad Foral de Navarra
31013,Ansoáin/Antsoain,Navarra,Comunidad Foral de Navarra
31013,Pamplona/Iruña,Navarra,Comunidad Foral de Navarra
31013,Berrioplano/Berriobeiti,Navarra,Comunidad Foral de Navarra
31013,Berriozar,Navarra,Comunidad Foral de Navarra
31014,Pamplona/Iruña,Navarra,Comunidad Foral de Navarra
31015,Pamplona/Iruña,Navarra,Comunidad Foral de Navarra
31016,Pamplona/Iruña,Navarra,Comunidad Foral de Navarra
31100,Puente la Reina/Gares,Navarra,Comunidad Foral de Navarra
31109,Artazu,Navarra,Comunidad Foral de Navarra
31110,Valle de Elorz/Elortzibar,Navarra,Comunidad Foral de Navarra
31119,Valle de Elorz/Elortzibar,Navarra,Comunidad Foral de Navarra
31130,Mañeru,Navarra,Comunidad Foral de Navarra
31131,Cirauqui/Zirauki,Navarra,Comunidad Foral de Navarra
31132,Villatuerta,Navarra,Comunidad Foral de Navarra
31133,Legarda,Navarra,Comunidad Foral de Navarra
31133,Uterga,Navarra,Comunidad Foral de Navarra
31140,Artajona,Navarra,Comunidad Foral de Navarra
31150,Mendigorria,Navarra,Comunidad Foral de Navarra
31151,Obanos,Navarra,Comunidad Foral de Navarra
31152,Muruzábal,Navarra,Comunidad Foral de Navarra
31153,Adiós,Navarra,Comunidad Foral de Navarra
31153,Enériz/Eneritz,Navarra,Comunidad Foral de Navarra
31154,Añorbe,Navarra,Comunidad Foral de Navarra
31154,Tirapu,Navarra,Comunidad Foral de Navarra
31154,Ucar,Navarra,Comunidad Foral de Navarra
31160,Orkoien,Navarra,Comunidad Foral de Navarra
31170,Iza/Itza,Navarra,Comunidad Foral de Navarra
31170,Cendea de Olza/Oltza Zendea,Navarra,Comunidad Foral de Navarra
31171,Cendea de Olza/Oltza Zendea,Navarra,Comunidad Foral de Navarra
31172,Val de Goñi/Goñerri,Navarra,Comunidad Foral de Navarra
31172,Iza/Itza,Navarra,Comunidad Foral de Navarra
31172,Valle de Ollo/Ollaran,Navarra,Comunidad Foral de Navarra
31173,Cendea de Olza/Oltza Zendea,Navarra,Comunidad Foral de Navarra
31174,Belascoáin,Navarra,Comunidad Foral de Navarra
31174,Ciriza/Ziritza,Navarra,Comunidad Foral de Navarra
31174,Cizur,Navarra,Comunidad Foral de Navarra
31174,Echarri/Etxarri,Navarra,Comunidad Foral de Navarra
31174,Etxauri,Navarra,Comunidad Foral de Navarra
31174,Guirguillano,Navarra,Comunidad Foral de Navarra
31174,Bidaurreta,Navarra,Comunidad Foral de Navarra
31174,Zabalza/Zabaltza,Navarra,Comunidad Foral de Navarra
31175,Guesálaz/Gesalatz,Navarra,Comunidad Foral de Navarra
31175,Salinas de Oro/Jaitz,Navarra,Comunidad Foral de Navarra
31176,Guesálaz/Gesalatz,Navarra,Comunidad Foral de Navarra
31176,Valle de Yerri/Deierri,Navarra,Comunidad Foral de Navarra
31177,Lezaun,Navarra,Comunidad Foral de Navarra
31177,Valle de Yerri/Deierri,Navarra,Comunidad Foral de Navarra
31178,Abárzuza/Abartzuza,Navarra,Comunidad Foral de Navarra
31179,Valle de Yerri/Deierri,Navarra,Comunidad Foral de Navarra
31180,Zizur Mayor/Zizur Nagusia,Navarra,Comunidad Foral de Navarra
31190,Cizur,Navarra,Comunidad Foral de Navarra
31191,Galar,Navarra,Comunidad Foral de Navarra
31191,Beriáin,Navarra,Comunidad Foral de Navarra
31192,Aranguren,Navarra,Comunidad Foral de Navarra
31192,Valle de Egüés/Eguesibar,Navarra,Comunidad Foral de Navarra
31193,Atetz,Navarra,Comunidad Foral de Navarra
31193,Juslapeña/Txulapain,Navarra,Comunidad Foral de Navarra
31194,Ezcabarte,Navarra,Comunidad Foral de Navarra
31194,Juslapeña/Txulapain,Navarra,Comunidad Foral de Navarra
31195,Berrioplano/Berriobeiti,Navarra,Comunidad Foral de Navarra
31200,Estella-Lizarra,Navarra,Comunidad Foral de Navarra
31208,Ayegui/Aiegi,Navarra,Comunidad Foral de Navarra
31210,Los Arcos,Navarra,Comunidad Foral de Navarra
31219,Mendaza,Navarra,Comunidad Foral de Navarra
31219,Mirafuentes,Navarra,Comunidad Foral de Navarra
31219,Mues,Navarra,Comunidad Foral de Navarra
31219,Piedramillera,Navarra,Comunidad Foral de Navarra
31219,Sorlada,Navarra,Comunidad Foral de Navarra
31219,Torralba del Río,Navarra,Comunidad Foral de Navarra
31220,Sansol,Navarra,Comunidad Foral de Navarra
31227,Cabredo,Navarra,Comunidad Foral de Navarra
31227,Genevilla,Navarra,Comunidad Foral de Navarra
31227,Lapoblación,Navarra,Comunidad Foral de Navarra
31227,Marañón,Navarra,Comunidad Foral de Navarra
31228,Aguilar de Codés,Navarra,Comunidad Foral de Navarra
31228,Armañanzas,Navarra,Comunidad Foral de Navarra
31228,Azuelo,Navarra,Comunidad Foral de Navarra
31228,Espronceda,Navarra,Comunidad Foral de Navarra
31228,Torralba del Río,Navarra,Comunidad Foral de Navarra
31229,Bargota,Navarra,Comunidad Foral de Navarra
31229,El Busto,Navarra,Comunidad Foral de Navarra
31229,Desojo,Navarra,Comunidad Foral de Navarra
31229,Torres del Río,Navarra,Comunidad Foral de Navarra
31230,Viana,Navarra,Comunidad Foral de Navarra
31239,Aras,Navarra,Comunidad Foral de Navarra
31240,Ayegui/Aiegi,Navarra,Comunidad Foral de Navarra
31241,Allín/Allin,Navarra,Comunidad Foral de Navarra
31241,Igúzquiza,Navarra,Comunidad Foral de Navarra
31241,Metauten,Navarra,Comunidad Foral de Navarra
31242,Villamayor de Monjardín,Navarra,Comunidad Foral de Navarra
31243,Arróniz,Navarra,Comunidad Foral de Navarra
31243,Barbarin,Navarra,Comunidad Foral de Navarra
31243,Igúzquiza,Navarra,Comunidad Foral de Navarra
31243,Luquin,Navarra,Comunidad Foral de Navarra
31250,Oteiza,Navarra,Comunidad Foral de Navarra
31251,Larraga,Navarra,Comunidad Foral de Navarra
31252,Berbinzana,Navarra,Comunidad Foral de Navarra
31253,Miranda de Arga,Navarra,Comunidad Foral de Navarra
31254,Miranda de Arga,Navarra,Comunidad Foral de Navarra
31260,Lerín,Navarra,Comunidad Foral de Navarra
31261,Andosilla,Navarra,Comunidad Foral de Navarra
31262,Allo,Navarra,Comunidad Foral de Navarra
31263,Arellano,Navarra,Comunidad Foral de Navarra
31263,Dicastillo,Navarra,Comunidad Foral de Navarra
31264,Aberin,Navarra,Comunidad Foral de Navarra
31264,Morentin,Navarra,Comunidad Foral de Navarra
31270,Larraona,Navarra,Comunidad Foral de Navarra
31271,Aranarache/Aranaratxe,Navarra,Comunidad Foral de Navarra
31271,Eulate,Navarra,Comunidad Foral de Navarra
31272,Améscoa Baja,Navarra,Comunidad Foral de Navarra
31280,Abáigar,Navarra,Comunidad Foral de Navarra
31280,Ancín/Antzin,Navarra,Comunidad Foral de Navarra
31280,Murieta,Navarra,Comunidad Foral de Navarra
31281,Ancín/Antzin,Navarra,Comunidad Foral de Navarra
31281,Etayo,Navarra,Comunidad Foral de Navarra
31281,Legaria,Navarra,Comunidad Foral de Navarra
31281,Oco,Navarra,Comunidad Foral de Navarra
31281,Olejua,Navarra,Comunidad Foral de Navarra
31282,Mendaza,Navarra,Comunidad Foral de Navarra
31282,Nazar,Navarra,Comunidad Foral de Navarra
31283,Lana,Navarra,Comunidad Foral de Navarra
31284,Zúñiga,Navarra,Comunidad Foral de Navarra
31290,Allín/Allin,Navarra,Comunidad Foral de Navarra
31290,Valle de Yerri/Deierri,Navarra,Comunidad Foral de Navarra
31291,Guesálaz/Gesalatz,Navarra,Comunidad Foral de Navarra
31291,Guirguillano,Navarra,Comunidad Foral de Navarra
31292,Aberin,Navarra,Comunidad Foral de Navarra
31292,Villatuerta,Navarra,Comunidad Foral de Navarra
31292,Valle de Yerri/Deierri,Navarra,Comunidad Foral de Navarra
31293,Sesma,Navarra,Comunidad Foral de Navarra
31300,Tafalla,Navarra,Comunidad Foral de Navarra
31310,Carcastillo,Navarra,Comunidad Foral de Navarra
31311,Carcastillo,Navarra,Comunidad Foral de Navarra
31312,Cáseda,Navarra,Comunidad Foral de Navarra
31313,Murillo el Fruto,Navarra,Comunidad Foral de Navarra
31314,Santacara,Navarra,Comunidad Foral de Navarra
31315,Murillo el Cuende,Navarra,Comunidad Foral de Navarra
31320,Milagro,Navarra,Comunidad Foral de Navarra
31330,Villafranca,Navarra,Comunidad Foral de Navarra
31340,Marcilla,Navarra,Comunidad Foral de Navarra
31350,Peralta/Azkoien,Navarra,Comunidad Foral de Navarra
31360,Funes,Navarra,Comunidad Foral de Navarra
31370,Falces,Navarra,Comunidad Foral de Navarra
31380,Caparroso,Navarra,Comunidad Foral de Navarra
31382,Mélida,Navarra,Comunidad Foral de Navarra
31383,Murillo el Cuende,Navarra,Comunidad Foral de Navarra
31390,Olite/Erriberri,Navarra,Comunidad Foral de Navarra
31391,Murillo el Cuende,Navarra,Comunidad Foral de Navarra
31392,Pitillas,Navarra,Comunidad Foral de Navarra
31393,Beire,Navarra,Comunidad Foral de Navarra
31394,Pueyo/Puiu,Navarra,Comunidad Foral de Navarra
31395,Barásoain,Navarra,Comunidad Foral de Navarra
31395,Garínoain,Navarra,Comunidad Foral de Navarra
31395,Leoz/Leotz,Navarra,Comunidad Foral de Navarra
31395,Olóriz/Oloritz,Navarra,Comunidad Foral de Navarra
31395,Orísoain,Navarra,Comunidad Foral de Navarra
31396,Olóriz/Oloritz,Navarra,Comunidad Foral de Navarra
31396,Unzué/Untzue,Navarra,Comunidad Foral de Navarra
31397,Tiebas-Muruarte de Reta,Navarra,Comunidad Foral de Navarra
31398,Biurrun-Olcoz,Navarra,Comunidad Foral de Navarra
31398,Tiebas-Muruarte de Reta,Navarra,Comunidad Foral de Navarra
31400,Sangüesa/Zangoza,Navarra,Comunidad Foral de Navarra
31409,Javier,Navarra,Comunidad Foral de Navarra
31409,Sangüesa/Zangoza,Navarra,Comunidad Foral de Navarra
31410,Yesa,Navarra,Comunidad Foral de Navarra
31411,Javier,Navarra,Comunidad Foral de Navarra
31412,Burgui/Burgi,Navarra,Comunidad Foral de Navarra
31413,Vidángoz/Bidankoze,Navarra,Comunidad Foral de Navarra
31414,Garde,Navarra,Comunidad Foral de Navarra
31415,Roncal/Erronkari,Navarra,Comunidad Foral de Navarra
31416,Urzainqui/Urzainki,Navarra,Comunidad Foral de Navarra
31417,Isaba/Izaba,Navarra,Comunidad Foral de Navarra
31418,Uztárroz/Uztarroze,Navarra,Comunidad Foral de Navarra
31420,Urroz-Villa,Navarra,Comunidad Foral de Navarra
31421,Izagaondoa,Navarra,Comunidad Foral de Navarra
31422,Unciti,Navarra,Comunidad Foral de Navarra
31430,Aoiz/Agoitz,Navarra,Comunidad Foral de Navarra
31438,Arce/Artzi,Navarra,Comunidad Foral de Navarra
31438,Lónguida/Longida,Navarra,Comunidad Foral de Navarra
31439,Arce/Artzi,Navarra,Comunidad Foral de Navarra
31439,Lónguida/Longida,Navarra,Comunidad Foral de Navarra
31439,Oroz-Betelu/Orotz-Betelu,Navarra,Comunidad Foral de Navarra
31440,Lumbier,Navarra,Comunidad Foral de Navarra
31448,Urraul Alto,Navarra,Comunidad Foral de Navarra
31448,Urraul Bajo,Navarra,Comunidad Foral de Navarra
31449,Urraul Bajo,Navarra,Comunidad Foral de Navarra
31450,Navascués/Nabaskoze,Navarra,Comunidad Foral de Navarra
31451,Gallués/Galoze,Navarra,Comunidad Foral de Navarra
31451,Navascués/Nabaskoze,Navarra,Comunidad Foral de Navarra
31451,Oronz/Orontze,Navarra,Comunidad Foral de Navarra
31451,Sarriés/Sartze,Navarra,Comunidad Foral de Navarra
31452,Güesa/Gorza,Navarra,Comunidad Foral de Navarra
31453,Esparza de Salazar/Espartza Zaraitzu,Navarra,Comunidad Foral de Navarra
31454,Castillonuevo/Gazteluberri,Navarra,Comunidad Foral de Navarra
31454,Navascués/Nabaskoze,Navarra,Comunidad Foral de Navarra
31454,Romanzado/Erromantzatua,Navarra,Comunidad Foral de Navarra
31454,Urraul Alto,Navarra,Comunidad Foral de Navarra
31460,Aibar/Oibar,Navarra,Comunidad Foral de Navarra
31460,Leache/Leatxe,Navarra,Comunidad Foral de Navarra
31470,Valle de Elorz/Elortzibar,Navarra,Comunidad Foral de Navarra
31471,Monreal/Elo,Navarra,Comunidad Foral de Navarra
31472,Ibargoiti,Navarra,Comunidad Foral de Navarra
31472,Unciti,Navarra,Comunidad Foral de Navarra
31473,Ibargoiti,Navarra,Comunidad Foral de Navarra
31480,Urraul Bajo,Navarra,Comunidad Foral de Navarra
31481,Arce/Artzi,Navarra,Comunidad Foral de Navarra
31481,Lónguida/Longida,Navarra,Comunidad Foral de Navarra
31482,Lizoain-Arriasgoiti/Lizoainibar-Arriasgoiti,Navarra,Comunidad Foral de Navarra
31483,Lizoain-Arriasgoiti/Lizoainibar-Arriasgoiti,Navarra,Comunidad Foral de Navarra
31484,Lizoain-Arriasgoiti/Lizoainibar-Arriasgoiti,Navarra,Comunidad Foral de Navarra
31485,Lizoain-Arriasgoiti/Lizoainibar-Arriasgoiti,Navarra,Comunidad Foral de Navarra
31486,Valle de Egüés/Eguesibar,Navarra,Comunidad Foral de Navarra
31486,Lizoain-Arriasgoiti/Lizoainibar-Arriasgoiti,Navarra,Comunidad Foral de Navarra
31487,Liédena,Navarra,Comunidad Foral de Navarra
31490,Cáseda,Navarra,Comunidad Foral de Navarra
31491,Ezprogui,Navarra,Comunidad Foral de Navarra
31491,Sada,Navarra,Comunidad Foral de Navarra
31492,Ezprogui,Navarra,Comunidad Foral de Navarra
31493,Gallipienzo/Galipentzu,Navarra,Comunidad Foral de Navarra
31494,Eslava,Navarra,Comunidad Foral de Navarra
31494,Leoz/Leotz,Navarra,Comunidad Foral de Navarra
31494,Lerga,Navarra,Comunidad Foral de Navarra
31495,San Martín de Unx,Navarra,Comunidad Foral de Navarra
31496,Ujué/Uxue,Navarra,Comunidad Foral de Navarra
31500,Tudela,Navarra,Comunidad Foral de Navarra
31510,Fustiñana,Navarra,Comunidad Foral de Navarra
31511,Cabanillas,Navarra,Comunidad Foral de Navarra
31512,Fontellas,Navarra,Comunidad Foral de Navarra
31513,Arguedas,Navarra,Comunidad Foral de Navarra
31514,Valtierra,Navarra,Comunidad Foral de Navarra
31515,Cadreita,Navarra,Comunidad Foral de Navarra
31520,Cascante,Navarra,Comunidad Foral de Navarra
31521,Murchante,Navarra,Comunidad Foral de Navarra
31522,Monteagudo,Navarra,Comunidad Foral de Navarra
31522,Tulebras,Navarra,Comunidad Foral de Navarra
31523,Ablitas,Navarra,Comunidad Foral de Navarra
31523,Barillas,Navarra,Comunidad Foral de Navarra
31530,Cortes,Navarra,Comunidad Foral de Navarra
31540,Buñuel,Navarra,Comunidad Foral de Navarra
31550,Ribaforada,Navarra,Comunidad Foral de Navarra
31560,Azagra,Navarra,Comunidad Foral de Navarra
31570,San Adrián,Navarra,Comunidad Foral de Navarra
31579,Cárcar,Navarra,Comunidad Foral de Navarra
31580,Lodosa,Navarra,Comunidad Foral de Navarra
31587,Mendavia,Navarra,Comunidad Foral de Navarra
31588,Lazagurría,Navarra,Comunidad Foral de Navarra
31589,Sartaguda,Navarra,Comunidad Foral de Navarra
31590,Castejón,Navarra,Comunidad Foral de Navarra
31591,Corella,Navarra,Comunidad Foral de Navarra
31592,Cintruénigo,Navarra,Comunidad Foral de Navarra
31593,Fitero,Navarra,Comunidad Foral de Navarra
31600,Burlada/Burlata,Navarra,Comunidad Foral de Navarra
31610,Villava/Atarrabia,Navarra,Comunidad Foral de Navarra
31620,Valle de Egüés/Eguesibar,Navarra,Comunidad Foral de Navarra
31620,Huarte/Uharte,Navarra,Comunidad Foral de Navarra
31621,Valle de Egüés/Eguesibar,Navarra,Comunidad Foral de Navarra
31630,Esteribar,Navarra,Comunidad Foral de Navarra
31638,Esteribar,Navarra,Comunidad Foral de Navarra
31639,Baztan,Navarra,Comunidad Foral de Navarra
31639,Erro,Navarra,Comunidad Foral de Navarra
31639,Esteribar,Navarra,Comunidad Foral de Navarra
31640,Auritz/Burguete,Navarra,Comunidad Foral de Navarra
31650,Orreaga/Roncesvalles,Navarra,Comunidad Foral de Navarra
31660,Luzaide/Valcarlos,Navarra,Comunidad Foral de Navarra
31670,Orbaizeta,Navarra,Comunidad Foral de Navarra
31671,Aria,Navarra,Comunidad Foral de Navarra
31671,Aribe,Navarra,Comunidad Foral de Navarra
31671,Orbara,Navarra,Comunidad Foral de Navarra
31671,Hiriberri/Villanueva de Aezkoa,Navarra,Comunidad Foral de Navarra
31680,Ochagavía/Otsagabia,Navarra,Comunidad Foral de Navarra
31689,Izalzu/Itzaltzu,Navarra,Comunidad Foral de Navarra
31690,Ezcároz/Ezkaroze,Navarra,Comunidad Foral de Navarra
31691,Jaurrieta,Navarra,Comunidad Foral de Navarra
31692,Abaurregaina/Abaurrea Alta,Navarra,Comunidad Foral de Navarra
31692,Abaurrepea/Abaurrea Baja,Navarra,Comunidad Foral de Navarra
31692,Garaioa,Navarra,Comunidad Foral de Navarra
31693,Garralda,Navarra,Comunidad Foral de Navarra
31694,Erro,Navarra,Comunidad Foral de Navarra
31695,Erro,Navarra,Comunidad Foral de Navarra
31696,Erro,Navarra,Comunidad Foral de Navarra
31697,Erro,Navarra,Comunidad Foral de Navarra
31698,Esteribar,Navarra,Comunidad Foral de Navarra
31699,Esteribar,Navarra,Comunidad Foral de Navarra
31700,Baztan,Navarra,Comunidad Foral de Navarra
31710,Zugarramurdi,Navarra,Comunidad Foral de Navarra
31711,Urdazubi/Urdax,Navarra,Comunidad Foral de Navarra
31712,Urdazubi/Urdax,Navarra,Comunidad Foral de Navarra
31713,Baztan,Navarra,Comunidad Foral de Navarra
31714,Baztan,Navarra,Comunidad Foral de Navarra
31715,Baztan,Navarra,Comunidad Foral de Navarra
31720,Baztan,Navarra,Comunidad Foral de Navarra
31720,Bertizarana,Navarra,Comunidad Foral de Navarra
31730,Baztan,Navarra,Comunidad Foral de Navarra
31740,Doneztebe/Santesteban,Navarra,Comunidad Foral de Navarra
31744,Elgorriaga,Navarra,Comunidad Foral de Navarra
31745,Ituren,Navarra,Comunidad Foral de Navarra
31746,Zubieta,Navarra,Comunidad Foral de Navarra
31747,Saldías,Navarra,Comunidad Foral de Navarra
31748,Eratsun,Navarra,Comunidad Foral de Navarra
31749,Ezkurra,Navarra,Comunidad Foral de Navarra
31750,Donamaria,Navarra,Comunidad Foral de Navarra
31751,Oiz,Navarra,Comunidad Foral de Navarra
31752,Urroz,Navarra,Comunidad Foral de Navarra
31753,Beintza-Labaien,Navarra,Comunidad Foral de Navarra
31754,Arano,Navarra,Comunidad Foral de Navarra
31754,Goizueta,Navarra,Comunidad Foral de Navarra
31760,Etxalar,Navarra,Comunidad Foral de Navarra
31770,Lesaka,Navarra,Comunidad Foral de Navarra
31780,Bera,Navarra,Comunidad Foral de Navarra
31789,Bera,Navarra,Comunidad Foral de Navarra
31790,Arantza,Navarra,Comunidad Foral de Navarra
31790,Igantzi,Navarra,Comunidad Foral de Navarra
31791,Sunbilla,Navarra,Comunidad Foral de Navarra
31792,Bertizarana,Navarra,Comunidad Foral de Navarra
31793,Bertizarana,Navarra,Comunidad Foral de Navarra
31794,Baztan,Navarra,Comunidad Foral de Navarra
31795,Baztan,Navarra,Comunidad Foral de Navarra
31796,Baztan,Navarra,Comunidad Foral de Navarra
31797,Ultzama,Navarra,Comunidad Foral de Navarra
31798,Anue,Navarra,Comunidad Foral de Navarra
31798,Lantz,Navarra,Comunidad Foral de Navarra
31799,Ezcabarte,Navarra,Comunidad Foral de Navarra
31799,Odieta,Navarra,Comunidad Foral de Navarra
31799,Olaibar,Navarra,Comunidad Foral de Navarra
31799,Ultzama,Navarra,Comunidad Foral de Navarra
31800,Altsasu/Alsasua,Navarra,Comunidad Foral de Navarra
31809,Ziordia,Navarra,Comunidad Foral de Navarra
31809,Olazti/Olazagutía,Navarra,Comunidad Foral de Navarra
31810,Bakaiku,Navarra,Comunidad Foral de Navarra
31810,Iturmendi,Navarra,Comunidad Foral de Navarra
31810,Urdiain,Navarra,Comunidad Foral de Navarra
31820,Etxarri Aranatz,Navarra,Comunidad Foral de Navarra
31829,Ergoiena,Navarra,Comunidad Foral de Navarra
31830,Lakuntza,Navarra,Comunidad Foral de Navarra
31839,Arbizu,Navarra,Comunidad Foral de Navarra
31840,Arruazu,Navarra,Comunidad Foral de Navarra
31840,Uharte Arakil,Navarra,Comunidad Foral de Navarra
31849,Arakil,Navarra,Comunidad Foral de Navarra
31849,Irañeta,Navarra,Comunidad Foral de Navarra
31850,Arakil,Navarra,Comunidad Foral de Navarra
31860,Irurtzun,Navarra,Comunidad Foral de Navarra
31866,Basaburua,Navarra,Comunidad Foral de Navarra
31867,Arakil,Navarra,Comunidad Foral de Navarra
31867,Atetz,Navarra,Comunidad Foral de Navarra
31867,Imotz,Navarra,Comunidad Foral de Navarra
31867,Iza/Itza,Navarra,Comunidad Foral de Navarra
31867,Odieta,Navarra,Comunidad Foral de Navarra
31868,Arakil,Navarra,Comunidad Foral de Navarra
31868,Iza/Itza,Navarra,Comunidad Foral de Navarra
31869,Basaburua,Navarra,Comunidad Foral de Navarra
31869,Imotz,Navarra,Comunidad Foral de Navarra
31870,Uharte Arakil,Navarra,Comunidad Foral de Navarra
31870,Lekunberri,Navarra,Comunidad Foral de Navarra
31876,Areso,Navarra,Comunidad Foral de Navarra
31877,Larraun,Navarra,Comunidad Foral de Navarra
31878,Larraun,Navarra,Comunidad Foral de Navarra
31879,Larraun,Navarra,Comunidad Foral de Navarra
31880,Leitza,Navarra,Comunidad Foral de Navarra
31890,Betelu,Navarra,Comunidad Foral de Navarra
31891,Araitz,Navarra,Comunidad Foral de Navarra
31891,Larraun,Navarra,Comunidad Foral de Navarra
31892,Iza/Itza,Navarra,Comunidad Foral de Navarra
31892,Juslapeña/Txulapain,Navarra,Comunidad Foral de Navarra
32001,Ourense,Ourense,Galicia
32002,Barbadás,Ourense,Galicia
32002,Ourense,Ourense,Galicia
32003,Ourense,Ourense,Galicia
32004,Ourense,Ourense,Galicia
32005,Ourense,Ourense,Galicia
32100,Coles,Ourense,Galicia
32101,Vilamarín,Ourense,Galicia
32102,Vilamarín,Ourense,Galicia
32103,Ourense,Ourense,Galicia
32111,Paderne de Allariz,Ourense,Galicia
32112,Paderne de Allariz,Ourense,Galicia
32120,A Peroxa,Ourense,Galicia
32120,Vilamarín,Ourense,Galicia
32130,San Cristovo de Cea,Ourense,Galicia
32135,Piñor,Ourense,Galicia
32136,San Cristovo de Cea,Ourense,Galicia
32137,Piñor,Ourense,Galicia
32138,Piñor,Ourense,Galicia
32139,San Cristovo de Cea,Ourense,Galicia
32140,Vilamarín,Ourense,Galicia
32141,San Cristovo de Cea,Ourense,Galicia
32150,A Peroxa,Ourense,Galicia
32151,A Peroxa,Ourense,Galicia
32152,Coles,Ourense,Galicia
32152,A Peroxa,Ourense,Galicia
32153,Coles,Ourense,Galicia
32160,Nogueira de Ramuín,Ourense,Galicia
32161,Nogueira de Ramuín,Ourense,Galicia
32164,Nogueira de Ramuín,Ourense,Galicia
32170,Amoeiro,Ourense,Galicia
32172,Amoeiro,Ourense,Galicia
32172,Ourense,Ourense,Galicia
32200,Cortegada,Ourense,Galicia
32211,Cortegada,Ourense,Galicia
32211,Gomesende,Ourense,Galicia
32212,Gomesende,Ourense,Galicia
32213,Cortegada,Ourense,Galicia
32226,Padrenda,Ourense,Galicia
32227,Padrenda,Ourense,Galicia
32228,Padrenda,Ourense,Galicia
32229,Padrenda,Ourense,Galicia
32235,Pontedeva,Ourense,Galicia
32236,Padrenda,Ourense,Galicia
32300,O Barco de Valdeorras,Ourense,Galicia
32310,O Barco de Valdeorras,Ourense,Galicia
32310,Rubiá,Ourense,Galicia
32311,Rubiá,Ourense,Galicia
32312,Rubiá,Ourense,Galicia
32314,O Barco de Valdeorras,Ourense,Galicia
32315,O Barco de Valdeorras,Ourense,Galicia
32317,O Barco de Valdeorras,Ourense,Galicia
32318,O Barco de Valdeorras,Ourense,Galicia
32320,Rubiá,Ourense,Galicia
32329,Rubiá,Ourense,Galicia
32330,Carballeda de Valdeorras,Ourense,Galicia
32334,Carballeda de Valdeorras,Ourense,Galicia
32336,O Barco de Valdeorras,Ourense,Galicia
32336,Carballeda de Valdeorras,Ourense,Galicia
32337,Carballeda de Valdeorras,Ourense,Galicia
32338,Carballeda de Valdeorras,Ourense,Galicia
32340,Vilamartín de Valdeorras,Ourense,Galicia
32348,Vilamartín de Valdeorras,Ourense,Galicia
32350,A Rúa,Ourense,Galicia
32356,Petín,Ourense,Galicia
32357,O Bolo,Ourense,Galicia
32357,Petín,Ourense,Galicia
32357,A Rúa,Ourense,Galicia
32357,A Veiga,Ourense,Galicia
32358,Larouco,Ourense,Galicia
32360,A Veiga,Ourense,Galicia
32365,A Veiga,Ourense,Galicia
32366,A Veiga,Ourense,Galicia
32368,A Veiga,Ourense,Galicia
32369,A Veiga,Ourense,Galicia
32370,Larouco,Ourense,Galicia
32370,Petín,Ourense,Galicia
32371,Larouco,Ourense,Galicia
32371,Petín,Ourense,Galicia
32372,O Bolo,Ourense,Galicia
32373,O Bolo,Ourense,Galicia
32375,O Bolo,Ourense,Galicia
32400,Ribadavia,Ourense,Galicia
32410,Melón,Ourense,Galicia
32411,Melón,Ourense,Galicia
32412,Carballeda de Avia,Ourense,Galicia
32413,Carballeda de Avia,Ourense,Galicia
32415,Ribadavia,Ourense,Galicia
32416,Ribadavia,Ourense,Galicia
32417,A Arnoia,Ourense,Galicia
32418,Ribadavia,Ourense,Galicia
32419,Leiro,Ourense,Galicia
32420,Leiro,Ourense,Galicia
32425,Leiro,Ourense,Galicia
32426,Leiro,Ourense,Galicia
32428,Leiro,Ourense,Galicia
32429,Leiro,Ourense,Galicia
32430,Castrelo de Miño,Ourense,Galicia
32431,Beade,Ourense,Galicia
32432,Beade,Ourense,Galicia
32433,Carballeda de Avia,Ourense,Galicia
32440,A Peroxa,Ourense,Galicia
32448,Nogueira de Ramuín,Ourense,Galicia
32449,A Peroxa,Ourense,Galicia
32450,Cenlle,Ourense,Galicia
32452,Punxín,Ourense,Galicia
32453,San Amaro,Ourense,Galicia
32454,Cenlle,Ourense,Galicia
32455,San Amaro,Ourense,Galicia
32456,Punxín,Ourense,Galicia
32457,Punxín,Ourense,Galicia
32459,Cenlle,Ourense,Galicia
32500,O Carballiño,Ourense,Galicia
32510,O Carballiño,Ourense,Galicia
32512,Boborás,Ourense,Galicia
32514,Boborás,Ourense,Galicia
32515,O Carballiño,Ourense,Galicia
32516,O Carballiño,Ourense,Galicia
32520,Avión,Ourense,Galicia
32521,Boborás,Ourense,Galicia
32522,Boborás,Ourense,Galicia
32523,Boborás,Ourense,Galicia
32525,Beariz,Ourense,Galicia
32526,Boborás,Ourense,Galicia
32530,O Irixo,Ourense,Galicia
32534,O Carballiño,Ourense,Galicia
32536,O Irixo,Ourense,Galicia
32537,O Irixo,Ourense,Galicia
32539,O Irixo,Ourense,Galicia
32540,A Gudiña,Ourense,Galicia
32545,A Gudiña,Ourense,Galicia
32546,A Gudiña,Ourense,Galicia
32547,A Gudiña,Ourense,Galicia
32547,Vilariño de Conso,Ourense,Galicia
32548,A Gudiña,Ourense,Galicia
32548,A Mezquita,Ourense,Galicia
32549,A Mezquita,Ourense,Galicia
32550,Viana do Bolo,Ourense,Galicia
32551,Vilariño de Conso,Ourense,Galicia
32552,Vilariño de Conso,Ourense,Galicia
32554,Viana do Bolo,Ourense,Galicia
32555,Viana do Bolo,Ourense,Galicia
32556,Viana do Bolo,Ourense,Galicia
32557,Viana do Bolo,Ourense,Galicia
32557,Vilariño de Conso,Ourense,Galicia
32558,Viana do Bolo,Ourense,Galicia
32560,Viana do Bolo,Ourense,Galicia
32562,Viana do Bolo,Ourense,Galicia
32563,Viana do Bolo,Ourense,Galicia
32570,Maside,Ourense,Galicia
32573,Maside,Ourense,Galicia
32574,Maside,Ourense,Galicia
32575,Maside,Ourense,Galicia
32577,Maside,Ourense,Galicia
32600,Verín,Ourense,Galicia
32610,Riós,Ourense,Galicia
32611,Castrelo do Val,Ourense,Galicia
32611,Riós,Ourense,Galicia
32611,Vilardevós,Ourense,Galicia
32612,Verín,Ourense,Galicia
32613,Oímbra,Ourense,Galicia
32615,Verín,Ourense,Galicia
32616,Vilardevós,Ourense,Galicia
32617,Vilardevós,Ourense,Galicia
32618,Monterrei,Ourense,Galicia
32619,Monterrei,Ourense,Galicia
32619,Verín,Ourense,Galicia
32620,Laza,Ourense,Galicia
32621,Laza,Ourense,Galicia
32622,Laza,Ourense,Galicia
32622,Verín,Ourense,Galicia
32624,Castrelo do Val,Ourense,Galicia
32624,Monterrei,Ourense,Galicia
32625,Castrelo do Val,Ourense,Galicia
32626,Castrelo do Val,Ourense,Galicia
32627,Verín,Ourense,Galicia
32630,Xinzo de Limia,Ourense,Galicia
32631,Xinzo de Limia,Ourense,Galicia
32631,Sarreaus,Ourense,Galicia
32632,Baltar,Ourense,Galicia
32632,Os Blancos,Ourense,Galicia
32632,Xinzo de Limia,Ourense,Galicia
32633,Baltar,Ourense,Galicia
32634,Os Blancos,Ourense,Galicia
32635,Xinzo de Limia,Ourense,Galicia
32636,Xinzo de Limia,Ourense,Galicia
32636,Sarreaus,Ourense,Galicia
32637,Xinzo de Limia,Ourense,Galicia
32640,Xinzo de Limia,Ourense,Galicia
32641,Porqueira,Ourense,Galicia
32643,Porqueira,Ourense,Galicia
32644,Calvos de Randín,Ourense,Galicia
32644,Porqueira,Ourense,Galicia
32646,Baltar,Ourense,Galicia
32646,Calvos de Randín,Ourense,Galicia
32648,Calvos de Randín,Ourense,Galicia
32650,Vilar de Santos,Ourense,Galicia
32651,Vilar de Santos,Ourense,Galicia
32652,Rairiz de Veiga,Ourense,Galicia
32654,Rairiz de Veiga,Ourense,Galicia
32655,Rairiz de Veiga,Ourense,Galicia
32660,Allariz,Ourense,Galicia
32664,Allariz,Ourense,Galicia
32665,Allariz,Ourense,Galicia
32666,Allariz,Ourense,Galicia
32667,Allariz,Ourense,Galicia
32668,Allariz,Ourense,Galicia
32669,Allariz,Ourense,Galicia
32670,Xunqueira de Ambía,Ourense,Galicia
32678,Xunqueira de Ambía,Ourense,Galicia
32679,Xunqueira de Ambía,Ourense,Galicia
32680,Cualedro,Ourense,Galicia
32688,Cualedro,Ourense,Galicia
32689,Cualedro,Ourense,Galicia
32690,Taboadela,Ourense,Galicia
32691,Taboadela,Ourense,Galicia
32692,Sandiás,Ourense,Galicia
32693,Sandiás,Ourense,Galicia
32695,Trasmiras,Ourense,Galicia
32696,Sarreaus,Ourense,Galicia
32696,Trasmiras,Ourense,Galicia
32697,Verín,Ourense,Galicia
32698,Oímbra,Ourense,Galicia
32698,Verín,Ourense,Galicia
32699,Verín,Ourense,Galicia
32700,Maceda,Ourense,Galicia
32701,Baños de Molgas,Ourense,Galicia
32702,Baños de Molgas,Ourense,Galicia
32702,Vilar de Barrio,Ourense,Galicia
32703,Maceda,Ourense,Galicia
32704,Baños de Molgas,Ourense,Galicia
32705,Vilar de Barrio,Ourense,Galicia
32706,Maceda,Ourense,Galicia
32707,Maceda,Ourense,Galicia
32708,Xunqueira de Espadanedo,Ourense,Galicia
32708,Maceda,Ourense,Galicia
32710,O Pereiro de Aguiar,Ourense,Galicia
32711,O Pereiro de Aguiar,Ourense,Galicia
32720,Esgos,Ourense,Galicia
32730,Xunqueira de Espadanedo,Ourense,Galicia
32740,Maceda,Ourense,Galicia
32740,Parada de Sil,Ourense,Galicia
32747,Parada de Sil,Ourense,Galicia
32748,Parada de Sil,Ourense,Galicia
32749,Parada de Sil,Ourense,Galicia
32750,Montederramo,Ourense,Galicia
32751,Montederramo,Ourense,Galicia
32760,Castro Caldelas,Ourense,Galicia
32764,Castro Caldelas,Ourense,Galicia
32764,A Teixeira,Ourense,Galicia
32765,A Teixeira,Ourense,Galicia
32766,Castro Caldelas,Ourense,Galicia
32767,Chandrexa de Queixa,Ourense,Galicia
32768,Chandrexa de Queixa,Ourense,Galicia
32769,Castro Caldelas,Ourense,Galicia
32769,Montederramo,Ourense,Galicia
32770,San Xoán de Río,Ourense,Galicia
32774,Castro Caldelas,Ourense,Galicia
32778,San Xoán de Río,Ourense,Galicia
32779,San Xoán de Río,Ourense,Galicia
32780,A Pobra de Trives,Ourense,Galicia
32781,Manzaneda,Ourense,Galicia
32782,Manzaneda,Ourense,Galicia
32782,A Pobra de Trives,Ourense,Galicia
32784,Manzaneda,Ourense,Galicia
32785,Manzaneda,Ourense,Galicia
32786,Chandrexa de Queixa,Ourense,Galicia
32786,A Pobra de Trives,Ourense,Galicia
32787,Chandrexa de Queixa,Ourense,Galicia
32787,A Pobra de Trives,Ourense,Galicia
32788,A Pobra de Trives,Ourense,Galicia
32789,A Pobra de Trives,Ourense,Galicia
32790,Montederramo,Ourense,Galicia
32791,O Pereiro de Aguiar,Ourense,Galicia
32792,O Pereiro de Aguiar,Ourense,Galicia
32793,O Pereiro de Aguiar,Ourense,Galicia
32794,Castro Caldelas,Ourense,Galicia
32794,San Xoán de Río,Ourense,Galicia
32800,Celanova,Ourense,Galicia
32810,Ramirás,Ourense,Galicia
32811,Ramirás,Ourense,Galicia
32812,A Bola,Ourense,Galicia
32813,Quintela de Leirado,Ourense,Galicia
32813,Verea,Ourense,Galicia
32814,Quintela de Leirado,Ourense,Galicia
32815,Celanova,Ourense,Galicia
32815,Gomesende,Ourense,Galicia
32816,Celanova,Ourense,Galicia
32817,Celanova,Ourense,Galicia
32820,Cartelle,Ourense,Galicia
32821,Cartelle,Ourense,Galicia
32823,Cartelle,Ourense,Galicia
32824,Cartelle,Ourense,Galicia
32825,Cartelle,Ourense,Galicia
32826,Cartelle,Ourense,Galicia
32828,Celanova,Ourense,Galicia
32830,A Merca,Ourense,Galicia
32838,A Merca,Ourense,Galicia
32839,A Merca,Ourense,Galicia
32840,Bande,Ourense,Galicia
32846,Bande,Ourense,Galicia
32846,Lobeira,Ourense,Galicia
32847,Bande,Ourense,Galicia
32848,Bande,Ourense,Galicia
32849,Bande,Ourense,Galicia
32850,Lobeira,Ourense,Galicia
32858,Lobeira,Ourense,Galicia
32859,Lobeira,Ourense,Galicia
32860,Entrimo,Ourense,Galicia
32868,Entrimo,Ourense,Galicia
32869,Entrimo,Ourense,Galicia
32869,Lobios,Ourense,Galicia
32870,Lobios,Ourense,Galicia
32879,Lobios,Ourense,Galicia
32880,Muíños,Ourense,Galicia
32890,Barbadás,Ourense,Galicia
32892,Lobios,Ourense,Galicia
32895,Lobios,Ourense,Galicia
32896,Muíños,Ourense,Galicia
32897,Lobeira,Ourense,Galicia
32897,Muíños,Ourense,Galicia
32898,Muíños,Ourense,Galicia
32899,Muíños,Ourense,Galicia
32900,San Cibrao das Viñas,Ourense,Galicia
32901,San Cibrao das Viñas,Ourense,Galicia
32910,San Cibrao das Viñas,Ourense,Galicia
32911,San Cibrao das Viñas,Ourense,Galicia
32915,San Cibrao das Viñas,Ourense,Galicia
32920,Toén,Ourense,Galicia
32930,Barbadás,Ourense,Galicia
32930,Toén,Ourense,Galicia
32940,Toén,Ourense,Galicia
32950,Coles,Ourense,Galicia
32960,Ourense,Ourense,Galicia
32970,Ourense,Ourense,Galicia
32971,Ourense,Ourense,Galicia
32980,Amoeiro,Ourense,Galicia
32980,Ourense,Ourense,Galicia
32981,Ourense,Ourense,Galicia
32990,Ourense,Ourense,Galicia
33001,Oviedo,Asturias,Principado de Asturias
33002,Oviedo,Asturias,Principado de Asturias
33003,Oviedo,Asturias,Principado de Asturias
33004,Oviedo,Asturias,Principado de Asturias
33005,Oviedo,Asturias,Principado de Asturias
33006,Oviedo,Asturias,Principado de Asturias
33007,Oviedo,Asturias,Principado de Asturias
33008,Oviedo,Asturias,Principado de Asturias
33009,Oviedo,Asturias,Principado de Asturias
33010,Oviedo,Asturias,Principado de Asturias
33011,Oviedo,Asturias,Principado de Asturias
33012,Oviedo,Asturias,Principado de Asturias
33013,Oviedo,Asturias,Principado de Asturias
33100,Oviedo,Asturias,Principado de Asturias
33111,Teverga,Asturias,Principado de Asturias
33112,Proaza,Asturias,Principado de Asturias
33114,Proaza,Asturias,Principado de Asturias
33115,Quirós,Asturias,Principado de Asturias
33115,Santo Adriano,Asturias,Principado de Asturias
33116,Quirós,Asturias,Principado de Asturias
33117,Quirós,Asturias,Principado de Asturias
33118,Quirós,Asturias,Principado de Asturias
33119,Grado,Asturias,Principado de Asturias
33119,Oviedo,Asturias,Principado de Asturias
33119,Las Regueras,Asturias,Principado de Asturias
33119,Santo Adriano,Asturias,Principado de Asturias
33120,Pravia,Asturias,Principado de Asturias
33125,Soto del Barco,Asturias,Principado de Asturias
33126,Soto del Barco,Asturias,Principado de Asturias
33127,Pravia,Asturias,Principado de Asturias
33127,Soto del Barco,Asturias,Principado de Asturias
33128,Pravia,Asturias,Principado de Asturias
33129,Pravia,Asturias,Principado de Asturias
33130,Muros de Nalón,Asturias,Principado de Asturias
33138,Muros de Nalón,Asturias,Principado de Asturias
33139,Pravia,Asturias,Principado de Asturias
33140,Oviedo,Asturias,Principado de Asturias
33150,Cudillero,Asturias,Principado de Asturias
33154,Cudillero,Asturias,Principado de Asturias
33155,Cudillero,Asturias,Principado de Asturias
33155,Valdés,Asturias,Principado de Asturias
33156,Cudillero,Asturias,Principado de Asturias
33157,Cudillero,Asturias,Principado de Asturias
33158,Cudillero,Asturias,Principado de Asturias
33159,Cudillero,Asturias,Principado de Asturias
33160,Riosa,Asturias,Principado de Asturias
33161,Morcín,Asturias,Principado de Asturias
33162,Morcín,Asturias,Principado de Asturias
33163,Morcín,Asturias,Principado de Asturias
33170,Oviedo,Asturias,Principado de Asturias
33170,Ribera de Arriba,Asturias,Principado de Asturias
33171,Oviedo,Asturias,Principado de Asturias
33171,Ribera de Arriba,Asturias,Principado de Asturias
33172,Morcín,Asturias,Principado de Asturias
33172,Ribera de Arriba,Asturias,Principado de Asturias
33173,Ribera de Arriba,Asturias,Principado de Asturias
33174,Oviedo,Asturias,Principado de Asturias
33180,Noreña,Asturias,Principado de Asturias
33186,Siero,Asturias,Principado de Asturias
33187,Noreña,Asturias,Principado de Asturias
33187,Siero,Asturias,Principado de Asturias
33188,Noreña,Asturias,Principado de Asturias
33188,Siero,Asturias,Principado de Asturias
33189,Siero,Asturias,Principado de Asturias
33190,Las Regueras,Asturias,Principado de Asturias
33191,Oviedo,Asturias,Principado de Asturias
33191,Las Regueras,Asturias,Principado de Asturias
33192,Llanera,Asturias,Principado de Asturias
33192,Siero,Asturias,Principado de Asturias
33193,Oviedo,Asturias,Principado de Asturias
33194,Oviedo,Asturias,Principado de Asturias
33195,Oviedo,Asturias,Principado de Asturias
33196,Oviedo,Asturias,Principado de Asturias
33199,Oviedo,Asturias,Principado de Asturias
33199,Siero,Asturias,Principado de Asturias
33201,Gijón,Asturias,Principado de Asturias
33202,Gijón,Asturias,Principado de Asturias
33203,Gijón,Asturias,Principado de Asturias
33204,Gijón,Asturias,Principado de Asturias
33205,Gijón,Asturias,Principado de Asturias
33206,Gijón,Asturias,Principado de Asturias
33207,Gijón,Asturias,Principado de Asturias
33208,Gijón,Asturias,Principado de Asturias
33209,Gijón,Asturias,Principado de Asturias
33210,Gijón,Asturias,Principado de Asturias
33211,Gijón,Asturias,Principado de Asturias
33212,Gijón,Asturias,Principado de Asturias
33213,Gijón,Asturias,Principado de Asturias
33290,Gijón,Asturias,Principado de Asturias
33299,Gijón,Asturias,Principado de Asturias
33300,Villaviciosa,Asturias,Principado de Asturias
33310,Cabranes,Asturias,Principado de Asturias
33310,Villaviciosa,Asturias,Principado de Asturias
33311,Colunga,Asturias,Principado de Asturias
33311,Villaviciosa,Asturias,Principado de Asturias
33312,Villaviciosa,Asturias,Principado de Asturias
33313,Villaviciosa,Asturias,Principado de Asturias
33314,Villaviciosa,Asturias,Principado de Asturias
33315,Villaviciosa,Asturias,Principado de Asturias
33316,Villaviciosa,Asturias,Principado de Asturias
33317,Villaviciosa,Asturias,Principado de Asturias
33318,Villaviciosa,Asturias,Principado de Asturias
33320,Colunga,Asturias,Principado de Asturias
33324,Colunga,Asturias,Principado de Asturias
33325,Colunga,Asturias,Principado de Asturias
33326,Colunga,Asturias,Principado de Asturias
33326,Villaviciosa,Asturias,Principado de Asturias
33327,Colunga,Asturias,Principado de Asturias
33328,Colunga,Asturias,Principado de Asturias
33329,Colunga,Asturias,Principado de Asturias
33330,Colunga,Asturias,Principado de Asturias
33340,Colunga,Asturias,Principado de Asturias
33341,Colunga,Asturias,Principado de Asturias
33342,Colunga,Asturias,Principado de Asturias
33343,Caravia,Asturias,Principado de Asturias
33344,Caravia,Asturias,Principado de Asturias
33345,Ribadesella,Asturias,Principado de Asturias
33346,Ribadesella,Asturias,Principado de Asturias
33347,Ribadesella,Asturias,Principado de Asturias
33350,Gijón,Asturias,Principado de Asturias
33390,Gijón,Asturias,Principado de Asturias
33391,Gijón,Asturias,Principado de Asturias
33392,Gijón,Asturias,Principado de Asturias
33393,Gijón,Asturias,Principado de Asturias
33394,Gijón,Asturias,Principado de Asturias
33401,Avilés,Asturias,Principado de Asturias
33402,Avilés,Asturias,Principado de Asturias
33403,Avilés,Asturias,Principado de Asturias
33404,Corvera de Asturias,Asturias,Principado de Asturias
33405,Castrillón,Asturias,Principado de Asturias
33410,Avilés,Asturias,Principado de Asturias
33410,Castrillón,Asturias,Principado de Asturias
33411,Illas,Asturias,Principado de Asturias
33412,Castrillón,Asturias,Principado de Asturias
33412,Corvera de Asturias,Asturias,Principado de Asturias
33412,Illas,Asturias,Principado de Asturias
33414,Illas,Asturias,Principado de Asturias
33416,Corvera de Asturias,Asturias,Principado de Asturias
33417,Avilés,Asturias,Principado de Asturias
33417,Castrillón,Asturias,Principado de Asturias
33418,Gozón,Asturias,Principado de Asturias
33420,Siero,Asturias,Principado de Asturias
33422,Llanera,Asturias,Principado de Asturias
33423,Llanera,Asturias,Principado de Asturias
33424,Llanera,Asturias,Principado de Asturias
33425,Llanera,Asturias,Principado de Asturias
33426,Llanera,Asturias,Principado de Asturias
33427,Llanera,Asturias,Principado de Asturias
33428,Llanera,Asturias,Principado de Asturias
33429,Siero,Asturias,Principado de Asturias
33430,Carreño,Asturias,Principado de Asturias
33438,Carreño,Asturias,Principado de Asturias
33439,Carreño,Asturias,Principado de Asturias
33439,Gozón,Asturias,Principado de Asturias
33440,Gozón,Asturias,Principado de Asturias
33448,Gozón,Asturias,Principado de Asturias
33449,Gozón,Asturias,Principado de Asturias
33450,Castrillón,Asturias,Principado de Asturias
33456,Candamo,Asturias,Principado de Asturias
33456,Castrillón,Asturias,Principado de Asturias
33457,Castrillón,Asturias,Principado de Asturias
33458,Soto del Barco,Asturias,Principado de Asturias
33459,Castrillón,Asturias,Principado de Asturias
33459,Soto del Barco,Asturias,Principado de Asturias
33460,Avilés,Asturias,Principado de Asturias
33460,Corvera de Asturias,Asturias,Principado de Asturias
33468,Carreño,Asturias,Principado de Asturias
33468,Corvera de Asturias,Asturias,Principado de Asturias
33469,Carreño,Asturias,Principado de Asturias
33470,Corvera de Asturias,Asturias,Principado de Asturias
33470,Llanera,Asturias,Principado de Asturias
33490,Avilés,Asturias,Principado de Asturias
33490,Gozón,Asturias,Principado de Asturias
33491,Carreño,Asturias,Principado de Asturias
33492,Carreño,Asturias,Principado de Asturias
33500,Llanes,Asturias,Principado de Asturias
33507,Llanes,Asturias,Principado de Asturias
33508,Llanes,Asturias,Principado de Asturias
33509,Llanes,Asturias,Principado de Asturias
33510,Siero,Asturias,Principado de Asturias
33518,Noreña,Asturias,Principado de Asturias
33518,Sariego,Asturias,Principado de Asturias
33518,Siero,Asturias,Principado de Asturias
33519,Noreña,Asturias,Principado de Asturias
33519,Siero,Asturias,Principado de Asturias
33520,Nava,Asturias,Principado de Asturias
33527,Bimenes,Asturias,Principado de Asturias
33528,Bimenes,Asturias,Principado de Asturias
33528,Nava,Asturias,Principado de Asturias
33529,Cabranes,Asturias,Principado de Asturias
33529,Nava,Asturias,Principado de Asturias
33530,Piloña,Asturias,Principado de Asturias
33534,Nava,Asturias,Principado de Asturias
33534,Piloña,Asturias,Principado de Asturias
33535,Piloña,Asturias,Principado de Asturias
33536,Caso,Asturias,Principado de Asturias
33536,Piloña,Asturias,Principado de Asturias
33537,Piloña,Asturias,Principado de Asturias
33538,Piloña,Asturias,Principado de Asturias
33539,Piloña,Asturias,Principado de Asturias
33540,Parres,Asturias,Principado de Asturias
33546,Parres,Asturias,Principado de Asturias
33547,Cangas de Onís,Asturias,Principado de Asturias
33548,Parres,Asturias,Principado de Asturias
33549,Parres,Asturias,Principado de Asturias
33550,Cangas de Onís,Asturias,Principado de Asturias
33554,Cabrales,Asturias,Principado de Asturias
33554,Tresviso,Cantabria,Cantabria
33555,Cabrales,Asturias,Principado de Asturias
33556,Amieva,Asturias,Principado de Asturias
33556,Cangas de Onís,Asturias,Principado de Asturias
33556,Onís,Asturias,Principado de Asturias
33557,Amieva,Asturias,Principado de Asturias
33557,Cangas de Onís,Asturias,Principado de Asturias
33557,Parres,Asturias,Principado de Asturias
33557,Ponga,Asturias,Principado de Asturias
33558,Amieva,Asturias,Principado de Asturias
33558,Ponga,Asturias,Principado de Asturias
33559,Amieva,Asturias,Principado de Asturias
33559,Cangas de Onís,Asturias,Principado de Asturias
33559,Parres,Asturias,Principado de Asturias
33559,Ponga,Asturias,Principado de Asturias
33560,Ribadesella,Asturias,Principado de Asturias
33567,Ribadesella,Asturias,Principado de Asturias
33568,Ribadesella,Asturias,Principado de Asturias
33569,Ribadesella,Asturias,Principado de Asturias
33570,Peñamellera Baja,Asturias,Principado de Asturias
33576,Peñamellera Alta,Asturias,Principado de Asturias
33577,Peñamellera Alta,Asturias,Principado de Asturias
33578,Peñamellera Alta,Asturias,Principado de Asturias
33579,Peñamellera Baja,Asturias,Principado de Asturias
33580,Siero,Asturias,Principado de Asturias
33581,Nava,Asturias,Principado de Asturias
33582,Nava,Asturias,Principado de Asturias
33583,Piloña,Asturias,Principado de Asturias
33584,Piloña,Asturias,Principado de Asturias
33585,Parres,Asturias,Principado de Asturias
33586,Parres,Asturias,Principado de Asturias
33586,Ribadesella,Asturias,Principado de Asturias
33587,Parres,Asturias,Principado de Asturias
33589,Cangas de Onís,Asturias,Principado de Asturias
33590,Llanes,Asturias,Principado de Asturias
33590,Ribadedeva,Asturias,Principado de Asturias
33591,Llanes,Asturias,Principado de Asturias
33592,Llanes,Asturias,Principado de Asturias
33593,Llanes,Asturias,Principado de Asturias
33594,Llanes,Asturias,Principado de Asturias
33595,Llanes,Asturias,Principado de Asturias
33596,Llanes,Asturias,Principado de Asturias
33597,Llanes,Asturias,Principado de Asturias
33598,Llanes,Asturias,Principado de Asturias
33599,Peñamellera Baja,Asturias,Principado de Asturias
33600,Mieres,Asturias,Principado de Asturias
33610,Mieres,Asturias,Principado de Asturias
33611,Mieres,Asturias,Principado de Asturias
33612,Mieres,Asturias,Principado de Asturias
33613,Mieres,Asturias,Principado de Asturias
33614,Mieres,Asturias,Principado de Asturias
33615,Mieres,Asturias,Principado de Asturias
33616,Mieres,Asturias,Principado de Asturias
33617,Mieres,Asturias,Principado de Asturias
33618,Mieres,Asturias,Principado de Asturias
33619,Mieres,Asturias,Principado de Asturias
33620,Lena,Asturias,Principado de Asturias
33627,Lena,Asturias,Principado de Asturias
33628,Lena,Asturias,Principado de Asturias
33629,Lena,Asturias,Principado de Asturias
33630,Lena,Asturias,Principado de Asturias
33637,Lena,Asturias,Principado de Asturias
33638,Lena,Asturias,Principado de Asturias
33639,Lena,Asturias,Principado de Asturias
33640,Mieres,Asturias,Principado de Asturias
33650,Mieres,Asturias,Principado de Asturias
33660,Oviedo,Asturias,Principado de Asturias
33669,Oviedo,Asturias,Principado de Asturias
33670,Aller,Asturias,Principado de Asturias
33675,Aller,Asturias,Principado de Asturias
33676,Aller,Asturias,Principado de Asturias
33677,Aller,Asturias,Principado de Asturias
33678,Aller,Asturias,Principado de Asturias
33679,Aller,Asturias,Principado de Asturias
33680,Aller,Asturias,Principado de Asturias
33681,Aller,Asturias,Principado de Asturias
33682,Mieres,Asturias,Principado de Asturias
33683,Mieres,Asturias,Principado de Asturias
33684,Aller,Asturias,Principado de Asturias
33685,Aller,Asturias,Principado de Asturias
33686,Aller,Asturias,Principado de Asturias
33687,Aller,Asturias,Principado de Asturias
33688,Aller,Asturias,Principado de Asturias
33690,Llanera,Asturias,Principado de Asturias
33691,Gijón,Asturias,Principado de Asturias
33692,Lena,Asturias,Principado de Asturias
33693,Lena,Asturias,Principado de Asturias
33694,Lena,Asturias,Principado de Asturias
33695,Lena,Asturias,Principado de Asturias
33696,Oviedo,Asturias,Principado de Asturias
33696,Ribera de Arriba,Asturias,Principado de Asturias
33697,Gijón,Asturias,Principado de Asturias
33700,Valdés,Asturias,Principado de Asturias
33707,Valdés,Asturias,Principado de Asturias
33708,Valdés,Asturias,Principado de Asturias
33710,Coaña,Asturias,Principado de Asturias
33710,Navia,Asturias,Principado de Asturias
33716,Coaña,Asturias,Principado de Asturias
33717,Boal,Asturias,Principado de Asturias
33717,Villayón,Asturias,Principado de Asturias
33718,Coaña,Asturias,Principado de Asturias
33718,Villayón,Asturias,Principado de Asturias
33719,Coaña,Asturias,Principado de Asturias
33719,Navia,Asturias,Principado de Asturias
33720,Boal,Asturias,Principado de Asturias
33721,Valdés,Asturias,Principado de Asturias
33725,Boal,Asturias,Principado de Asturias
33726,Boal,Asturias,Principado de Asturias
33726,Coaña,Asturias,Principado de Asturias
33727,Boal,Asturias,Principado de Asturias
33728,Boal,Asturias,Principado de Asturias
33728,Illano,Asturias,Principado de Asturias
33729,Boal,Asturias,Principado de Asturias
33730,Grandas de Salime,Asturias,Principado de Asturias
33731,Boal,Asturias,Principado de Asturias
33731,Illano,Asturias,Principado de Asturias
33733,Illano,Asturias,Principado de Asturias
33734,Illano,Asturias,Principado de Asturias
33735,Pesoz,Asturias,Principado de Asturias
33735,San Martín de Oscos,Asturias,Principado de Asturias
33736,Grandas de Salime,Asturias,Principado de Asturias
33737,Grandas de Salime,Asturias,Principado de Asturias
33738,Grandas de Salime,Asturias,Principado de Asturias
33739,Grandas de Salime,Asturias,Principado de Asturias
33740,Tapia de Casariego,Asturias,Principado de Asturias
33746,El Franco,Asturias,Principado de Asturias
33746,Tapia de Casariego,Asturias,Principado de Asturias
33747,Tapia de Casariego,Asturias,Principado de Asturias
33749,Tapia de Casariego,Asturias,Principado de Asturias
33750,El Franco,Asturias,Principado de Asturias
33756,Boal,Asturias,Principado de Asturias
33756,Coaña,Asturias,Principado de Asturias
33756,El Franco,Asturias,Principado de Asturias
33757,El Franco,Asturias,Principado de Asturias
33758,El Franco,Asturias,Principado de Asturias
33759,El Franco,Asturias,Principado de Asturias
33760,Castropol,Asturias,Principado de Asturias
33768,Castropol,Asturias,Principado de Asturias
33769,Castropol,Asturias,Principado de Asturias
33770,Vegadeo,Asturias,Principado de Asturias
33774,San Tirso de Abres,Asturias,Principado de Asturias
33775,Taramundi,Asturias,Principado de Asturias
33776,Santa Eulalia de Oscos,Asturias,Principado de Asturias
33776,Vegadeo,Asturias,Principado de Asturias
33776,Villanueva de Oscos,Asturias,Principado de Asturias
33777,Pesoz,Asturias,Principado de Asturias
33777,San Martín de Oscos,Asturias,Principado de Asturias
33777,Villanueva de Oscos,Asturias,Principado de Asturias
33778,Castropol,Asturias,Principado de Asturias
33778,Vegadeo,Asturias,Principado de Asturias
33779,Castropol,Asturias,Principado de Asturias
33779,Taramundi,Asturias,Principado de Asturias
33779,Vegadeo,Asturias,Principado de Asturias
33780,Valdés,Asturias,Principado de Asturias
33782,Valdés,Asturias,Principado de Asturias
33783,Valdés,Asturias,Principado de Asturias
33784,Valdés,Asturias,Principado de Asturias
33785,Valdés,Asturias,Principado de Asturias
33786,Valdés,Asturias,Principado de Asturias
33787,Valdés,Asturias,Principado de Asturias
33788,Valdés,Asturias,Principado de Asturias
33789,Valdés,Asturias,Principado de Asturias
33790,Navia,Asturias,Principado de Asturias
33791,Valdés,Asturias,Principado de Asturias
33792,Valdés,Asturias,Principado de Asturias
33792,Navia,Asturias,Principado de Asturias
33793,Navia,Asturias,Principado de Asturias
33794,Castropol,Asturias,Principado de Asturias
33794,Tapia de Casariego,Asturias,Principado de Asturias
33795,Coaña,Asturias,Principado de Asturias
33796,Coaña,Asturias,Principado de Asturias
33798,Boal,Asturias,Principado de Asturias
33800,Cangas del Narcea,Asturias,Principado de Asturias
33810,Ibias,Asturias,Principado de Asturias
33811,Cangas del Narcea,Asturias,Principado de Asturias
33811,Ibias,Asturias,Principado de Asturias
33812,Degaña,Asturias,Principado de Asturias
33812,Ibias,Asturias,Principado de Asturias
33813,Cangas del Narcea,Asturias,Principado de Asturias
33813,Degaña,Asturias,Principado de Asturias
33814,Cangas del Narcea,Asturias,Principado de Asturias
33815,Allande,Asturias,Principado de Asturias
33815,Cangas del Narcea,Asturias,Principado de Asturias
33816,Cangas del Narcea,Asturias,Principado de Asturias
33817,Cangas del Narcea,Asturias,Principado de Asturias
33818,Cangas del Narcea,Asturias,Principado de Asturias
33819,Cangas del Narcea,Asturias,Principado de Asturias
33820,Grado,Asturias,Principado de Asturias
33825,Grado,Asturias,Principado de Asturias
33826,Grado,Asturias,Principado de Asturias
33826,Yernes y Tameza,Asturias,Principado de Asturias
33827,Grado,Asturias,Principado de Asturias
33828,Candamo,Asturias,Principado de Asturias
33828,Grado,Asturias,Principado de Asturias
33829,Candamo,Asturias,Principado de Asturias
33829,Grado,Asturias,Principado de Asturias
33829,Salas,Asturias,Principado de Asturias
33830,Belmonte de Miranda,Asturias,Principado de Asturias
33836,Belmonte de Miranda,Asturias,Principado de Asturias
33836,Salas,Asturias,Principado de Asturias
33839,Belmonte de Miranda,Asturias,Principado de Asturias
33840,Somiedo,Asturias,Principado de Asturias
33841,Somiedo,Asturias,Principado de Asturias
33842,Somiedo,Asturias,Principado de Asturias
33843,Belmonte de Miranda,Asturias,Principado de Asturias
33844,Belmonte de Miranda,Asturias,Principado de Asturias
33845,Belmonte de Miranda,Asturias,Principado de Asturias
33846,Belmonte de Miranda,Asturias,Principado de Asturias
33850,Salas,Asturias,Principado de Asturias
33857,Salas,Asturias,Principado de Asturias
33858,Salas,Asturias,Principado de Asturias
33859,Salas,Asturias,Principado de Asturias
33860,Salas,Asturias,Principado de Asturias
33865,Belmonte de Miranda,Asturias,Principado de Asturias
33865,Salas,Asturias,Principado de Asturias
33866,Salas,Asturias,Principado de Asturias
33867,Salas,Asturias,Principado de Asturias
33868,Salas,Asturias,Principado de Asturias
33869,Salas,Asturias,Principado de Asturias
33870,Tineo,Asturias,Principado de Asturias
33873,Tineo,Asturias,Principado de Asturias
33874,Valdés,Asturias,Principado de Asturias
33874,Tineo,Asturias,Principado de Asturias
33875,Tineo,Asturias,Principado de Asturias
33876,Tineo,Asturias,Principado de Asturias
33877,Tineo,Asturias,Principado de Asturias
33878,Tineo,Asturias,Principado de Asturias
33879,Tineo,Asturias,Principado de Asturias
33880,Allande,Asturias,Principado de Asturias
33885,Allande,Asturias,Principado de Asturias
33886,Allande,Asturias,Principado de Asturias
33887,Allande,Asturias,Principado de Asturias
33887,Grandas de Salime,Asturias,Principado de Asturias
33888,Allande,Asturias,Principado de Asturias
33889,Allande,Asturias,Principado de Asturias
33890,Allande,Asturias,Principado de Asturias
33890,Cangas del Narcea,Asturias,Principado de Asturias
33890,Tineo,Asturias,Principado de Asturias
33891,Salas,Asturias,Principado de Asturias
33892,Grado,Asturias,Principado de Asturias
33900,Langreo,Asturias,Principado de Asturias
33909,Langreo,Asturias,Principado de Asturias
33909,San Martín del Rey Aurelio,Asturias,Principado de Asturias
33910,Oviedo,Asturias,Principado de Asturias
33910,Siero,Asturias,Principado de Asturias
33919,Oviedo,Asturias,Principado de Asturias
33920,Langreo,Asturias,Principado de Asturias
33929,Langreo,Asturias,Principado de Asturias
33930,Langreo,Asturias,Principado de Asturias
33934,Langreo,Asturias,Principado de Asturias
33935,Langreo,Asturias,Principado de Asturias
33936,Siero,Asturias,Principado de Asturias
33937,Siero,Asturias,Principado de Asturias
33938,Siero,Asturias,Principado de Asturias
33939,Langreo,Asturias,Principado de Asturias
33939,Siero,Asturias,Principado de Asturias
33940,San Martín del Rey Aurelio,Asturias,Principado de Asturias
33945,San Martín del Rey Aurelio,Asturias,Principado de Asturias
33946,Langreo,Asturias,Principado de Asturias
33946,San Martín del Rey Aurelio,Asturias,Principado de Asturias
33946,Siero,Asturias,Principado de Asturias
33947,San Martín del Rey Aurelio,Asturias,Principado de Asturias
33948,San Martín del Rey Aurelio,Asturias,Principado de Asturias
33949,Langreo,Asturias,Principado de Asturias
33949,San Martín del Rey Aurelio,Asturias,Principado de Asturias
33950,San Martín del Rey Aurelio,Asturias,Principado de Asturias
33957,San Martín del Rey Aurelio,Asturias,Principado de Asturias
33958,San Martín del Rey Aurelio,Asturias,Principado de Asturias
33959,San Martín del Rey Aurelio,Asturias,Principado de Asturias
33960,San Martín del Rey Aurelio,Asturias,Principado de Asturias
33969,San Martín del Rey Aurelio,Asturias,Principado de Asturias
33970,Laviana,Asturias,Principado de Asturias
33979,Laviana,Asturias,Principado de Asturias
33980,Laviana,Asturias,Principado de Asturias
33986,Laviana,Asturias,Principado de Asturias
33987,Laviana,Asturias,Principado de Asturias
33988,Laviana,Asturias,Principado de Asturias
33989,Laviana,Asturias,Principado de Asturias
33990,Caso,Asturias,Principado de Asturias
33991,Laviana,Asturias,Principado de Asturias
33992,Laviana,Asturias,Principado de Asturias
33993,Sobrescobio,Asturias,Principado de Asturias
33994,Caso,Asturias,Principado de Asturias
33995,Caso,Asturias,Principado de Asturias
33996,Caso,Asturias,Principado de Asturias
33996,Laviana,Asturias,Principado de Asturias
33997,Caso,Asturias,Principado de Asturias
34001,Palencia,Palencia,Castilla y León
34002,Palencia,Palencia,Castilla y León
34003,Palencia,Palencia,Castilla y León
34004,Palencia,Palencia,Castilla y León
34005,Palencia,Palencia,Castilla y León
34100,Saldaña,Palencia,Castilla y León
34110,Pino del Río,Palencia,Castilla y León
34111,Pino del Río,Palencia,Castilla y León
34111,Poza de la Vega,Palencia,Castilla y León
34111,Saldaña,Palencia,Castilla y León
34111,Villaluenga de la Vega,Palencia,Castilla y León
34111,Villota del Páramo,Palencia,Castilla y León
34112,Santervás de la Vega,Palencia,Castilla y León
34112,Villaluenga de la Vega,Palencia,Castilla y León
34112,Villota del Páramo,Palencia,Castilla y León
34113,Pedrosa de la Vega,Palencia,Castilla y León
34113,Villaluenga de la Vega,Palencia,Castilla y León
34113,Villarrabé,Palencia,Castilla y León
34114,Quintanilla de Onsoña,Palencia,Castilla y León
34115,Saldaña,Palencia,Castilla y León
34115,Valderrábano,Palencia,Castilla y León
34116,Bustillo de la Vega,Palencia,Castilla y León
34116,Pedrosa de la Vega,Palencia,Castilla y León
34116,Villarrabé,Palencia,Castilla y León
34117,Saldaña,Palencia,Castilla y León
34118,Loma de Ucieza,Palencia,Castilla y León
34120,Carrión de los Condes,Palencia,Castilla y León
34126,Renedo de la Vega,Palencia,Castilla y León
34126,Villamoronta,Palencia,Castilla y León
34127,San Mamés de Campos,Palencia,Castilla y León
34127,Valde-Ucieza,Palencia,Castilla y León
34127,Loma de Ucieza,Palencia,Castilla y León
34128,Nogal de las Huertas,Palencia,Castilla y León
34128,Quintanilla de Onsoña,Palencia,Castilla y León
34128,La Serna,Palencia,Castilla y León
34128,Loma de Ucieza,Palencia,Castilla y León
34129,Bustillo del Páramo de Carrión,Palencia,Castilla y León
34129,Calzada de los Molinos,Palencia,Castilla y León
34129,Villaturde,Palencia,Castilla y León
34131,Carrión de los Condes,Palencia,Castilla y León
34131,Villoldo,Palencia,Castilla y León
34132,Villasarracino,Palencia,Castilla y León
34133,Perales,Palencia,Castilla y León
34159,Ampudia,Palencia,Castilla y León
34160,Ampudia,Palencia,Castilla y León
34170,Mazariegos,Palencia,Castilla y León
34170,Pedraza de Campos,Palencia,Castilla y León
34170,Villamartín de Campos,Palencia,Castilla y León
34170,Villaumbrales,Palencia,Castilla y León
34190,Villamuriel de Cerrato,Palencia,Castilla y León
34191,Ampudia,Palencia,Castilla y León
34191,Autilla del Pino,Palencia,Castilla y León
34191,Palencia,Palencia,Castilla y León
34191,Santa Cecilia del Alcor,Palencia,Castilla y León
34192,Grijota,Palencia,Castilla y León
34192,Villaumbrales,Palencia,Castilla y León
34200,Venta de Baños,Palencia,Castilla y León
34208,Venta de Baños,Palencia,Castilla y León
34208,Dueñas,Palencia,Castilla y León
34208,Reinoso de Cerrato,Palencia,Castilla y León
34209,Hontoria de Cerrato,Palencia,Castilla y León
34209,Soto de Cerrato,Palencia,Castilla y León
34209,Tariego de Cerrato,Palencia,Castilla y León
34209,Valle de Cerrato,Palencia,Castilla y León
34210,Dueñas,Palencia,Castilla y León
34218,Cevico de la Torre,Palencia,Castilla y León
34219,Alba de Cerrato,Palencia,Castilla y León
34219,Castrillo de Onielo,Palencia,Castilla y León
34219,Cubillas de Cerrato,Palencia,Castilla y León
34219,Población de Cerrato,Palencia,Castilla y León
34219,Vertavillo,Palencia,Castilla y León
34220,Magaz de Pisuerga,Palencia,Castilla y León
34230,Torquemada,Palencia,Castilla y León
34239,Valdeolmillos,Palencia,Castilla y León
34239,Villamediana,Palencia,Castilla y León
34240,Baltanás,Palencia,Castilla y León
34246,Castrillo de Don Juan,Palencia,Castilla y León
34247,Cevico Navero,Palencia,Castilla y León
34247,Hérmedes de Cerrato,Palencia,Castilla y León
34247,Villaconancio,Palencia,Castilla y León
34248,Antigüedad,Palencia,Castilla y León
34248,Cobos de Cerrato,Palencia,Castilla y León
34248,Espinosa de Cerrato,Palencia,Castilla y León
34249,Baltanás,Palencia,Castilla y León
34249,Hornillos de Cerrato,Palencia,Castilla y León
34249,Villaviudas,Palencia,Castilla y León
34250,Quintana del Puente,Palencia,Castilla y León
34257,Palenzuela,Palencia,Castilla y León
34257,Tabanera de Cerrato,Palencia,Castilla y León
34257,Villahán,Palencia,Castilla y León
34257,Villodrigo,Palencia,Castilla y León
34259,Cordovilla la Real,Palencia,Castilla y León
34259,Herrera de Valdecañas,Palencia,Castilla y León
34261,Villalaco,Palencia,Castilla y León
34300,Paredes de Nava,Palencia,Castilla y León
34304,Belmonte de Campos,Palencia,Castilla y León
34304,Castil de Vela,Palencia,Castilla y León
34305,Baquerín de Campos,Palencia,Castilla y León
34305,Boada de Campos,Palencia,Castilla y León
34305,Capillas,Palencia,Castilla y León
34305,Castromocho,Palencia,Castilla y León
34305,Meneses de Campos,Palencia,Castilla y León
34305,Torremormojón,Palencia,Castilla y León
34305,Villerías de Campos,Palencia,Castilla y León
34306,Frechilla,Palencia,Castilla y León
34306,Guaza de Campos,Palencia,Castilla y León
34306,Mazuecos de Valdeginate,Palencia,Castilla y León
34307,Valle del Retortillo,Palencia,Castilla y León
34309,Cardeñosa de Volpejera,Palencia,Castilla y León
34309,Cervatos de la Cueza,Palencia,Castilla y León
34309,Riberos de la Cueza,Palencia,Castilla y León
34309,Villamuera de la Cueza,Palencia,Castilla y León
34309,Villanueva del Rebollar,Palencia,Castilla y León
34310,Becerril de Campos,Palencia,Castilla y León
34310,Perales,Palencia,Castilla y León
34320,Cisneros,Palencia,Castilla y León
34337,Fuentes de Nava,Palencia,Castilla y León
34338,Abarca de Campos,Palencia,Castilla y León
34338,Autillo de Campos,Palencia,Castilla y León
34340,Villada,Palencia,Castilla y León
34347,Lagartos,Palencia,Castilla y León
34347,Ledigos,Palencia,Castilla y León
34347,Población de Arroyo,Palencia,Castilla y León
34347,Pozo de Urama,Palencia,Castilla y León
34347,San Román de la Cuba,Palencia,Castilla y León
34347,Villalcón,Palencia,Castilla y León
34349,Boadilla de Rioseco,Palencia,Castilla y León
34349,Lagartos,Palencia,Castilla y León
34349,Moratinos,Palencia,Castilla y León
34349,Villacidaler,Palencia,Castilla y León
34349,Villada,Palencia,Castilla y León
34350,Villarramiel,Palencia,Castilla y León
34400,Herrera de Pisuerga,Palencia,Castilla y León
34405,Herrera de Pisuerga,Palencia,Castilla y León
34405,Santa Cruz de Boedo,Palencia,Castilla y León
34406,Báscones de Ojeda,Palencia,Castilla y León
34406,Collazos de Boedo,Palencia,Castilla y León
34406,Dehesa de Romanos,Palencia,Castilla y León
34406,Herrera de Pisuerga,Palencia,Castilla y León
34407,Calahorra de Boedo,Palencia,Castilla y León
34407,Collazos de Boedo,Palencia,Castilla y León
34407,Olea de Boedo,Palencia,Castilla y León
34407,Páramo de Boedo,Palencia,Castilla y León
34407,Revilla de Collazos,Palencia,Castilla y León
34407,Sotobañado y Priorato,Palencia,Castilla y León
34407,Villameriel,Palencia,Castilla y León
34408,Villameriel,Palencia,Castilla y León
34409,Villameriel,Palencia,Castilla y León
34410,Monzón de Campos,Palencia,Castilla y León
34411,Ribas de Campos,Palencia,Castilla y León
34419,Amusco,Palencia,Castilla y León
34419,Fuentes de Valdepero,Palencia,Castilla y León
34419,Grijota,Palencia,Castilla y León
34419,Husillos,Palencia,Castilla y León
34419,Monzón de Campos,Palencia,Castilla y León
34419,Villalobón,Palencia,Castilla y León
34420,Amusco,Palencia,Castilla y León
34429,Amayuelas de Arriba,Palencia,Castilla y León
34429,Manquillos,Palencia,Castilla y León
34429,San Cebrián de Campos,Palencia,Castilla y León
34430,Piña de Campos,Palencia,Castilla y León
34439,Támara de Campos,Palencia,Castilla y León
34440,Frómista,Palencia,Castilla y León
34447,Revenga de Campos,Palencia,Castilla y León
34447,Villarmentero de Campos,Palencia,Castilla y León
34449,Arconada,Palencia,Castilla y León
34449,Lomas,Palencia,Castilla y León
34449,Población de Campos,Palencia,Castilla y León
34449,Villalcázar de Sirga,Palencia,Castilla y León
34449,Villovieco,Palencia,Castilla y León
34450,Astudillo,Palencia,Castilla y León
34460,Osorno la Mayor,Palencia,Castilla y León
34465,Valbuena de Pisuerga,Palencia,Castilla y León
34466,Villodre,Palencia,Castilla y León
34467,Melgar de Yuso,Palencia,Castilla y León
34468,Boadilla del Camino,Palencia,Castilla y León
34468,Itero de la Vega,Palencia,Castilla y León
34468,Lantadilla,Palencia,Castilla y León
34468,Osornillo,Palencia,Castilla y León
34469,Marcilla de Campos,Palencia,Castilla y León
34469,Requena de Campos,Palencia,Castilla y León
34469,Villaherreros,Palencia,Castilla y León
34469,Osorno la Mayor,Palencia,Castilla y León
34470,Buenavista de Valdavia,Palencia,Castilla y León
34470,La Puebla de Valdavia,Palencia,Castilla y León
34473,Ayuela,Palencia,Castilla y León
34473,Buenavista de Valdavia,Palencia,Castilla y León
34473,Tabanera de Valdavia,Palencia,Castilla y León
34473,Valderrábano,Palencia,Castilla y León
34475,Villabasta de Valdavia,Palencia,Castilla y León
34475,Villaeles de Valdavia,Palencia,Castilla y León
34475,Villasila de Valdavia,Palencia,Castilla y León
34477,Bárcena de Campos,Palencia,Castilla y León
34477,Villanuño de Valdavia,Palencia,Castilla y León
34477,Loma de Ucieza,Palencia,Castilla y León
34478,Castrillo de Villavega,Palencia,Castilla y León
34479,Abia de las Torres,Palencia,Castilla y León
34480,Alar del Rey,Palencia,Castilla y León
34483,Dehesa de Montejo,Palencia,Castilla y León
34484,Dehesa de Montejo,Palencia,Castilla y León
34485,La Vid de Ojeda,Palencia,Castilla y León
34485,Micieces de Ojeda,Palencia,Castilla y León
34485,Olmos de Ojeda,Palencia,Castilla y León
34485,Payo de Ojeda,Palencia,Castilla y León
34486,Olmos de Ojeda,Palencia,Castilla y León
34486,Prádanos de Ojeda,Palencia,Castilla y León
34486,Santibáñez de Ecla,Palencia,Castilla y León
34487,Alar del Rey,Palencia,Castilla y León
34488,Aguilar de Campoo,Palencia,Castilla y León
34488,Cervera de Pisuerga,Palencia,Castilla y León
34488,Olmos de Ojeda,Palencia,Castilla y León
34490,Astudillo,Palencia,Castilla y León
34490,Santoyo,Palencia,Castilla y León
34491,Espinosa de Villagonzalo,Palencia,Castilla y León
34491,San Cristóbal de Boedo,Palencia,Castilla y León
34491,Santa Cruz de Boedo,Palencia,Castilla y León
34491,Villaprovedo,Palencia,Castilla y León
34492,Rebolledo de la Torre,Burgos,Castilla y León
34492,Sotresgudo,Burgos,Castilla y León
34492,Aguilar de Campoo,Palencia,Castilla y León
34492,Alar del Rey,Palencia,Castilla y León
34800,Aguilar de Campoo,Palencia,Castilla y León
34810,Aguilar de Campoo,Palencia,Castilla y León
34811,Aguilar de Campoo,Palencia,Castilla y León
34811,Pomar de Valdivia,Palencia,Castilla y León
34813,Aguilar de Campoo,Palencia,Castilla y León
34813,Pomar de Valdivia,Palencia,Castilla y León
34815,Aguilar de Campoo,Palencia,Castilla y León
34815,Pomar de Valdivia,Palencia,Castilla y León
34820,Barruelo de Santullán,Palencia,Castilla y León
34828,Barruelo de Santullán,Palencia,Castilla y León
34828,Salinas de Pisuerga,Palencia,Castilla y León
34828,San Cebrián de Mudá,Palencia,Castilla y León
34829,Barruelo de Santullán,Palencia,Castilla y León
34829,Brañosera,Palencia,Castilla y León
34830,Salinas de Pisuerga,Palencia,Castilla y León
34839,Cervera de Pisuerga,Palencia,Castilla y León
34839,Mudá,Palencia,Castilla y León
34839,San Cebrián de Mudá,Palencia,Castilla y León
34840,Cervera de Pisuerga,Palencia,Castilla y León
34844,Cervera de Pisuerga,Palencia,Castilla y León
34844,Dehesa de Montejo,Palencia,Castilla y León
34846,Cervera de Pisuerga,Palencia,Castilla y León
34846,Polentinos,Palencia,Castilla y León
34847,La Pernía,Palencia,Castilla y León
34848,La Pernía,Palencia,Castilla y León
34849,La Pernía,Palencia,Castilla y León
34850,Castrejón de la Peña,Palencia,Castilla y León
34858,Castrejón de la Peña,Palencia,Castilla y León
34859,Castrejón de la Peña,Palencia,Castilla y León
34869,Santibáñez de la Peña,Palencia,Castilla y León
34870,Respenda de la Peña,Palencia,Castilla y León
34870,Santibáñez de la Peña,Palencia,Castilla y León
34878,Congosto de Valdavia,Palencia,Castilla y León
34878,Respenda de la Peña,Palencia,Castilla y León
34878,Santibáñez de la Peña,Palencia,Castilla y León
34879,Guardo,Palencia,Castilla y León
34879,Santibáñez de la Peña,Palencia,Castilla y León
34880,Guardo,Palencia,Castilla y León
34882,Congosto de Valdavia,Palencia,Castilla y León
34886,Velilla del Río Carrión,Palencia,Castilla y León
34887,Triollo,Palencia,Castilla y León
34888,Velilla del Río Carrión,Palencia,Castilla y León
34889,Fresno del Río,Palencia,Castilla y León
34889,Guardo,Palencia,Castilla y León
34889,Mantinos,Palencia,Castilla y León
34889,Velilla del Río Carrión,Palencia,Castilla y León
34889,Villalba de Guardo,Palencia,Castilla y León
35001,Las Palmas de Gran Canaria,Las Palmas,Canarias
35002,Las Palmas de Gran Canaria,Las Palmas,Canarias
35003,Las Palmas de Gran Canaria,Las Palmas,Canarias
35004,Las Palmas de Gran Canaria,Las Palmas,Canarias
35005,Las Palmas de Gran Canaria,Las Palmas,Canarias
35006,Las Palmas de Gran Canaria,Las Palmas,Canarias
35007,Las Palmas de Gran Canaria,Las Palmas,Canarias
35008,Las Palmas de Gran Canaria,Las Palmas,Canarias
35009,Las Palmas de Gran Canaria,Las Palmas,Canarias
35010,Las Palmas de Gran Canaria,Las Palmas,Canarias
35011,Las Palmas de Gran Canaria,Las Palmas,Canarias
35012,Las Palmas de Gran Canaria,Las Palmas,Canarias
35013,Las Palmas de Gran Canaria,Las Palmas,Canarias
35014,Las Palmas de Gran Canaria,Las Palmas,Canarias
35015,Las Palmas de Gran Canaria,Las Palmas,Canarias
35016,Las Palmas de Gran Canaria,Las Palmas,Canarias
35017,Las Palmas de Gran Canaria,Las Palmas,Canarias
35017,Santa Brígida,Las Palmas,Canarias
35018,Las Palmas de Gran Canaria,Las Palmas,Canarias
35018,Teror,Las Palmas,Canarias
35019,Las Palmas de Gran Canaria,Las Palmas,Canarias
35100,San Bartolomé de Tirajana,Las Palmas,Canarias
35106,San Bartolomé de Tirajana,Las Palmas,Canarias
35107,San Bartolomé de Tirajana,Las Palmas,Canarias
35108,San Bartolomé de Tirajana,Las Palmas,Canarias
35109,San Bartolomé de Tirajana,Las Palmas,Canarias
35110,Santa Lucía de Tirajana,Las Palmas,Canarias
35118,Agüimes,Las Palmas,Canarias
35119,San Bartolomé de Tirajana,Las Palmas,Canarias
35119,Santa Lucía de Tirajana,Las Palmas,Canarias
35120,Mogán,Las Palmas,Canarias
35128,Mogán,Las Palmas,Canarias
35128,San Bartolomé de Tirajana,Las Palmas,Canarias
35129,Mogán,Las Palmas,Canarias
35130,Mogán,Las Palmas,Canarias
35138,Mogán,Las Palmas,Canarias
35139,Mogán,Las Palmas,Canarias
35140,Mogán,Las Palmas,Canarias
35149,Mogán,Las Palmas,Canarias
35200,Telde,Las Palmas,Canarias
35210,Telde,Las Palmas,Canarias
35211,Telde,Las Palmas,Canarias
35212,Telde,Las Palmas,Canarias
35213,Telde,Las Palmas,Canarias
35214,Telde,Las Palmas,Canarias
35215,Telde,Las Palmas,Canarias
35216,Valsequillo de Gran Canaria,Las Palmas,Canarias
35217,Valsequillo de Gran Canaria,Las Palmas,Canarias
35218,Telde,Las Palmas,Canarias
35219,Telde,Las Palmas,Canarias
35220,Las Palmas de Gran Canaria,Las Palmas,Canarias
35220,Telde,Las Palmas,Canarias
35229,Las Palmas de Gran Canaria,Las Palmas,Canarias
35230,Telde,Las Palmas,Canarias
35240,Ingenio,Las Palmas,Canarias
35250,Ingenio,Las Palmas,Canarias
35259,Ingenio,Las Palmas,Canarias
35260,Agüimes,Las Palmas,Canarias
35269,Agüimes,Las Palmas,Canarias
35270,Agüimes,Las Palmas,Canarias
35280,San Bartolomé de Tirajana,Las Palmas,Canarias
35280,Santa Lucía de Tirajana,Las Palmas,Canarias
35290,San Bartolomé de Tirajana,Las Palmas,Canarias
35299,San Bartolomé de Tirajana,Las Palmas,Canarias
35300,Santa Brígida,Las Palmas,Canarias
35307,Santa Brígida,Las Palmas,Canarias
35308,Santa Brígida,Las Palmas,Canarias
35309,Santa Brígida,Las Palmas,Canarias
35310,Santa Brígida,Las Palmas,Canarias
35319,Santa Brígida,Las Palmas,Canarias
35320,Vega de San Mateo,Las Palmas,Canarias
35328,Vega de San Mateo,Las Palmas,Canarias
35329,Vega de San Mateo,Las Palmas,Canarias
35330,Teror,Las Palmas,Canarias
35333,Teror,Las Palmas,Canarias
35338,Teror,Las Palmas,Canarias
35339,Teror,Las Palmas,Canarias
35340,Valleseco,Las Palmas,Canarias
35349,Valleseco,Las Palmas,Canarias
35350,Artenara,Las Palmas,Canarias
35360,Tejeda,Las Palmas,Canarias
35368,Tejeda,Las Palmas,Canarias
35369,San Bartolomé de Tirajana,Las Palmas,Canarias
35369,Tejeda,Las Palmas,Canarias
35400,Arucas,Las Palmas,Canarias
35411,Arucas,Las Palmas,Canarias
35412,Arucas,Las Palmas,Canarias
35413,Arucas,Las Palmas,Canarias
35413,Moya,Las Palmas,Canarias
35414,Arucas,Las Palmas,Canarias
35414,Moya,Las Palmas,Canarias
35414,Santa María de Guía de Gran Canaria,Las Palmas,Canarias
35415,Arucas,Las Palmas,Canarias
35420,Moya,Las Palmas,Canarias
35421,Moya,Las Palmas,Canarias
35422,Moya,Las Palmas,Canarias
35423,Moya,Las Palmas,Canarias
35430,Firgas,Las Palmas,Canarias
35431,Firgas,Las Palmas,Canarias
35432,Firgas,Las Palmas,Canarias
35450,Santa María de Guía de Gran Canaria,Las Palmas,Canarias
35457,Santa María de Guía de Gran Canaria,Las Palmas,Canarias
35458,Santa María de Guía de Gran Canaria,Las Palmas,Canarias
35459,Santa María de Guía de Gran Canaria,Las Palmas,Canarias
35460,Gáldar,Las Palmas,Canarias
35468,Agaete,Las Palmas,Canarias
35468,Gáldar,Las Palmas,Canarias
35468,Santa María de Guía de Gran Canaria,Las Palmas,Canarias
35469,Gáldar,Las Palmas,Canarias
35470,La Aldea de San Nicolás,Las Palmas,Canarias
35478,La Aldea de San Nicolás,Las Palmas,Canarias
35479,La Aldea de San Nicolás,Las Palmas,Canarias
35480,Agaete,Las Palmas,Canarias
35488,Gáldar,Las Palmas,Canarias
35489,Agaete,Las Palmas,Canarias
35500,Arrecife,Las Palmas,Canarias
35507,Teguise,Las Palmas,Canarias
35508,Teguise,Las Palmas,Canarias
35509,Arrecife,Las Palmas,Canarias
35509,San Bartolomé,Las Palmas,Canarias
35510,Tías,Las Palmas,Canarias
35520,Haría,Las Palmas,Canarias
35530,Teguise,Las Palmas,Canarias
35539,Teguise,Las Palmas,Canarias
35540,Teguise,Las Palmas,Canarias
35541,Haría,Las Palmas,Canarias
35542,Haría,Las Palmas,Canarias
35543,Haría,Las Palmas,Canarias
35544,Teguise,Las Palmas,Canarias
35550,San Bartolomé,Las Palmas,Canarias
35558,Teguise,Las Palmas,Canarias
35559,San Bartolomé,Las Palmas,Canarias
35560,Teguise,Las Palmas,Canarias
35560,Tinajo,Las Palmas,Canarias
35561,Teguise,Las Palmas,Canarias
35570,Yaiza,Las Palmas,Canarias
35571,Tías,Las Palmas,Canarias
35571,Yaiza,Las Palmas,Canarias
35572,Tías,Las Palmas,Canarias
35580,Yaiza,Las Palmas,Canarias
35600,Puerto del Rosario,Las Palmas,Canarias
35610,Antigua,Las Palmas,Canarias
35611,Puerto del Rosario,Las Palmas,Canarias
35612,Puerto del Rosario,Las Palmas,Canarias
35613,Puerto del Rosario,Las Palmas,Canarias
35620,Tuineje,Las Palmas,Canarias
35625,Pájara,Las Palmas,Canarias
35626,Pájara,Las Palmas,Canarias
35627,Pájara,Las Palmas,Canarias
35628,Pájara,Las Palmas,Canarias
35629,Tuineje,Las Palmas,Canarias
35630,Antigua,Las Palmas,Canarias
35637,Betancuria,Las Palmas,Canarias
35637,Puerto del Rosario,Las Palmas,Canarias
35638,Antigua,Las Palmas,Canarias
35638,Tuineje,Las Palmas,Canarias
35639,Antigua,Las Palmas,Canarias
35640,La Oliva,Las Palmas,Canarias
35649,La Oliva,Las Palmas,Canarias
35650,La Oliva,Las Palmas,Canarias
35660,La Oliva,Las Palmas,Canarias
36001,Pontevedra,Pontevedra,Galicia
36002,Pontevedra,Pontevedra,Galicia
36003,Pontevedra,Pontevedra,Galicia
36004,Pontevedra,Pontevedra,Galicia
36005,Pontevedra,Pontevedra,Galicia
36100,Pontevedra,Pontevedra,Galicia
36100,Vilaboa,Pontevedra,Galicia
36110,Campo Lameiro,Pontevedra,Galicia
36117,Campo Lameiro,Pontevedra,Galicia
36118,Campo Lameiro,Pontevedra,Galicia
36119,Campo Lameiro,Pontevedra,Galicia
36140,Vilaboa,Pontevedra,Galicia
36141,Vilaboa,Pontevedra,Galicia
36142,Vilaboa,Pontevedra,Galicia
36143,Pontevedra,Pontevedra,Galicia
36150,Pontevedra,Pontevedra,Galicia
36151,Pontevedra,Pontevedra,Galicia
36152,Pontevedra,Pontevedra,Galicia
36153,Pontevedra,Pontevedra,Galicia
36154,Pontevedra,Pontevedra,Galicia
36156,Pontevedra,Pontevedra,Galicia
36157,Pontevedra,Pontevedra,Galicia
36158,Pontevedra,Pontevedra,Galicia
36160,Pontevedra,Pontevedra,Galicia
36161,Pontevedra,Pontevedra,Galicia
36162,Pontevedra,Pontevedra,Galicia
36163,Poio,Pontevedra,Galicia
36164,Pontevedra,Pontevedra,Galicia
36190,Barro,Pontevedra,Galicia
36191,Barro,Pontevedra,Galicia
36192,Meis,Pontevedra,Galicia
36193,Barro,Pontevedra,Galicia
36194,Barro,Pontevedra,Galicia
36201,Vigo,Pontevedra,Galicia
36202,Vigo,Pontevedra,Galicia
36203,Vigo,Pontevedra,Galicia
36204,Vigo,Pontevedra,Galicia
36205,Vigo,Pontevedra,Galicia
36206,Vigo,Pontevedra,Galicia
36207,Vigo,Pontevedra,Galicia
36208,Vigo,Pontevedra,Galicia
36209,Vigo,Pontevedra,Galicia
36210,Vigo,Pontevedra,Galicia
36211,Vigo,Pontevedra,Galicia
36212,Vigo,Pontevedra,Galicia
36213,Vigo,Pontevedra,Galicia
36214,Vigo,Pontevedra,Galicia
36215,Vigo,Pontevedra,Galicia
36216,As Neves,Pontevedra,Galicia
36216,Redondela,Pontevedra,Galicia
36216,Vigo,Pontevedra,Galicia
36300,Baiona,Pontevedra,Galicia
36307,Baiona,Pontevedra,Galicia
36308,Baiona,Pontevedra,Galicia
36309,Baiona,Pontevedra,Galicia
36309,Oia,Pontevedra,Galicia
36310,Mos,Pontevedra,Galicia
36310,Vigo,Pontevedra,Galicia
36312,Vigo,Pontevedra,Galicia
36313,Vigo,Pontevedra,Galicia
36314,Vigo,Pontevedra,Galicia
36315,Gondomar,Pontevedra,Galicia
36315,Vigo,Pontevedra,Galicia
36316,Gondomar,Pontevedra,Galicia
36317,Vigo,Pontevedra,Galicia
36318,Vigo,Pontevedra,Galicia
36320,Redondela,Pontevedra,Galicia
36330,Vigo,Pontevedra,Galicia
36331,Vigo,Pontevedra,Galicia
36339,Vigo,Pontevedra,Galicia
36340,Nigrán,Pontevedra,Galicia
36350,Nigrán,Pontevedra,Galicia
36360,Nigrán,Pontevedra,Galicia
36370,Nigrán,Pontevedra,Galicia
36378,Gondomar,Pontevedra,Galicia
36379,Nigrán,Pontevedra,Galicia
36380,Gondomar,Pontevedra,Galicia
36388,Gondomar,Pontevedra,Galicia
36389,Gondomar,Pontevedra,Galicia
36390,Vigo,Pontevedra,Galicia
36391,Nigrán,Pontevedra,Galicia
36392,Nigrán,Pontevedra,Galicia
36392,Vigo,Pontevedra,Galicia
36393,Baiona,Pontevedra,Galicia
36400,O Porriño,Pontevedra,Galicia
36410,O Porriño,Pontevedra,Galicia
36411,O Porriño,Pontevedra,Galicia
36412,O Porriño,Pontevedra,Galicia
36413,O Porriño,Pontevedra,Galicia
36414,O Porriño,Pontevedra,Galicia
36415,Mos,Pontevedra,Galicia
36416,Mos,Pontevedra,Galicia
36417,Mos,Pontevedra,Galicia
36418,O Porriño,Pontevedra,Galicia
36419,Mos,Pontevedra,Galicia
36420,Crecente,Pontevedra,Galicia
36428,Crecente,Pontevedra,Galicia
36429,Crecente,Pontevedra,Galicia
36430,Arbo,Pontevedra,Galicia
36435,Arbo,Pontevedra,Galicia
36436,Arbo,Pontevedra,Galicia
36437,Arbo,Pontevedra,Galicia
36438,Arbo,Pontevedra,Galicia
36440,As Neves,Pontevedra,Galicia
36446,As Neves,Pontevedra,Galicia
36447,As Neves,Pontevedra,Galicia
36448,As Neves,Pontevedra,Galicia
36449,As Neves,Pontevedra,Galicia
36450,Salvaterra de Miño,Pontevedra,Galicia
36455,Salvaterra de Miño,Pontevedra,Galicia
36456,Salvaterra de Miño,Pontevedra,Galicia
36457,Salvaterra de Miño,Pontevedra,Galicia
36458,Salvaterra de Miño,Pontevedra,Galicia
36459,Salvaterra de Miño,Pontevedra,Galicia
36460,Salceda de Caselas,Pontevedra,Galicia
36470,Salceda de Caselas,Pontevedra,Galicia
36471,Salceda de Caselas,Pontevedra,Galicia
36472,Salceda de Caselas,Pontevedra,Galicia
36474,Salceda de Caselas,Pontevedra,Galicia
36475,O Porriño,Pontevedra,Galicia
36475,Salceda de Caselas,Pontevedra,Galicia
36490,Crecente,Pontevedra,Galicia
36491,Crecente,Pontevedra,Galicia
36492,Crecente,Pontevedra,Galicia
36493,Crecente,Pontevedra,Galicia
36494,Arbo,Pontevedra,Galicia
36500,Lalín,Pontevedra,Galicia
36510,Lalín,Pontevedra,Galicia
36511,Rodeiro,Pontevedra,Galicia
36512,Vila de Cruces,Pontevedra,Galicia
36514,Agolada,Pontevedra,Galicia
36514,Lalín,Pontevedra,Galicia
36515,Lalín,Pontevedra,Galicia
36516,Dozón,Pontevedra,Galicia
36516,Lalín,Pontevedra,Galicia
36517,Lalín,Pontevedra,Galicia
36518,Dozón,Pontevedra,Galicia
36518,Lalín,Pontevedra,Galicia
36519,Lalín,Pontevedra,Galicia
36520,Agolada,Pontevedra,Galicia
36524,Agolada,Pontevedra,Galicia
36525,Agolada,Pontevedra,Galicia
36526,Agolada,Pontevedra,Galicia
36527,Agolada,Pontevedra,Galicia
36528,Agolada,Pontevedra,Galicia
36529,Agolada,Pontevedra,Galicia
36529,Lalín,Pontevedra,Galicia
36530,Rodeiro,Pontevedra,Galicia
36537,Rodeiro,Pontevedra,Galicia
36538,Rodeiro,Pontevedra,Galicia
36539,Rodeiro,Pontevedra,Galicia
36540,Silleda,Pontevedra,Galicia
36542,Silleda,Pontevedra,Galicia
36543,Silleda,Pontevedra,Galicia
36544,Silleda,Pontevedra,Galicia
36545,Silleda,Pontevedra,Galicia
36546,Silleda,Pontevedra,Galicia
36547,Silleda,Pontevedra,Galicia
36548,Silleda,Pontevedra,Galicia
36550,Forcarei,Pontevedra,Galicia
36555,Forcarei,Pontevedra,Galicia
36556,Forcarei,Pontevedra,Galicia
36557,Forcarei,Pontevedra,Galicia
36558,Forcarei,Pontevedra,Galicia
36559,Forcarei,Pontevedra,Galicia
36560,Forcarei,Pontevedra,Galicia
36567,Forcarei,Pontevedra,Galicia
36568,Forcarei,Pontevedra,Galicia
36569,Forcarei,Pontevedra,Galicia
36570,Silleda,Pontevedra,Galicia
36579,Silleda,Pontevedra,Galicia
36580,Vila de Cruces,Pontevedra,Galicia
36581,Vila de Cruces,Pontevedra,Galicia
36582,Vila de Cruces,Pontevedra,Galicia
36583,Vila de Cruces,Pontevedra,Galicia
36584,A Estrada,Pontevedra,Galicia
36585,Vila de Cruces,Pontevedra,Galicia
36586,Vila de Cruces,Pontevedra,Galicia
36587,Silleda,Pontevedra,Galicia
36587,Vila de Cruces,Pontevedra,Galicia
36588,A Estrada,Pontevedra,Galicia
36589,Silleda,Pontevedra,Galicia
36590,Vila de Cruces,Pontevedra,Galicia
36596,Lalín,Pontevedra,Galicia
36597,Vila de Cruces,Pontevedra,Galicia
36598,Vila de Cruces,Pontevedra,Galicia
36599,Vila de Cruces,Pontevedra,Galicia
36600,Vilagarcía de Arousa,Pontevedra,Galicia
36610,Vilagarcía de Arousa,Pontevedra,Galicia
36611,Vilagarcía de Arousa,Pontevedra,Galicia
36612,Catoira,Pontevedra,Galicia
36613,Vilagarcía de Arousa,Pontevedra,Galicia
36614,Vilanova de Arousa,Pontevedra,Galicia
36615,Caldas de Reis,Pontevedra,Galicia
36616,Meis,Pontevedra,Galicia
36617,Vilagarcía de Arousa,Pontevedra,Galicia
36618,Vilagarcía de Arousa,Pontevedra,Galicia
36619,Vilagarcía de Arousa,Pontevedra,Galicia
36620,Vilanova de Arousa,Pontevedra,Galicia
36626,A Illa de Arousa,Pontevedra,Galicia
36627,Vilanova de Arousa,Pontevedra,Galicia
36628,Vilanova de Arousa,Pontevedra,Galicia
36629,Vilanova de Arousa,Pontevedra,Galicia
36630,Cambados,Pontevedra,Galicia
36633,Cambados,Pontevedra,Galicia
36634,Cambados,Pontevedra,Galicia
36635,Cambados,Pontevedra,Galicia
36635,Ribadumia,Pontevedra,Galicia
36636,Ribadumia,Pontevedra,Galicia
36637,Meis,Pontevedra,Galicia
36638,Meaño,Pontevedra,Galicia
36639,Cambados,Pontevedra,Galicia
36640,Pontecesures,Pontevedra,Galicia
36645,Valga,Pontevedra,Galicia
36646,Valga,Pontevedra,Galicia
36647,Valga,Pontevedra,Galicia
36648,Valga,Pontevedra,Galicia
36649,Valga,Pontevedra,Galicia
36650,Caldas de Reis,Pontevedra,Galicia
36652,Portas,Pontevedra,Galicia
36653,Caldas de Reis,Pontevedra,Galicia
36654,Caldas de Reis,Pontevedra,Galicia
36655,Caldas de Reis,Pontevedra,Galicia
36656,Caldas de Reis,Pontevedra,Galicia
36657,Portas,Pontevedra,Galicia
36658,Portas,Pontevedra,Galicia
36659,Caldas de Reis,Pontevedra,Galicia
36660,Moraña,Pontevedra,Galicia
36667,Moraña,Pontevedra,Galicia
36668,Moraña,Pontevedra,Galicia
36669,Moraña,Pontevedra,Galicia
36670,Cuntis,Pontevedra,Galicia
36675,Cuntis,Pontevedra,Galicia
36676,A Estrada,Pontevedra,Galicia
36677,Cuntis,Pontevedra,Galicia
36678,Cuntis,Pontevedra,Galicia
36679,Cuntis,Pontevedra,Galicia
36680,A Estrada,Pontevedra,Galicia
36681,A Estrada,Pontevedra,Galicia
36682,A Estrada,Pontevedra,Galicia
36683,A Estrada,Pontevedra,Galicia
36684,A Estrada,Pontevedra,Galicia
36685,A Estrada,Pontevedra,Galicia
36686,A Estrada,Pontevedra,Galicia
36687,A Estrada,Pontevedra,Galicia
36688,A Estrada,Pontevedra,Galicia
36689,A Estrada,Pontevedra,Galicia
36690,Pontevedra,Pontevedra,Galicia
36690,Soutomaior,Pontevedra,Galicia
36691,Soutomaior,Pontevedra,Galicia
36692,Barro,Pontevedra,Galicia
36693,Redondela,Pontevedra,Galicia
36700,Tui,Pontevedra,Galicia
36710,Tui,Pontevedra,Galicia
36711,Tui,Pontevedra,Galicia
36712,Tui,Pontevedra,Galicia
36713,Tui,Pontevedra,Galicia
36714,Tui,Pontevedra,Galicia
36715,Tui,Pontevedra,Galicia
36720,Tui,Pontevedra,Galicia
36721,Tui,Pontevedra,Galicia
36729,Tui,Pontevedra,Galicia
36730,Tomiño,Pontevedra,Galicia
36739,Tomiño,Pontevedra,Galicia
36740,Tomiño,Pontevedra,Galicia
36746,Tomiño,Pontevedra,Galicia
36747,Tomiño,Pontevedra,Galicia
36748,Tomiño,Pontevedra,Galicia
36749,Tomiño,Pontevedra,Galicia
36750,Tomiño,Pontevedra,Galicia
36760,O Rosal,Pontevedra,Galicia
36770,O Rosal,Pontevedra,Galicia
36779,Oia,Pontevedra,Galicia
36780,A Guarda,Pontevedra,Galicia
36788,A Guarda,Pontevedra,Galicia
36789,A Guarda,Pontevedra,Galicia
36790,Tomiño,Pontevedra,Galicia
36791,Tomiño,Pontevedra,Galicia
36792,Tomiño,Pontevedra,Galicia
36794,Oia,Pontevedra,Galicia
36800,Redondela,Pontevedra,Galicia
36810,Redondela,Pontevedra,Galicia
36811,Redondela,Pontevedra,Galicia
36812,Redondela,Pontevedra,Galicia
36813,Redondela,Pontevedra,Galicia
36814,Redondela,Pontevedra,Galicia
36815,Redondela,Pontevedra,Galicia
36816,Redondela,Pontevedra,Galicia
36817,Pazos de Borbén,Pontevedra,Galicia
36817,Redondela,Pontevedra,Galicia
36818,Redondela,Pontevedra,Galicia
36820,Ponte Caldelas,Pontevedra,Galicia
36826,Ponte Caldelas,Pontevedra,Galicia
36827,Ponte Caldelas,Pontevedra,Galicia
36828,Ponte Caldelas,Pontevedra,Galicia
36829,Ponte Caldelas,Pontevedra,Galicia
36830,A Lama,Pontevedra,Galicia
36835,A Lama,Pontevedra,Galicia
36836,A Lama,Pontevedra,Galicia
36837,A Lama,Pontevedra,Galicia
36838,A Lama,Pontevedra,Galicia
36839,A Lama,Pontevedra,Galicia
36840,Pazos de Borbén,Pontevedra,Galicia
36841,Pazos de Borbén,Pontevedra,Galicia
36842,Pazos de Borbén,Pontevedra,Galicia
36843,Pazos de Borbén,Pontevedra,Galicia
36844,Pazos de Borbén,Pontevedra,Galicia
36845,Fornelos de Montes,Pontevedra,Galicia
36846,Fornelos de Montes,Pontevedra,Galicia
36847,Fornelos de Montes,Pontevedra,Galicia
36848,Fornelos de Montes,Pontevedra,Galicia
36849,Fornelos de Montes,Pontevedra,Galicia
36851,Fornelos de Montes,Pontevedra,Galicia
36852,Fornelos de Montes,Pontevedra,Galicia
36853,A Lama,Pontevedra,Galicia
36853,Ponte Caldelas,Pontevedra,Galicia
36860,Ponteareas,Pontevedra,Galicia
36861,Ponteareas,Pontevedra,Galicia
36862,Ponteareas,Pontevedra,Galicia
36863,Ponteareas,Pontevedra,Galicia
36864,Ponteareas,Pontevedra,Galicia
36865,Ponteareas,Pontevedra,Galicia
36866,Ponteareas,Pontevedra,Galicia
36867,Ponteareas,Pontevedra,Galicia
36868,Ponteareas,Pontevedra,Galicia
36868,Salvaterra de Miño,Pontevedra,Galicia
36869,Ponteareas,Pontevedra,Galicia
36870,Mondariz,Pontevedra,Galicia
36872,Covelo,Pontevedra,Galicia
36873,Covelo,Pontevedra,Galicia
36874,Mondariz,Pontevedra,Galicia
36875,Mondariz,Pontevedra,Galicia
36876,Covelo,Pontevedra,Galicia
36876,Mondariz,Pontevedra,Galicia
36877,Covelo,Pontevedra,Galicia
36877,Mondariz,Pontevedra,Galicia
36878,Covelo,Pontevedra,Galicia
36878,Mondariz,Pontevedra,Galicia
36879,Mondariz,Pontevedra,Galicia
36880,A Cañiza,Pontevedra,Galicia
36883,A Cañiza,Pontevedra,Galicia
36884,A Cañiza,Pontevedra,Galicia
36885,A Cañiza,Pontevedra,Galicia
36886,A Cañiza,Pontevedra,Galicia
36887,A Cañiza,Pontevedra,Galicia
36888,A Cañiza,Pontevedra,Galicia
36889,A Cañiza,Pontevedra,Galicia
36889,Covelo,Pontevedra,Galicia
36890,Mondariz-Balneario,Pontevedra,Galicia
36891,Ponteareas,Pontevedra,Galicia
36892,Ponteareas,Pontevedra,Galicia
36893,Ponteareas,Pontevedra,Galicia
36895,Ponteareas,Pontevedra,Galicia
36900,Marín,Pontevedra,Galicia
36910,Pontevedra,Pontevedra,Galicia
36911,Marín,Pontevedra,Galicia
36912,Marín,Pontevedra,Galicia
36913,Marín,Pontevedra,Galicia
36914,Marín,Pontevedra,Galicia
36915,Marín,Pontevedra,Galicia
36920,Marín,Pontevedra,Galicia
36930,Bueu,Pontevedra,Galicia
36937,Bueu,Pontevedra,Galicia
36938,Bueu,Pontevedra,Galicia
36939,Bueu,Pontevedra,Galicia
36940,Cangas,Pontevedra,Galicia
36945,Cangas,Pontevedra,Galicia
36946,Cangas,Pontevedra,Galicia
36947,Cangas,Pontevedra,Galicia
36949,Cangas,Pontevedra,Galicia
36950,Moaña,Pontevedra,Galicia
36954,Moaña,Pontevedra,Galicia
36955,Moaña,Pontevedra,Galicia
36957,Moaña,Pontevedra,Galicia
36958,Moaña,Pontevedra,Galicia
36959,Moaña,Pontevedra,Galicia
36960,Sanxenxo,Pontevedra,Galicia
36966,Sanxenxo,Pontevedra,Galicia
36967,Meaño,Pontevedra,Galicia
36968,Meaño,Pontevedra,Galicia
36969,Meaño,Pontevedra,Galicia
36969,Sanxenxo,Pontevedra,Galicia
36970,Sanxenxo,Pontevedra,Galicia
36979,Sanxenxo,Pontevedra,Galicia
36980,O Grove,Pontevedra,Galicia
36988,O Grove,Pontevedra,Galicia
36989,O Grove,Pontevedra,Galicia
36990,Sanxenxo,Pontevedra,Galicia
36991,O Grove,Pontevedra,Galicia
36992,Poio,Pontevedra,Galicia
36993,Poio,Pontevedra,Galicia
36995,Poio,Pontevedra,Galicia
37001,Salamanca,Salamanca,Castilla y León
37002,Salamanca,Salamanca,Castilla y León
37003,Salamanca,Salamanca,Castilla y León
37004,Salamanca,Salamanca,Castilla y León
37005,Salamanca,Salamanca,Castilla y León
37006,Salamanca,Salamanca,Castilla y León
37007,Salamanca,Salamanca,Castilla y León
37008,Carbajosa de la Sagrada,Salamanca,Castilla y León
37008,Salamanca,Salamanca,Castilla y León
37009,Salamanca,Salamanca,Castilla y León
37100,Ledesma,Salamanca,Castilla y León
37110,Aldearrodrigo,Salamanca,Castilla y León
37110,El Arco,Salamanca,Castilla y León
37110,San Pelayo de Guareña,Salamanca,Castilla y León
37110,Santiz,Salamanca,Castilla y León
37110,Torresmenudas,Salamanca,Castilla y León
37110,Zamayón,Salamanca,Castilla y León
37111,Añover de Tormes,Salamanca,Castilla y León
37111,Palacios del Arzobispo,Salamanca,Castilla y León
37111,San Pelayo de Guareña,Salamanca,Castilla y León
37114,Doñinos de Ledesma,Salamanca,Castilla y León
37114,Encina de San Silvestre,Salamanca,Castilla y León
37114,Gejuelo del Barro,Salamanca,Castilla y León
37114,Ledesma,Salamanca,Castilla y León
37114,Villaseco de los Gamitos,Salamanca,Castilla y León
37115,Almenara de Tormes,Salamanca,Castilla y León
37115,Juzbado,Salamanca,Castilla y León
37115,Ledesma,Salamanca,Castilla y León
37115,Valverdón,Salamanca,Castilla y León
37115,Vega de Tirados,Salamanca,Castilla y León
37115,Villarmayor,Salamanca,Castilla y León
37116,Ledesma,Salamanca,Castilla y León
37120,Carrascal de Barregas,Salamanca,Castilla y León
37120,Doñinos de Salamanca,Salamanca,Castilla y León
37129,Carrascal de Barregas,Salamanca,Castilla y León
37129,Doñinos de Salamanca,Salamanca,Castilla y León
37129,Florida de Liébana,Salamanca,Castilla y León
37129,Galindo y Perahuy,Salamanca,Castilla y León
37129,Parada de Arriba,Salamanca,Castilla y León
37130,Canillas de Abajo,Salamanca,Castilla y León
37130,Doñinos de Ledesma,Salamanca,Castilla y León
37130,La Mata de Ledesma,Salamanca,Castilla y León
37130,Robliza de Cojos,Salamanca,Castilla y León
37130,Tabera de Abajo,Salamanca,Castilla y León
37130,Villarmayor,Salamanca,Castilla y León
37140,Villaseco de los Reyes,Salamanca,Castilla y León
37147,Villar de Peralonso,Salamanca,Castilla y León
37148,Espadaña,Salamanca,Castilla y León
37148,Tremedal de Tormes,Salamanca,Castilla y León
37148,Villar de Peralonso,Salamanca,Castilla y León
37149,Tremedal de Tormes,Salamanca,Castilla y León
37150,Villaseco de los Reyes,Salamanca,Castilla y León
37159,Puertas,Salamanca,Castilla y León
37159,Villaseco de los Reyes,Salamanca,Castilla y León
37160,Villarino de los Aires,Salamanca,Castilla y León
37170,Carrascal de Barregas,Salamanca,Castilla y León
37170,Golpejas,Salamanca,Castilla y León
37170,La Mata de Ledesma,Salamanca,Castilla y León
37170,El Pino de Tormes,Salamanca,Castilla y León
37170,San Pedro del Valle,Salamanca,Castilla y León
37170,Vega de Tirados,Salamanca,Castilla y León
37170,Villarmayor,Salamanca,Castilla y León
37170,Zarapicos,Salamanca,Castilla y León
37171,El Manzano,Salamanca,Castilla y León
37171,Monleras,Salamanca,Castilla y León
37172,Sardón de los Frailes,Salamanca,Castilla y León
37173,Ahigal de Villarino,Salamanca,Castilla y León
37173,Trabanca,Salamanca,Castilla y León
37174,Villarino de los Aires,Salamanca,Castilla y León
37175,Pereña de la Ribera,Salamanca,Castilla y León
37176,Almendra,Salamanca,Castilla y León
37181,Calvarrasa de Abajo,Salamanca,Castilla y León
37181,Pelabravo,Salamanca,Castilla y León
37183,Morille,Salamanca,Castilla y León
37183,Mozárbez,Salamanca,Castilla y León
37183,San Pedro de Rozados,Salamanca,Castilla y León
37184,Villares de la Reina,Salamanca,Castilla y León
37185,Castellanos de Villiquera,Salamanca,Castilla y León
37185,Valverdón,Salamanca,Castilla y León
37185,Villamayor,Salamanca,Castilla y León
37186,Aldeatejada,Salamanca,Castilla y León
37186,Barbadillo,Salamanca,Castilla y León
37186,Mozárbez,Salamanca,Castilla y León
37186,San Pedro de Rozados,Salamanca,Castilla y León
37187,Aldeatejada,Salamanca,Castilla y León
37187,Miranda de Azán,Salamanca,Castilla y León
37188,Arapiles,Salamanca,Castilla y León
37188,Carbajosa de la Sagrada,Salamanca,Castilla y León
37189,Villares de la Reina,Salamanca,Castilla y León
37190,Terradillos,Salamanca,Castilla y León
37191,Calvarrasa de Arriba,Salamanca,Castilla y León
37191,Carbajosa de la Sagrada,Salamanca,Castilla y León
37192,Aldeatejada,Salamanca,Castilla y León
37192,Carrascal de Barregas,Salamanca,Castilla y León
37193,Cabrerizos,Salamanca,Castilla y León
37200,La Fuente de San Esteban,Salamanca,Castilla y León
37208,La Fuente de San Esteban,Salamanca,Castilla y León
37208,San Muñoz,Salamanca,Castilla y León
37209,Buenamadre,Salamanca,Castilla y León
37209,Garcirrey,Salamanca,Castilla y León
37209,Pelarrodríguez,Salamanca,Castilla y León
37210,Vitigudino,Salamanca,Castilla y León
37214,Cabeza del Caballo,Salamanca,Castilla y León
37214,La Peña,Salamanca,Castilla y León
37214,Valsalabroso,Salamanca,Castilla y León
37214,La Vídola,Salamanca,Castilla y León
37216,Cipérez,Salamanca,Castilla y León
37216,Moronta,Salamanca,Castilla y León
37216,Peralejos de Abajo,Salamanca,Castilla y León
37216,Peralejos de Arriba,Salamanca,Castilla y León
37216,Pozos de Hinojo,Salamanca,Castilla y León
37217,Barceo,Salamanca,Castilla y León
37217,Brincones,Salamanca,Castilla y León
37217,Iruelos,Salamanca,Castilla y León
37217,Sanchón de la Ribera,Salamanca,Castilla y León
37217,Valsalabroso,Salamanca,Castilla y León
37217,Villar de Samaniego,Salamanca,Castilla y León
37217,Villarmuerto,Salamanca,Castilla y León
37219,Guadramiro,Salamanca,Castilla y León
37219,Yecla de Yeltes,Salamanca,Castilla y León
37220,La Fregeneda,Salamanca,Castilla y León
37230,Hinojosa de Duero,Salamanca,Castilla y León
37240,Lumbrales,Salamanca,Castilla y León
37246,Sobradillo,Salamanca,Castilla y León
37247,La Redonda,Salamanca,Castilla y León
37248,Ahigal de los Aceiteros,Salamanca,Castilla y León
37250,Aldeadávila de la Ribera,Salamanca,Castilla y León
37251,Aldeadávila de la Ribera,Salamanca,Castilla y León
37251,Masueco,Salamanca,Castilla y León
37253,Aldeadávila de la Ribera,Salamanca,Castilla y León
37253,Cerezal de Peñahorcada,Salamanca,Castilla y León
37253,La Zarza de Pumareda,Salamanca,Castilla y León
37254,Mieza,Salamanca,Castilla y León
37255,Barruecopardo,Salamanca,Castilla y León
37256,Encinasola de los Comendadores,Salamanca,Castilla y León
37256,El Milano,Salamanca,Castilla y León
37256,Valderrodrigo,Salamanca,Castilla y León
37256,Villasbuenas,Salamanca,Castilla y León
37257,Saucelle,Salamanca,Castilla y León
37258,Vilvestre,Salamanca,Castilla y León
37259,Saldeana,Salamanca,Castilla y León
37260,Villavieja de Yeltes,Salamanca,Castilla y León
37267,Villares de Yeltes,Salamanca,Castilla y León
37270,San Felices de los Gallegos,Salamanca,Castilla y León
37271,Bañobárez,Salamanca,Castilla y León
37281,El Cubo de Don Sancho,Salamanca,Castilla y León
37281,Pozos de Hinojo,Salamanca,Castilla y León
37290,Boada,Salamanca,Castilla y León
37290,El Cubo de Don Sancho,Salamanca,Castilla y León
37291,Bermellar,Salamanca,Castilla y León
37291,Bogajo,Salamanca,Castilla y León
37291,Cerralbo,Salamanca,Castilla y León
37291,Fuenteliante,Salamanca,Castilla y León
37291,Olmedo de Camaces,Salamanca,Castilla y León
37292,Olmedo de Camaces,Salamanca,Castilla y León
37300,Peñaranda de Bracamonte,Salamanca,Castilla y León
37310,Macotera,Salamanca,Castilla y León
37311,Santiago de la Puebla,Salamanca,Castilla y León
37312,Alaraz,Salamanca,Castilla y León
37313,Malpartida,Salamanca,Castilla y León
37314,Salmoral,Salamanca,Castilla y León
37315,Mancera de Abajo,Salamanca,Castilla y León
37316,Bóveda del Río Almar,Salamanca,Castilla y León
37317,Aldeaseca de la Frontera,Salamanca,Castilla y León
37317,El Campo de Peñaranda,Salamanca,Castilla y León
37318,Paradinas de San Juan,Salamanca,Castilla y León
37318,Rágama,Salamanca,Castilla y León
37319,Cantaracillo,Salamanca,Castilla y León
37320,Villar de Gallimazo,Salamanca,Castilla y León
37329,Alconada,Salamanca,Castilla y León
37329,Ventosa del Río Almar,Salamanca,Castilla y León
37330,Babilafuente,Salamanca,Castilla y León
37336,Huerta,Salamanca,Castilla y León
37337,Cordovilla,Salamanca,Castilla y León
37337,Moríñigo,Salamanca,Castilla y León
37338,Villoruela,Salamanca,Castilla y León
37339,Villoria,Salamanca,Castilla y León
37340,Aldearrubia,Salamanca,Castilla y León
37340,San Morales,Salamanca,Castilla y León
37350,Aldealengua,Salamanca,Castilla y León
37400,Cantalapiedra,Salamanca,Castilla y León
37405,Cantalpino,Salamanca,Castilla y León
37406,Palaciosrubios,Salamanca,Castilla y León
37406,Poveda de las Cintas,Salamanca,Castilla y León
37406,Villaflores,Salamanca,Castilla y León
37408,Zorita de la Frontera,Salamanca,Castilla y León
37409,Tarazona de Guareña,Salamanca,Castilla y León
37410,El Pedroso de la Armuña,Salamanca,Castilla y León
37418,Arabayona de Mógica,Salamanca,Castilla y León
37419,Espino de la Orbada,Salamanca,Castilla y León
37419,Parada de Rubiales,Salamanca,Castilla y León
37420,Gomecello,Salamanca,Castilla y León
37426,Negrilla de Palencia,Salamanca,Castilla y León
37426,Palencia de Negrilla,Salamanca,Castilla y León
37427,Pedrosillo el Ralo,Salamanca,Castilla y León
37427,La Vellés,Salamanca,Castilla y León
37428,La Orbada,Salamanca,Castilla y León
37428,Pajares de la Laguna,Salamanca,Castilla y León
37428,Villaverde de Guareña,Salamanca,Castilla y León
37429,Aldeanueva de Figueroa,Salamanca,Castilla y León
37429,Arcediano,Salamanca,Castilla y León
37429,Tardáguila,Salamanca,Castilla y León
37430,Moriscos,Salamanca,Castilla y León
37439,Castellanos de Moriscos,Salamanca,Castilla y León
37439,San Cristóbal de la Cuesta,Salamanca,Castilla y León
37440,Barbadillo,Salamanca,Castilla y León
37440,Calzada de Don Diego,Salamanca,Castilla y León
37440,Carrascal de Barregas,Salamanca,Castilla y León
37440,Doñinos de Salamanca,Salamanca,Castilla y León
37440,San Pedro de Rozados,Salamanca,Castilla y León
37446,Villalba de los Llanos,Salamanca,Castilla y León
37447,Rollán,Salamanca,Castilla y León
37448,Calzada de Don Diego,Salamanca,Castilla y León
37448,Canillas de Abajo,Salamanca,Castilla y León
37449,Carrascal de Barregas,Salamanca,Castilla y León
37449,Galindo y Perahuy,Salamanca,Castilla y León
37449,Parada de Arriba,Salamanca,Castilla y León
37450,Matilla de los Caños del Río,Salamanca,Castilla y León
37451,Carrascal del Obispo,Salamanca,Castilla y León
37452,Narros de Matalayegua,Salamanca,Castilla y León
37452,Vecinos,Salamanca,Castilla y León
37452,Las Veguillas,Salamanca,Castilla y León
37453,Matilla de los Caños del Río,Salamanca,Castilla y León
37453,San Pedro de Rozados,Salamanca,Castilla y León
37453,Vecinos,Salamanca,Castilla y León
37454,Las Veguillas,Salamanca,Castilla y León
37455,San Pedro de Rozados,Salamanca,Castilla y León
37455,Las Veguillas,Salamanca,Castilla y León
37456,Vecinos,Salamanca,Castilla y León
37456,Las Veguillas,Salamanca,Castilla y León
37460,Aldehuela de la Bóveda,Salamanca,Castilla y León
37460,Garcirrey,Salamanca,Castilla y León
37460,Sando,Salamanca,Castilla y León
37460,Tabera de Abajo,Salamanca,Castilla y León
37465,La Sagrada,Salamanca,Castilla y León
37466,Aldehuela de la Bóveda,Salamanca,Castilla y León
37466,Sanchón de la Sagrada,Salamanca,Castilla y León
37468,Cipérez,Salamanca,Castilla y León
37468,Sando,Salamanca,Castilla y León
37468,Santa María de Sando,Salamanca,Castilla y León
37468,Villasdardo,Salamanca,Castilla y León
37470,Castillejo de Martín Viejo,Salamanca,Castilla y León
37470,Sancti-Spíritus,Salamanca,Castilla y León
37478,Alba de Yeltes,Salamanca,Castilla y León
37478,Dios le Guarde,Salamanca,Castilla y León
37480,Fuentes de Oñoro,Salamanca,Castilla y León
37481,Fuentes de Oñoro,Salamanca,Castilla y León
37488,Aldea del Obispo,Salamanca,Castilla y León
37488,La Bouza,Salamanca,Castilla y León
37488,Puerto Seguro,Salamanca,Castilla y León
37488,Villar de Ciervo,Salamanca,Castilla y León
37488,Villar de la Yegua,Salamanca,Castilla y León
37490,Cabezabellosa de la Calzada,Salamanca,Castilla y León
37490,Pitiegua,Salamanca,Castilla y León
37492,Robliza de Cojos,Salamanca,Castilla y León
37493,Buenamadre,Salamanca,Castilla y León
37493,La Fuente de San Esteban,Salamanca,Castilla y León
37493,Pelarrodríguez,Salamanca,Castilla y León
37494,Martín de Yeltes,Salamanca,Castilla y León
37495,Retortillo,Salamanca,Castilla y León
37496,Castraz,Salamanca,Castilla y León
37496,Martín de Yeltes,Salamanca,Castilla y León
37497,La Alameda de Gardón,Salamanca,Castilla y León
37497,Carpio de Azaba,Salamanca,Castilla y León
37497,Espeja,Salamanca,Castilla y León
37497,Gallegos de Argañán,Salamanca,Castilla y León
37497,Villar de Argañán,Salamanca,Castilla y León
37497,Villar de la Yegua,Salamanca,Castilla y León
37500,Ciudad Rodrigo,Salamanca,Castilla y León
37510,Agallas,Salamanca,Castilla y León
37510,Herguijuela de Ciudad Rodrigo,Salamanca,Castilla y León
37510,Martiago,Salamanca,Castilla y León
37510,Pastores,Salamanca,Castilla y León
37510,El Sahugo,Salamanca,Castilla y León
37510,Zamarra,Salamanca,Castilla y León
37515,La Encina,Salamanca,Castilla y León
37516,Herguijuela de Ciudad Rodrigo,Salamanca,Castilla y León
37520,El Bodón,Salamanca,Castilla y León
37521,Robleda,Salamanca,Castilla y León
37522,Villasrubias,Salamanca,Castilla y León
37523,Peñaparda,Salamanca,Castilla y León
37524,El Payo,Salamanca,Castilla y León
37530,Serradilla del Llano,Salamanca,Castilla y León
37531,Serradilla del Arroyo,Salamanca,Castilla y León
37532,Monsagro,Salamanca,Castilla y León
37540,Fuenteguinaldo,Salamanca,Castilla y León
37541,Casillas de Flores,Salamanca,Castilla y León
37542,Navasfrías,Salamanca,Castilla y León
37550,Campillo de Azaba,Salamanca,Castilla y León
37551,Ituero de Azaba,Salamanca,Castilla y León
37552,Puebla de Azaba,Salamanca,Castilla y León
37553,Puebla de Azaba,Salamanca,Castilla y León
37554,La Alamedilla,Salamanca,Castilla y León
37555,La Alberguería de Argañán,Salamanca,Castilla y León
37589,Tenebrón,Salamanca,Castilla y León
37590,Morasverdes,Salamanca,Castilla y León
37591,La Atalaya,Salamanca,Castilla y León
37591,Ciudad Rodrigo,Salamanca,Castilla y León
37591,Zamarra,Salamanca,Castilla y León
37592,Castillejo de Martín Viejo,Salamanca,Castilla y León
37592,Saelices el Chico,Salamanca,Castilla y León
37593,Ciudad Rodrigo,Salamanca,Castilla y León
37594,Ciudad Rodrigo,Salamanca,Castilla y León
37595,Ciudad Rodrigo,Salamanca,Castilla y León
37596,Serradilla del Arroyo,Salamanca,Castilla y León
37600,Tamames,Salamanca,Castilla y León
37606,Puebla de Yeltes,Salamanca,Castilla y León
37607,Barbalos,Salamanca,Castilla y León
37607,Navarredonda de la Rinconada,Salamanca,Castilla y León
37607,La Rinconada de la Sierra,Salamanca,Castilla y León
37607,Tejeda y Segoyuela,Salamanca,Castilla y León
37609,Berrocal de Huebra,Salamanca,Castilla y León
37609,Carrascal del Obispo,Salamanca,Castilla y León
37609,Narros de Matalayegua,Salamanca,Castilla y León
37609,Tamames,Salamanca,Castilla y León
37610,Mogarraz,Salamanca,Castilla y León
37617,Herguijuela de la Sierra,Salamanca,Castilla y León
37618,Monforte de la Sierra,Salamanca,Castilla y León
37619,Herguijuela de la Sierra,Salamanca,Castilla y León
37619,Madroñal,Salamanca,Castilla y León
37621,Aldeanueva de la Sierra,Salamanca,Castilla y León
37621,La Bastida,Salamanca,Castilla y León
37621,El Cabaco,Salamanca,Castilla y León
37621,Cereceda de la Sierra,Salamanca,Castilla y León
37621,Cilleros de la Bastida,Salamanca,Castilla y León
37621,El Maíllo,Salamanca,Castilla y León
37624,La Alberca,Salamanca,Castilla y León
37630,Cabrillas,Salamanca,Castilla y León
37638,Sepulcro-Hilario,Salamanca,Castilla y León
37639,Aldehuela de Yeltes,Salamanca,Castilla y León
37640,Abusejo,Salamanca,Castilla y León
37650,Sequeros,Salamanca,Castilla y León
37656,Cepeda,Salamanca,Castilla y León
37657,Sotoserrano,Salamanca,Castilla y León
37658,Garcibuey,Salamanca,Castilla y León
37658,Villanueva del Conde,Salamanca,Castilla y León
37659,San Miguel del Robledo,Salamanca,Castilla y León
37659,Las Casas del Conde,Salamanca,Castilla y León
37659,Nava de Francia,Salamanca,Castilla y León
37659,San Martín del Castañar,Salamanca,Castilla y León
37660,Miranda del Castañar,Salamanca,Castilla y León
37670,Santibáñez de la Sierra,Salamanca,Castilla y León
37671,San Esteban de la Sierra,Salamanca,Castilla y León
37680,Valdefuentes de Sangusín,Salamanca,Castilla y León
37682,Santibáñez de la Sierra,Salamanca,Castilla y León
37683,Molinillo,Salamanca,Castilla y León
37684,Cristóbal,Salamanca,Castilla y León
37690,La Fuente de San Esteban,Salamanca,Castilla y León
37700,Béjar,Salamanca,Castilla y León
37710,Candelario,Salamanca,Castilla y León
37711,Colmenar de Montemayor,Salamanca,Castilla y León
37712,Horcajo de Montemayor,Salamanca,Castilla y León
37712,Pinedas,Salamanca,Castilla y León
37713,Valdehijaderos,Salamanca,Castilla y León
37714,La Calzada de Béjar,Salamanca,Castilla y León
37716,Cantagallo,Salamanca,Castilla y León
37716,La Hoya,Salamanca,Castilla y León
37716,Navacarros,Salamanca,Castilla y León
37717,Béjar,Salamanca,Castilla y León
37717,Vallejera de Riofrío,Salamanca,Castilla y León
37718,Aldeacipreste,Salamanca,Castilla y León
37720,El Cerro,Salamanca,Castilla y León
37720,Puerto de Béjar,Salamanca,Castilla y León
37724,El Cerro,Salamanca,Castilla y León
37724,Lagunilla,Salamanca,Castilla y León
37724,Valdelageve,Salamanca,Castilla y León
37727,Montemayor del Río,Salamanca,Castilla y León
37727,Peñacaballera,Salamanca,Castilla y León
37730,Ledrada,Salamanca,Castilla y León
37740,Santibáñez de Béjar,Salamanca,Castilla y León
37748,Puente del Congosto,Salamanca,Castilla y León
37749,Navamorales,Salamanca,Castilla y León
37749,El Tejado,Salamanca,Castilla y León
37750,Cespedosa de Tormes,Salamanca,Castilla y León
37750,Puente del Congosto,Salamanca,Castilla y León
37751,Gallegos de Solmirón,Salamanca,Castilla y León
37752,La Tala,Salamanca,Castilla y León
37753,Armenteros,Salamanca,Castilla y León
37754,Armenteros,Salamanca,Castilla y León
37755,Armenteros,Salamanca,Castilla y León
37756,Armenteros,Salamanca,Castilla y León
37759,Herguijuela del Campo,Salamanca,Castilla y León
37759,Membribe de la Sierra,Salamanca,Castilla y León
37759,La Sierpe,Salamanca,Castilla y León
37760,Linares de Riofrío,Salamanca,Castilla y León
37762,Escurial de la Sierra,Salamanca,Castilla y León
37763,San Miguel de Valero,Salamanca,Castilla y León
37764,Valero,Salamanca,Castilla y León
37765,Endrinal,Salamanca,Castilla y León
37765,Monleón,Salamanca,Castilla y León
37765,El Tornadizo,Salamanca,Castilla y León
37766,Endrinal,Salamanca,Castilla y León
37766,Frades de la Sierra,Salamanca,Castilla y León
37766,Membribe de la Sierra,Salamanca,Castilla y León
37767,Casafranca,Salamanca,Castilla y León
37768,Fuenterroble de Salvatierra,Salamanca,Castilla y León
37768,Los Santos,Salamanca,Castilla y León
37770,Guijuelo,Salamanca,Castilla y León
37773,La Cabeza de Béjar,Salamanca,Castilla y León
37774,Guijo de Ávila,Salamanca,Castilla y León
37775,Fresnedoso,Salamanca,Castilla y León
37776,Nava de Béjar,Salamanca,Castilla y León
37777,Sorihuela,Salamanca,Castilla y León
37778,Guijuelo,Salamanca,Castilla y León
37779,Aldeavieja de Tormes,Salamanca,Castilla y León
37779,Salvatierra de Tormes,Salamanca,Castilla y León
37780,La Maya,Salamanca,Castilla y León
37781,Monterrubio de la Sierra,Salamanca,Castilla y León
37785,Galinduste,Salamanca,Castilla y León
37786,Galinduste,Salamanca,Castilla y León
37787,Montejo,Salamanca,Castilla y León
37787,Pelayos,Salamanca,Castilla y León
37788,Pedrosillo de los Aires,Salamanca,Castilla y León
37789,Beleña,Salamanca,Castilla y León
37789,Buenavista,Salamanca,Castilla y León
37789,Fresno Alhándiga,Salamanca,Castilla y León
37790,Fuentes de Béjar,Salamanca,Castilla y León
37791,Peromingo,Salamanca,Castilla y León
37791,Puebla de San Medel,Salamanca,Castilla y León
37791,Valdelacasa,Salamanca,Castilla y León
37791,Valverde de Valdelacasa,Salamanca,Castilla y León
37792,Pedrosillo de los Aires,Salamanca,Castilla y León
37793,Béjar,Salamanca,Castilla y León
37794,Navalmoral de Béjar,Salamanca,Castilla y León
37794,Sanchotello,Salamanca,Castilla y León
37795,Berrocal de Salvatierra,Salamanca,Castilla y León
37795,Guijuelo,Salamanca,Castilla y León
37795,Montejo,Salamanca,Castilla y León
37795,Pizarral,Salamanca,Castilla y León
37796,Arapiles,Salamanca,Castilla y León
37796,Mozárbez,Salamanca,Castilla y León
37797,Calzada de Valdunciel,Salamanca,Castilla y León
37797,Castellanos de Villiquera,Salamanca,Castilla y León
37798,Castellanos de Villiquera,Salamanca,Castilla y León
37798,Monterrubio de Armuña,Salamanca,Castilla y León
37798,Valdunciel,Salamanca,Castilla y León
37799,Forfoleda,Salamanca,Castilla y León
37799,Topas,Salamanca,Castilla y León
37799,Valdelosa,Salamanca,Castilla y León
37799,Valdunciel,Salamanca,Castilla y León
37800,Alba de Tormes,Salamanca,Castilla y León
37810,Garcihernández,Salamanca,Castilla y León
37820,Peñarandilla,Salamanca,Castilla y León
37830,Coca de Alba,Salamanca,Castilla y León
37840,Tordillos,Salamanca,Castilla y León
37850,Nava de Sotrobal,Salamanca,Castilla y León
37860,Horcajo Medianero,Salamanca,Castilla y León
37861,Chagarcía Medianero,Salamanca,Castilla y León
37863,Anaya de Alba,Salamanca,Castilla y León
37864,Anaya de Alba,Salamanca,Castilla y León
37865,Larrodrigo,Salamanca,Castilla y León
37870,Aldeaseca de Alba,Salamanca,Castilla y León
37871,Pedrosillo de Alba,Salamanca,Castilla y León
37873,Gajates,Salamanca,Castilla y León
37874,Encinas de Abajo,Salamanca,Castilla y León
37874,Gajates,Salamanca,Castilla y León
37874,Garcihernández,Salamanca,Castilla y León
37881,Valdecarros,Salamanca,Castilla y León
37882,Alba de Tormes,Salamanca,Castilla y León
37882,Navales,Salamanca,Castilla y León
37882,Pedraza de Alba,Salamanca,Castilla y León
37882,Terradillos,Salamanca,Castilla y León
37890,Alba de Tormes,Salamanca,Castilla y León
37891,Éjeme,Salamanca,Castilla y León
37891,Galisancho,Salamanca,Castilla y León
37891,Martinamor,Salamanca,Castilla y León
37891,Pelayos,Salamanca,Castilla y León
37891,Valdemierque,Salamanca,Castilla y León
37892,Alba de Tormes,Salamanca,Castilla y León
37892,Encinas de Arriba,Salamanca,Castilla y León
37892,Sieteiglesias de Tormes,Salamanca,Castilla y León
37893,Alba de Tormes,Salamanca,Castilla y León
37893,Encinas de Abajo,Salamanca,Castilla y León
37893,Machacón,Salamanca,Castilla y León
37893,Terradillos,Salamanca,Castilla y León
37893,Villagonzalo de Tormes,Salamanca,Castilla y León
37894,Machacón,Salamanca,Castilla y León
37894,Villagonzalo de Tormes,Salamanca,Castilla y León
37900,Santa Marta de Tormes,Salamanca,Castilla y León
38001,Santa Cruz de Tenerife,Santa Cruz de Tenerife,Canarias
38002,Santa Cruz de Tenerife,Santa Cruz de Tenerife,Canarias
38003,Santa Cruz de Tenerife,Santa Cruz de Tenerife,Canarias
38004,Santa Cruz de Tenerife,Santa Cruz de Tenerife,Canarias
38005,Santa Cruz de Tenerife,Santa Cruz de Tenerife,Canarias
38006,Santa Cruz de Tenerife,Santa Cruz de Tenerife,Canarias
38007,Santa Cruz de Tenerife,Santa Cruz de Tenerife,Canarias
38008,Santa Cruz de Tenerife,Santa Cruz de Tenerife,Canarias
38009,Santa Cruz de Tenerife,Santa Cruz de Tenerife,Canarias
38010,Santa Cruz de Tenerife,Santa Cruz de Tenerife,Canarias
38107,Santa Cruz de Tenerife,Santa Cruz de Tenerife,Canarias
38108,San Cristóbal de La Laguna,Santa Cruz de Tenerife,Canarias
38109,El Rosario,Santa Cruz de Tenerife,Canarias
38110,Santa Cruz de Tenerife,Santa Cruz de Tenerife,Canarias
38111,Santa Cruz de Tenerife,Santa Cruz de Tenerife,Canarias
38120,Santa Cruz de Tenerife,Santa Cruz de Tenerife,Canarias
38129,Santa Cruz de Tenerife,Santa Cruz de Tenerife,Canarias
38130,Santa Cruz de Tenerife,Santa Cruz de Tenerife,Canarias
38139,Santa Cruz de Tenerife,Santa Cruz de Tenerife,Canarias
38140,Santa Cruz de Tenerife,Santa Cruz de Tenerife,Canarias
38150,Santa Cruz de Tenerife,Santa Cruz de Tenerife,Canarias
38160,Santa Cruz de Tenerife,Santa Cruz de Tenerife,Canarias
38170,Santa Cruz de Tenerife,Santa Cruz de Tenerife,Canarias
38180,Santa Cruz de Tenerife,Santa Cruz de Tenerife,Canarias
38190,El Rosario,Santa Cruz de Tenerife,Canarias
38201,San Cristóbal de La Laguna,Santa Cruz de Tenerife,Canarias
38202,San Cristóbal de La Laguna,Santa Cruz de Tenerife,Canarias
38203,San Cristóbal de La Laguna,Santa Cruz de Tenerife,Canarias
38204,San Cristóbal de La Laguna,Santa Cruz de Tenerife,Canarias
38205,San Cristóbal de La Laguna,Santa Cruz de Tenerife,Canarias
38206,San Cristóbal de La Laguna,Santa Cruz de Tenerife,Canarias
38207,San Cristóbal de La Laguna,Santa Cruz de Tenerife,Canarias
38208,San Cristóbal de La Laguna,Santa Cruz de Tenerife,Canarias
38240,San Cristóbal de La Laguna,Santa Cruz de Tenerife,Canarias
38250,San Cristóbal de La Laguna,Santa Cruz de Tenerife,Canarias
38260,San Cristóbal de La Laguna,Santa Cruz de Tenerife,Canarias
38270,San Cristóbal de La Laguna,Santa Cruz de Tenerife,Canarias
38280,Tegueste,Santa Cruz de Tenerife,Canarias
38290,El Rosario,Santa Cruz de Tenerife,Canarias
38291,San Cristóbal de La Laguna,Santa Cruz de Tenerife,Canarias
38292,Tegueste,Santa Cruz de Tenerife,Canarias
38293,San Cristóbal de La Laguna,Santa Cruz de Tenerife,Canarias
38293,Tegueste,Santa Cruz de Tenerife,Canarias
38294,San Cristóbal de La Laguna,Santa Cruz de Tenerife,Canarias
38294,Santa Cruz de Tenerife,Santa Cruz de Tenerife,Canarias
38296,San Cristóbal de La Laguna,Santa Cruz de Tenerife,Canarias
38297,San Cristóbal de La Laguna,Santa Cruz de Tenerife,Canarias
38300,La Orotava,Santa Cruz de Tenerife,Canarias
38310,La Orotava,Santa Cruz de Tenerife,Canarias
38311,La Orotava,Santa Cruz de Tenerife,Canarias
38312,La Orotava,Santa Cruz de Tenerife,Canarias
38313,La Orotava,Santa Cruz de Tenerife,Canarias
38314,La Orotava,Santa Cruz de Tenerife,Canarias
38315,La Orotava,Santa Cruz de Tenerife,Canarias
38320,San Cristóbal de La Laguna,Santa Cruz de Tenerife,Canarias
38320,Santa Cruz de Tenerife,Santa Cruz de Tenerife,Canarias
38329,San Cristóbal de La Laguna,Santa Cruz de Tenerife,Canarias
38330,San Cristóbal de La Laguna,Santa Cruz de Tenerife,Canarias
38340,Tacoronte,Santa Cruz de Tenerife,Canarias
38350,Tacoronte,Santa Cruz de Tenerife,Canarias
38355,Tacoronte,Santa Cruz de Tenerife,Canarias
38356,Tacoronte,Santa Cruz de Tenerife,Canarias
38357,Tacoronte,Santa Cruz de Tenerife,Canarias
38358,Tacoronte,Santa Cruz de Tenerife,Canarias
38359,El Sauzal,Santa Cruz de Tenerife,Canarias
38360,El Sauzal,Santa Cruz de Tenerife,Canarias
38370,La Matanza de Acentejo,Santa Cruz de Tenerife,Canarias
38379,La Matanza de Acentejo,Santa Cruz de Tenerife,Canarias
38380,La Victoria de Acentejo,Santa Cruz de Tenerife,Canarias
38389,La Victoria de Acentejo,Santa Cruz de Tenerife,Canarias
38390,Santa Úrsula,Santa Cruz de Tenerife,Canarias
38398,Santa Úrsula,Santa Cruz de Tenerife,Canarias
38399,Santa Úrsula,Santa Cruz de Tenerife,Canarias
38400,Puerto de la Cruz,Santa Cruz de Tenerife,Canarias
38410,Los Realejos,Santa Cruz de Tenerife,Canarias
38412,Los Realejos,Santa Cruz de Tenerife,Canarias
38413,Los Realejos,Santa Cruz de Tenerife,Canarias
38414,Los Realejos,Santa Cruz de Tenerife,Canarias
38415,Los Realejos,Santa Cruz de Tenerife,Canarias
38416,Los Realejos,Santa Cruz de Tenerife,Canarias
38417,Los Realejos,Santa Cruz de Tenerife,Canarias
38418,Los Realejos,Santa Cruz de Tenerife,Canarias
38419,Los Realejos,Santa Cruz de Tenerife,Canarias
38420,San Juan de la Rambla,Santa Cruz de Tenerife,Canarias
38428,San Juan de la Rambla,Santa Cruz de Tenerife,Canarias
38429,San Juan de la Rambla,Santa Cruz de Tenerife,Canarias
38430,Icod de los Vinos,Santa Cruz de Tenerife,Canarias
38434,Icod de los Vinos,Santa Cruz de Tenerife,Canarias
38435,Los Silos,Santa Cruz de Tenerife,Canarias
38435,El Tanque,Santa Cruz de Tenerife,Canarias
38438,Icod de los Vinos,Santa Cruz de Tenerife,Canarias
38439,Icod de los Vinos,Santa Cruz de Tenerife,Canarias
38440,La Guancha,Santa Cruz de Tenerife,Canarias
38441,La Guancha,Santa Cruz de Tenerife,Canarias
38449,La Guancha,Santa Cruz de Tenerife,Canarias
38450,Garachico,Santa Cruz de Tenerife,Canarias
38458,Garachico,Santa Cruz de Tenerife,Canarias
38459,Garachico,Santa Cruz de Tenerife,Canarias
38460,Garachico,Santa Cruz de Tenerife,Canarias
38460,Los Silos,Santa Cruz de Tenerife,Canarias
38470,Los Silos,Santa Cruz de Tenerife,Canarias
38479,Los Silos,Santa Cruz de Tenerife,Canarias
38480,Buenavista del Norte,Santa Cruz de Tenerife,Canarias
38489,Buenavista del Norte,Santa Cruz de Tenerife,Canarias
38500,Güímar,Santa Cruz de Tenerife,Canarias
38508,Güímar,Santa Cruz de Tenerife,Canarias
38509,Arafo,Santa Cruz de Tenerife,Canarias
38509,Candelaria,Santa Cruz de Tenerife,Canarias
38510,Candelaria,Santa Cruz de Tenerife,Canarias
38520,Candelaria,Santa Cruz de Tenerife,Canarias
38530,Candelaria,Santa Cruz de Tenerife,Canarias
38540,Candelaria,Santa Cruz de Tenerife,Canarias
38550,Arafo,Santa Cruz de Tenerife,Canarias
38560,Güímar,Santa Cruz de Tenerife,Canarias
38570,Fasnia,Santa Cruz de Tenerife,Canarias
38579,Fasnia,Santa Cruz de Tenerife,Canarias
38580,Arico,Santa Cruz de Tenerife,Canarias
38588,Arico,Santa Cruz de Tenerife,Canarias
38589,Arico,Santa Cruz de Tenerife,Canarias
38590,Güímar,Santa Cruz de Tenerife,Canarias
38591,Güímar,Santa Cruz de Tenerife,Canarias
38592,Arico,Santa Cruz de Tenerife,Canarias
38593,Arico,Santa Cruz de Tenerife,Canarias
38594,Granadilla de Abona,Santa Cruz de Tenerife,Canarias
38595,Granadilla de Abona,Santa Cruz de Tenerife,Canarias
38600,Granadilla de Abona,Santa Cruz de Tenerife,Canarias
38610,Granadilla de Abona,Santa Cruz de Tenerife,Canarias
38611,Granadilla de Abona,Santa Cruz de Tenerife,Canarias
38612,Granadilla de Abona,Santa Cruz de Tenerife,Canarias
38613,Vilaflor de Chasna,Santa Cruz de Tenerife,Canarias
38614,Vilaflor de Chasna,Santa Cruz de Tenerife,Canarias
38615,Adeje,Santa Cruz de Tenerife,Canarias
38615,Vilaflor de Chasna,Santa Cruz de Tenerife,Canarias
38616,Granadilla de Abona,Santa Cruz de Tenerife,Canarias
38617,Granadilla de Abona,Santa Cruz de Tenerife,Canarias
38618,Granadilla de Abona,Santa Cruz de Tenerife,Canarias
38619,Granadilla de Abona,Santa Cruz de Tenerife,Canarias
38620,San Miguel de Abona,Santa Cruz de Tenerife,Canarias
38626,Arona,Santa Cruz de Tenerife,Canarias
38627,Arona,Santa Cruz de Tenerife,Canarias
38628,San Miguel de Abona,Santa Cruz de Tenerife,Canarias
38629,San Miguel de Abona,Santa Cruz de Tenerife,Canarias
38629,Vilaflor de Chasna,Santa Cruz de Tenerife,Canarias
38630,Arona,Santa Cruz de Tenerife,Canarias
38631,Arona,Santa Cruz de Tenerife,Canarias
38632,Arona,Santa Cruz de Tenerife,Canarias
38632,San Miguel de Abona,Santa Cruz de Tenerife,Canarias
38639,San Miguel de Abona,Santa Cruz de Tenerife,Canarias
38640,Arona,Santa Cruz de Tenerife,Canarias
38649,Arona,Santa Cruz de Tenerife,Canarias
38650,Arona,Santa Cruz de Tenerife,Canarias
38652,Arona,Santa Cruz de Tenerife,Canarias
38660,Adeje,Santa Cruz de Tenerife,Canarias
38670,Adeje,Santa Cruz de Tenerife,Canarias
38677,Adeje,Santa Cruz de Tenerife,Canarias
38678,Adeje,Santa Cruz de Tenerife,Canarias
38679,Adeje,Santa Cruz de Tenerife,Canarias
38680,Guía de Isora,Santa Cruz de Tenerife,Canarias
38683,Santiago del Teide,Santa Cruz de Tenerife,Canarias
38684,Santiago del Teide,Santa Cruz de Tenerife,Canarias
38685,Guía de Isora,Santa Cruz de Tenerife,Canarias
38686,Guía de Isora,Santa Cruz de Tenerife,Canarias
38687,Guía de Isora,Santa Cruz de Tenerife,Canarias
38688,Guía de Isora,Santa Cruz de Tenerife,Canarias
38689,Guía de Isora,Santa Cruz de Tenerife,Canarias
38690,Santiago del Teide,Santa Cruz de Tenerife,Canarias
38700,Breña Alta,Santa Cruz de Tenerife,Canarias
38700,Santa Cruz de la Palma,Santa Cruz de Tenerife,Canarias
38710,Breña Alta,Santa Cruz de Tenerife,Canarias
38711,Breña Baja,Santa Cruz de Tenerife,Canarias
38712,Breña Baja,Santa Cruz de Tenerife,Canarias
38713,Breña Alta,Santa Cruz de Tenerife,Canarias
38714,Puntallana,Santa Cruz de Tenerife,Canarias
38714,Santa Cruz de la Palma,Santa Cruz de Tenerife,Canarias
38715,Puntallana,Santa Cruz de Tenerife,Canarias
38715,Santa Cruz de la Palma,Santa Cruz de Tenerife,Canarias
38720,San Andrés y Sauces,Santa Cruz de Tenerife,Canarias
38726,Barlovento,Santa Cruz de Tenerife,Canarias
38727,Barlovento,Santa Cruz de Tenerife,Canarias
38727,San Andrés y Sauces,Santa Cruz de Tenerife,Canarias
38728,Garafía,Santa Cruz de Tenerife,Canarias
38729,San Andrés y Sauces,Santa Cruz de Tenerife,Canarias
38730,Villa de Mazo,Santa Cruz de Tenerife,Canarias
38738,Villa de Mazo,Santa Cruz de Tenerife,Canarias
38739,Villa de Mazo,Santa Cruz de Tenerife,Canarias
38740,Fuencaliente de la Palma,Santa Cruz de Tenerife,Canarias
38749,Fuencaliente de la Palma,Santa Cruz de Tenerife,Canarias
38750,El Paso,Santa Cruz de Tenerife,Canarias
38758,El Paso,Santa Cruz de Tenerife,Canarias
38759,Los Llanos de Aridane,Santa Cruz de Tenerife,Canarias
38759,El Paso,Santa Cruz de Tenerife,Canarias
38760,Los Llanos de Aridane,Santa Cruz de Tenerife,Canarias
38767,Los Llanos de Aridane,Santa Cruz de Tenerife,Canarias
38768,Los Llanos de Aridane,Santa Cruz de Tenerife,Canarias
38768,El Paso,Santa Cruz de Tenerife,Canarias
38769,Los Llanos de Aridane,Santa Cruz de Tenerife,Canarias
38769,El Paso,Santa Cruz de Tenerife,Canarias
38770,Tazacorte,Santa Cruz de Tenerife,Canarias
38779,Tazacorte,Santa Cruz de Tenerife,Canarias
38780,Tijarafe,Santa Cruz de Tenerife,Canarias
38787,Garafía,Santa Cruz de Tenerife,Canarias
38788,Garafía,Santa Cruz de Tenerife,Canarias
38789,Puntagorda,Santa Cruz de Tenerife,Canarias
38800,San Sebastián de la Gomera,Santa Cruz de Tenerife,Canarias
38801,San Sebastián de la Gomera,Santa Cruz de Tenerife,Canarias
38810,Alajeró,Santa Cruz de Tenerife,Canarias
38811,Alajeró,Santa Cruz de Tenerife,Canarias
38811,San Sebastián de la Gomera,Santa Cruz de Tenerife,Canarias
38812,Alajeró,Santa Cruz de Tenerife,Canarias
38813,Alajeró,Santa Cruz de Tenerife,Canarias
38820,Hermigua,Santa Cruz de Tenerife,Canarias
38829,Hermigua,Santa Cruz de Tenerife,Canarias
38830,Agulo,Santa Cruz de Tenerife,Canarias
38840,Vallehermoso,Santa Cruz de Tenerife,Canarias
38849,Vallehermoso,Santa Cruz de Tenerife,Canarias
38850,Vallehermoso,Santa Cruz de Tenerife,Canarias
38852,Valle Gran Rey,Santa Cruz de Tenerife,Canarias
38852,Vallehermoso,Santa Cruz de Tenerife,Canarias
38860,Vallehermoso,Santa Cruz de Tenerife,Canarias
38869,Hermigua,Santa Cruz de Tenerife,Canarias
38869,Vallehermoso,Santa Cruz de Tenerife,Canarias
38870,Valle Gran Rey,Santa Cruz de Tenerife,Canarias
38870,Vallehermoso,Santa Cruz de Tenerife,Canarias
38879,Valle Gran Rey,Santa Cruz de Tenerife,Canarias
38890,Agulo,Santa Cruz de Tenerife,Canarias
38890,Hermigua,Santa Cruz de Tenerife,Canarias
38891,Vallehermoso,Santa Cruz de Tenerife,Canarias
38892,Valle Gran Rey,Santa Cruz de Tenerife,Canarias
38900,Valverde,Santa Cruz de Tenerife,Canarias
38910,Valverde,Santa Cruz de Tenerife,Canarias
38911,Frontera,Santa Cruz de Tenerife,Canarias
38912,Frontera,Santa Cruz de Tenerife,Canarias
38913,Frontera,Santa Cruz de Tenerife,Canarias
38914,El Pinar de El Hierro,Santa Cruz de Tenerife,Canarias
38915,Valverde,Santa Cruz de Tenerife,Canarias
38916,Valverde,Santa Cruz de Tenerife,Canarias
38917,El Pinar de El Hierro,Santa Cruz de Tenerife,Canarias
39001,Santander,Cantabria,Cantabria
39002,Santander,Cantabria,Cantabria
39003,Santander,Cantabria,Cantabria
39004,Santander,Cantabria,Cantabria
39005,Santander,Cantabria,Cantabria
39006,Santander,Cantabria,Cantabria
39007,Santander,Cantabria,Cantabria
39008,Santander,Cantabria,Cantabria
39009,Santander,Cantabria,Cantabria
39010,Santander,Cantabria,Cantabria
39011,Santander,Cantabria,Cantabria
39012,Santander,Cantabria,Cantabria
39100,Santa Cruz de Bezana,Cantabria,Cantabria
39108,Santa Cruz de Bezana,Cantabria,Cantabria
39110,Santa Cruz de Bezana,Cantabria,Cantabria
39120,Piélagos,Cantabria,Cantabria
39130,Marina de Cudeyo,Cantabria,Cantabria
39140,Ribamontán al Mar,Cantabria,Cantabria
39150,Ribamontán al Mar,Cantabria,Cantabria
39160,Ribamontán al Mar,Cantabria,Cantabria
39170,Bareyo,Cantabria,Cantabria
39180,Noja,Cantabria,Cantabria
39191,Bareyo,Cantabria,Cantabria
39192,Meruelo,Cantabria,Cantabria
39193,Arnuero,Cantabria,Cantabria
39193,Escalante,Cantabria,Cantabria
39195,Arnuero,Cantabria,Cantabria
39197,Argoños,Cantabria,Cantabria
39197,Santoña,Cantabria,Cantabria
39200,Campoo de Enmedio,Cantabria,Cantabria
39200,Reinosa,Cantabria,Cantabria
39210,Hermandad de Campoo de Suso,Cantabria,Cantabria
39212,Campoo de Enmedio,Cantabria,Cantabria
39212,Hermandad de Campoo de Suso,Cantabria,Cantabria
39213,Campoo de Enmedio,Cantabria,Cantabria
39213,Hermandad de Campoo de Suso,Cantabria,Cantabria
39213,Las Rozas de Valdearroyo,Cantabria,Cantabria
39220,Valderredible,Cantabria,Cantabria
39230,Valderredible,Cantabria,Cantabria
39232,Alfoz de Bricia,Burgos,Castilla y León
39232,Valderredible,Cantabria,Cantabria
39250,Berzosilla,Palencia,Castilla y León
39250,Valderredible,Cantabria,Cantabria
39292,Campoo de Yuso,Cantabria,Cantabria
39292,Campoo de Enmedio,Cantabria,Cantabria
39294,Campoo de Yuso,Cantabria,Cantabria
39300,Torrelavega,Cantabria,Cantabria
39310,Miengo,Cantabria,Cantabria
39311,Cartes,Cantabria,Cantabria
39312,Polanco,Cantabria,Cantabria
39313,Polanco,Cantabria,Cantabria
39314,Santillana del Mar,Cantabria,Cantabria
39315,Torrelavega,Cantabria,Cantabria
39318,Miengo,Cantabria,Cantabria
39318,Polanco,Cantabria,Cantabria
39320,Alfoz de Lloredo,Cantabria,Cantabria
39329,Alfoz de Lloredo,Cantabria,Cantabria
39330,Santillana del Mar,Cantabria,Cantabria
39340,Suances,Cantabria,Cantabria
39350,Suances,Cantabria,Cantabria
39360,Santillana del Mar,Cantabria,Cantabria
39360,Suances,Cantabria,Cantabria
39400,Los Corrales de Buelna,Cantabria,Cantabria
39407,Cieza,Cantabria,Cantabria
39408,Los Corrales de Buelna,Cantabria,Cantabria
39409,San Felices de Buelna,Cantabria,Cantabria
39410,Valdeolea,Cantabria,Cantabria
39417,Las Rozas de Valdearroyo,Cantabria,Cantabria
39417,Valdeprado del Río,Cantabria,Cantabria
39418,Valdeolea,Cantabria,Cantabria
39419,Pomar de Valdivia,Palencia,Castilla y León
39419,Valdeprado del Río,Cantabria,Cantabria
39419,Valderredible,Cantabria,Cantabria
39420,Bárcena de Pie de Concha,Cantabria,Cantabria
39420,Molledo,Cantabria,Cantabria
39430,Molledo,Cantabria,Cantabria
39438,Molledo,Cantabria,Cantabria
39450,Arenas de Iguña,Cantabria,Cantabria
39450,Molledo,Cantabria,Cantabria
39451,Anievas,Cantabria,Cantabria
39451,Arenas de Iguña,Cantabria,Cantabria
39460,Cartes,Cantabria,Cantabria
39470,Piélagos,Cantabria,Cantabria
39477,Piélagos,Cantabria,Cantabria
39478,Piélagos,Cantabria,Cantabria
39479,Piélagos,Cantabria,Cantabria
39490,Santiurde de Reinosa,Cantabria,Cantabria
39491,Campoo de Enmedio,Cantabria,Cantabria
39491,Pesquera,Cantabria,Cantabria
39491,San Miguel de Aguayo,Cantabria,Cantabria
39491,Santiurde de Reinosa,Cantabria,Cantabria
39500,Cabezón de la Sal,Cantabria,Cantabria
39507,Cabezón de la Sal,Cantabria,Cantabria
39507,Udías,Cantabria,Cantabria
39509,Cabezón de la Sal,Cantabria,Cantabria
39509,Mazcuerras,Cantabria,Cantabria
39510,Cabuérniga,Cantabria,Cantabria
39510,Ruente,Cantabria,Cantabria
39511,Cabuérniga,Cantabria,Cantabria
39513,Ruente,Cantabria,Cantabria
39517,Los Tojos,Cantabria,Cantabria
39518,Cabuérniga,Cantabria,Cantabria
39518,Los Tojos,Cantabria,Cantabria
39520,Comillas,Cantabria,Cantabria
39525,Alfoz de Lloredo,Cantabria,Cantabria
39526,Alfoz de Lloredo,Cantabria,Cantabria
39527,Ruiloba,Cantabria,Cantabria
39528,Comillas,Cantabria,Cantabria
39528,Valdáliga,Cantabria,Cantabria
39530,Reocín,Cantabria,Cantabria
39538,Reocín,Cantabria,Cantabria
39539,Alfoz de Lloredo,Cantabria,Cantabria
39539,Reocín,Cantabria,Cantabria
39540,San Vicente de la Barquera,Cantabria,Cantabria
39547,San Vicente de la Barquera,Cantabria,Cantabria
39548,San Vicente de la Barquera,Cantabria,Cantabria
39548,Val de San Vicente,Cantabria,Cantabria
39549,San Vicente de la Barquera,Cantabria,Cantabria
39549,Val de San Vicente,Cantabria,Cantabria
39550,Herrerías,Cantabria,Cantabria
39550,Lamasón,Cantabria,Cantabria
39551,Herrerías,Cantabria,Cantabria
39553,Rionansa,Cantabria,Cantabria
39554,Rionansa,Cantabria,Cantabria
39555,Tudanca,Cantabria,Cantabria
39556,Polaciones,Cantabria,Cantabria
39557,Polaciones,Cantabria,Cantabria
39558,Cabuérniga,Cantabria,Cantabria
39558,Rionansa,Cantabria,Cantabria
39559,Rionansa,Cantabria,Cantabria
39560,Val de San Vicente,Cantabria,Cantabria
39569,Val de San Vicente,Cantabria,Cantabria
39570,Camaleño,Cantabria,Cantabria
39570,Potes,Cantabria,Cantabria
39571,Cabezón de Liébana,Cantabria,Cantabria
39572,Pesaguero,Cantabria,Cantabria
39573,Cabezón de Liébana,Cantabria,Cantabria
39574,Cabezón de Liébana,Cantabria,Cantabria
39574,Pesaguero,Cantabria,Cantabria
39575,Vega de Liébana,Cantabria,Cantabria
39577,Vega de Liébana,Cantabria,Cantabria
39580,Cillorigo de Liébana,Cantabria,Cantabria
39580,Peñarrubia,Cantabria,Cantabria
39582,Camaleño,Cantabria,Cantabria
39583,Cillorigo de Liébana,Cantabria,Cantabria
39584,Cillorigo de Liébana,Cantabria,Cantabria
39586,Camaleño,Cantabria,Cantabria
39587,Camaleño,Cantabria,Cantabria
39588,Camaleño,Cantabria,Cantabria
39590,Alfoz de Lloredo,Cantabria,Cantabria
39590,Reocín,Cantabria,Cantabria
39591,Cabezón de la Sal,Cantabria,Cantabria
39591,Reocín,Cantabria,Cantabria
39592,Cabezón de la Sal,Cantabria,Cantabria
39592,Mazcuerras,Cantabria,Cantabria
39592,Valdáliga,Cantabria,Cantabria
39593,Valdáliga,Cantabria,Cantabria
39594,Herrerías,Cantabria,Cantabria
39594,Val de San Vicente,Cantabria,Cantabria
39595,Valdáliga,Cantabria,Cantabria
39600,Camargo,Cantabria,Cantabria
39608,Camargo,Cantabria,Cantabria
39609,Camargo,Cantabria,Cantabria
39610,El Astillero,Cantabria,Cantabria
39611,El Astillero,Cantabria,Cantabria
39612,Piélagos,Cantabria,Cantabria
39613,El Astillero,Cantabria,Cantabria
39618,Marina de Cudeyo,Cantabria,Cantabria
39619,Medio Cudeyo,Cantabria,Cantabria
39620,Santa María de Cayón,Cantabria,Cantabria
39626,Santa María de Cayón,Cantabria,Cantabria
39627,Penagos,Cantabria,Cantabria
39627,Santa María de Cayón,Cantabria,Cantabria
39630,Villafufre,Cantabria,Cantabria
39638,Villafufre,Cantabria,Cantabria
39639,Saro,Cantabria,Cantabria
39639,Villacarriedo,Cantabria,Cantabria
39640,Villacarriedo,Cantabria,Cantabria
39649,Villacarriedo,Cantabria,Cantabria
39650,Castañeda,Cantabria,Cantabria
39650,Santa María de Cayón,Cantabria,Cantabria
39660,Castañeda,Cantabria,Cantabria
39670,Puente Viesgo,Cantabria,Cantabria
39679,Puente Viesgo,Cantabria,Cantabria
39680,Corvera de Toranzo,Cantabria,Cantabria
39681,Luena,Cantabria,Cantabria
39682,Corvera de Toranzo,Cantabria,Cantabria
39682,Luena,Cantabria,Cantabria
39682,Vega de Pas,Cantabria,Cantabria
39683,San Pedro del Romeral,Cantabria,Cantabria
39685,Vega de Pas,Cantabria,Cantabria
39686,San Pedro del Romeral,Cantabria,Cantabria
39686,Vega de Pas,Cantabria,Cantabria
39687,Luena,Cantabria,Cantabria
39688,Luena,Cantabria,Cantabria
39689,Santiurde de Toranzo,Cantabria,Cantabria
39690,Villaescusa,Cantabria,Cantabria
39691,Santiurde de Toranzo,Cantabria,Cantabria
39692,Villaescusa,Cantabria,Cantabria
39694,Santa María de Cayón,Cantabria,Cantabria
39696,Selaya,Cantabria,Cantabria
39697,Corvera de Toranzo,Cantabria,Cantabria
39698,Santiurde de Toranzo,Cantabria,Cantabria
39699,Corvera de Toranzo,Cantabria,Cantabria
39700,Castro-Urdiales,Cantabria,Cantabria
39706,Castro-Urdiales,Cantabria,Cantabria
39707,Castro-Urdiales,Cantabria,Cantabria
39709,Castro-Urdiales,Cantabria,Cantabria
39710,Medio Cudeyo,Cantabria,Cantabria
39715,Entrambasaguas,Cantabria,Cantabria
39716,Entrambasaguas,Cantabria,Cantabria
39718,Liérganes,Cantabria,Cantabria
39718,Medio Cudeyo,Cantabria,Cantabria
39719,Entrambasaguas,Cantabria,Cantabria
39719,Marina de Cudeyo,Cantabria,Cantabria
39720,Riotuerto,Cantabria,Cantabria
39722,Liérganes,Cantabria,Cantabria
39723,Miera,Cantabria,Cantabria
39724,Medio Cudeyo,Cantabria,Cantabria
39727,Liérganes,Cantabria,Cantabria
39727,Riotuerto,Cantabria,Cantabria
39728,Miera,Cantabria,Cantabria
39728,Ruesga,Cantabria,Cantabria
39728,San Roque de Riomiera,Cantabria,Cantabria
39728,Soba,Cantabria,Cantabria
39730,Hazas de Cesto,Cantabria,Cantabria
39738,Hazas de Cesto,Cantabria,Cantabria
39738,Solórzano,Cantabria,Cantabria
39740,Santoña,Cantabria,Cantabria
39749,Santoña,Cantabria,Cantabria
39750,Colindres,Cantabria,Cantabria
39760,Bárcena de Cicero,Cantabria,Cantabria
39761,Bárcena de Cicero,Cantabria,Cantabria
39761,Voto,Cantabria,Cantabria
39762,Voto,Cantabria,Cantabria
39764,Voto,Cantabria,Cantabria
39766,Voto,Cantabria,Cantabria
39770,Laredo,Cantabria,Cantabria
39776,Liendo,Cantabria,Cantabria
39777,Laredo,Cantabria,Cantabria
39778,Limpias,Cantabria,Cantabria
39788,Guriezo,Cantabria,Cantabria
39790,Bárcena de Cicero,Cantabria,Cantabria
39791,Bárcena de Cicero,Cantabria,Cantabria
39791,Solórzano,Cantabria,Cantabria
39792,Marina de Cudeyo,Cantabria,Cantabria
39792,Medio Cudeyo,Cantabria,Cantabria
39793,Ribamontán al Monte,Cantabria,Cantabria
39794,Ribamontán al Monte,Cantabria,Cantabria
39795,Escalante,Cantabria,Cantabria
39798,Castro-Urdiales,Cantabria,Cantabria
39800,Ramales de la Victoria,Cantabria,Cantabria
39805,Soba,Cantabria,Cantabria
39806,Soba,Cantabria,Cantabria
39808,Soba,Cantabria,Cantabria
39809,Ramales de la Victoria,Cantabria,Cantabria
39812,Ruesga,Cantabria,Cantabria
39813,Arredondo,Cantabria,Cantabria
39815,Ruesga,Cantabria,Cantabria
39820,Limpias,Cantabria,Cantabria
39840,Ampuero,Cantabria,Cantabria
39849,Ampuero,Cantabria,Cantabria
39850,Ampuero,Cantabria,Cantabria
39860,Rasines,Cantabria,Cantabria
39880,Guriezo,Cantabria,Cantabria
39880,Valle de Villaverde,Cantabria,Cantabria
40001,Segovia,Segovia,Castilla y León
40002,Segovia,Segovia,Castilla y León
40003,Segovia,Segovia,Castilla y León
40004,Segovia,Segovia,Castilla y León
40005,Segovia,Segovia,Castilla y León
40006,Segovia,Segovia,Castilla y León
40100,Real Sitio de San Ildefonso,Segovia,Castilla y León
40109,Real Sitio de San Ildefonso,Segovia,Castilla y León
40120,Garcillán,Segovia,Castilla y León
40121,Anaya,Segovia,Castilla y León
40122,Santa María la Real de Nieva,Segovia,Castilla y León
40123,Santa María la Real de Nieva,Segovia,Castilla y León
40130,Juarros de Riomoros,Segovia,Castilla y León
40130,Martín Miguel,Segovia,Castilla y León
40130,Marazoleja,Segovia,Castilla y León
40133,Marazuela,Segovia,Castilla y León
40134,Sangarcía,Segovia,Castilla y León
40135,Santa María la Real de Nieva,Segovia,Castilla y León
40136,Santa María la Real de Nieva,Segovia,Castilla y León
40140,Valverde del Majano,Segovia,Castilla y León
40141,Abades,Segovia,Castilla y León
40142,Lastras del Pozo,Segovia,Castilla y León
40142,Marugán,Segovia,Castilla y León
40142,Monterrubio,Segovia,Castilla y León
40144,Bercial,Segovia,Castilla y León
40144,Sangarcía,Segovia,Castilla y León
40145,Muñopedro,Segovia,Castilla y León
40146,Labajos,Segovia,Castilla y León
40150,Villacastín,Segovia,Castilla y León
40151,Ituero y Lama,Segovia,Castilla y León
40152,Zarzuela del Monte,Segovia,Castilla y León
40153,Segovia,Segovia,Castilla y León
40154,Segovia,Segovia,Castilla y León
40160,Torrecaballeros,Segovia,Castilla y León
40161,Navafría,Segovia,Castilla y León
40162,Aldealengua de Pedraza,Segovia,Castilla y León
40162,Gallegos,Segovia,Castilla y León
40163,Matabuena,Segovia,Castilla y León
40164,Arcones,Segovia,Castilla y León
40165,Prádena,Segovia,Castilla y León
40165,Ventosilla y Tejadilla,Segovia,Castilla y León
40170,Collado Hermoso,Segovia,Castilla y León
40170,Pelayos del Arroyo,Segovia,Castilla y León
40170,Sotosalbos,Segovia,Castilla y León
40171,Santiuste de Pedraza,Segovia,Castilla y León
40171,Torre Val de San Pedro,Segovia,Castilla y León
40172,Pedraza,Segovia,Castilla y León
40173,Arahuetes,Segovia,Castilla y León
40173,Pedraza,Segovia,Castilla y León
40173,Santiuste de Pedraza,Segovia,Castilla y León
40174,Valleruela de Pedraza,Segovia,Castilla y León
40175,La Matilla,Segovia,Castilla y León
40176,Orejana,Segovia,Castilla y León
40176,Valleruela de Sepúlveda,Segovia,Castilla y León
40180,Basardilla,Segovia,Castilla y León
40180,Brieva,Segovia,Castilla y León
40180,Pelayos del Arroyo,Segovia,Castilla y León
40180,Santo Domingo de Pirón,Segovia,Castilla y León
40181,Turégano,Segovia,Castilla y León
40182,Caballar,Segovia,Castilla y León
40183,Muñoveros,Segovia,Castilla y León
40184,Arahuetes,Segovia,Castilla y León
40184,Puebla de Pedraza,Segovia,Castilla y León
40184,Rebollo,Segovia,Castilla y León
40185,Arevalillo de Cega,Segovia,Castilla y León
40185,Cubillo,Segovia,Castilla y León
40185,Valdevacas y Guijar,Segovia,Castilla y León
40190,Bernuy de Porreros,Segovia,Castilla y León
40191,Espirdo,Segovia,Castilla y León
40192,Adrada de Pirón,Segovia,Castilla y León
40192,Torreiglesias,Segovia,Castilla y León
40193,Palazuelos de Eresma,Segovia,Castilla y León
40194,Palazuelos de Eresma,Segovia,Castilla y León
40194,Segovia,Segovia,Castilla y León
40194,Trescasas,Segovia,Castilla y León
40195,Segovia,Segovia,Castilla y León
40196,La Lastrilla,Segovia,Castilla y León
40196,Segovia,Segovia,Castilla y León
40197,San Cristóbal de Segovia,Segovia,Castilla y León
40200,Cuéllar,Segovia,Castilla y León
40210,Cuéllar,Segovia,Castilla y León
40211,Cuéllar,Segovia,Castilla y León
40212,San Cristóbal de Cuéllar,Segovia,Castilla y León
40213,Vallelado,Segovia,Castilla y León
40214,Mata de Cuéllar,Segovia,Castilla y León
40215,Cuéllar,Segovia,Castilla y León
40216,Chañe,Segovia,Castilla y León
40216,Remondo,Segovia,Castilla y León
40217,Fresneda de Cuéllar,Segovia,Castilla y León
40218,Fuente el Olmo de Íscar,Segovia,Castilla y León
40219,Villaverde de Íscar,Segovia,Castilla y León
40220,Olombrada,Segovia,Castilla y León
40230,Cuéllar,Segovia,Castilla y León
40231,Cuéllar,Segovia,Castilla y León
40232,Cuéllar,Segovia,Castilla y León
40233,Olombrada,Segovia,Castilla y León
40234,Membibre de la Hoz,Segovia,Castilla y León
40235,Aldeasoña,Segovia,Castilla y León
40236,Laguna de Contreras,Segovia,Castilla y León
40237,Sacramenia,Segovia,Castilla y León
40238,Valtiendas,Segovia,Castilla y León
40239,Cuevas de Provanco,Segovia,Castilla y León
40240,Gomezserracín,Segovia,Castilla y León
40241,Cuéllar,Segovia,Castilla y León
40242,Cuéllar,Segovia,Castilla y León
40250,Mozoncillo,Segovia,Castilla y León
40260,Fuentepelayo,Segovia,Castilla y León
40270,Carbonero el Mayor,Segovia,Castilla y León
40280,Navalmanzano,Segovia,Castilla y León
40290,Roda de Eresma,Segovia,Castilla y León
40291,Escarabajosa de Cabezas,Segovia,Castilla y León
40291,Tabanera la Luenga,Segovia,Castilla y León
40292,Aldea Real,Segovia,Castilla y León
40293,Zarzuela del Pinar,Segovia,Castilla y León
40294,Pinarnegrillo,Segovia,Castilla y León
40295,San Martín y Mudrián,Segovia,Castilla y León
40296,Pinarejos,Segovia,Castilla y León
40297,Sanchonuño,Segovia,Castilla y León
40298,Frumales,Segovia,Castilla y León
40300,Sepúlveda,Segovia,Castilla y León
40310,Santa Marta del Cerro,Segovia,Castilla y León
40310,Sepúlveda,Segovia,Castilla y León
40311,Sotillo,Segovia,Castilla y León
40312,Duruelo,Segovia,Castilla y León
40312,Sepúlveda,Segovia,Castilla y León
40313,Torreadrada,Segovia,Castilla y León
40314,Fuentesoto,Segovia,Castilla y León
40314,Valtiendas,Segovia,Castilla y León
40315,Castro de Fuentidueña,Segovia,Castilla y León
40315,Castrojimeno,Segovia,Castilla y León
40315,Castroserracín,Segovia,Castilla y León
40317,Sepúlveda,Segovia,Castilla y León
40317,Urueñas,Segovia,Castilla y León
40318,Castroserna de Abajo,Segovia,Castilla y León
40318,Condado de Castilnovo,Segovia,Castilla y León
40318,Prádena,Segovia,Castilla y León
40320,Cantalejo,Segovia,Castilla y León
40330,Fuenterrebollo,Segovia,Castilla y León
40331,Carrascal del Río,Segovia,Castilla y León
40331,Navalilla,Segovia,Castilla y León
40331,Valle de Tabladillo,Segovia,Castilla y León
40332,Cobos de Fuentidueña,Segovia,Castilla y León
40332,San Miguel de Bernuy,Segovia,Castilla y León
40340,Aguilafuente,Segovia,Castilla y León
40350,Escalona del Prado,Segovia,Castilla y León
40351,Sauquillo de Cabezas,Segovia,Castilla y León
40352,Lastras de Cuéllar,Segovia,Castilla y León
40353,Hontalbilla,Segovia,Castilla y León
40354,Adrados,Segovia,Castilla y León
40354,Perosillo,Segovia,Castilla y León
40354,Cozuelos de Fuentidueña,Segovia,Castilla y León
40355,Fuentesaúco de Fuentidueña,Segovia,Castilla y León
40356,Calabazas de Fuentidueña,Segovia,Castilla y León
40357,Fuentidueña,Segovia,Castilla y León
40358,Fuentepiñel,Segovia,Castilla y León
40359,Fuente el Olmo de Fuentidueña,Segovia,Castilla y León
40359,Torrecilla del Pinar,Segovia,Castilla y León
40360,Cantimpalos,Segovia,Castilla y León
40370,Turégano,Segovia,Castilla y León
40380,Cantalejo,Segovia,Castilla y León
40380,Sebúlcor,Segovia,Castilla y León
40389,Aldealcorvo,Segovia,Castilla y León
40389,Cantalejo,Segovia,Castilla y León
40389,San Pedro de Gaíllos,Segovia,Castilla y León
40389,Sepúlveda,Segovia,Castilla y León
40390,Valseca,Segovia,Castilla y León
40391,Encinillas,Segovia,Castilla y León
40392,Cabañas de Polendos,Segovia,Castilla y León
40393,Escobar de Polendos,Segovia,Castilla y León
40394,Torreiglesias,Segovia,Castilla y León
40395,Veganzones,Segovia,Castilla y León
40396,Cabezuela,Segovia,Castilla y León
40397,Escobar de Polendos,Segovia,Castilla y León
40400,El Espinar,Segovia,Castilla y León
40408,Navas de San Antonio,Segovia,Castilla y León
40410,El Espinar,Segovia,Castilla y León
40419,El Espinar,Segovia,Castilla y León
40420,La Losa,Segovia,Castilla y León
40420,Real Sitio de San Ildefonso,Segovia,Castilla y León
40420,Navas de Riofrío,Segovia,Castilla y León
40421,Ortigosa del Monte,Segovia,Castilla y León
40422,Otero de Herreros,Segovia,Castilla y León
40423,Valdeprados,Segovia,Castilla y León
40423,Vegas de Matute,Segovia,Castilla y León
40424,El Espinar,Segovia,Castilla y León
40424,Vegas de Matute,Segovia,Castilla y León
40430,Bernardos,Segovia,Castilla y León
40430,Migueláñez,Segovia,Castilla y León
40440,Santa María la Real de Nieva,Segovia,Castilla y León
40441,Migueláñez,Segovia,Castilla y León
40442,Samboal,Segovia,Castilla y León
40443,Samboal,Segovia,Castilla y León
40444,Melque de Cercos,Segovia,Castilla y León
40445,Juarros de Voltoya,Segovia,Castilla y León
40446,Martín Muñoz de las Posadas,Segovia,Castilla y León
40447,Nieva,Segovia,Castilla y León
40449,Santa María la Real de Nieva,Segovia,Castilla y León
40450,Nava de la Asunción,Segovia,Castilla y León
40460,Santiuste de San Juan Bautista,Segovia,Castilla y León
40461,Nava de la Asunción,Segovia,Castilla y León
40462,Aldeanueva del Codonal,Segovia,Castilla y León
40462,Aldehuela del Codonal,Segovia,Castilla y León
40463,Codorniz,Segovia,Castilla y León
40464,Codorniz,Segovia,Castilla y León
40465,San Cristóbal de la Vega,Segovia,Castilla y León
40466,Martín Muñoz de la Dehesa,Segovia,Castilla y León
40466,Rapariegos,Segovia,Castilla y León
40467,Tolocirio,Segovia,Castilla y León
40468,Montejo de Arévalo,Segovia,Castilla y León
40469,Donhierro,Segovia,Castilla y León
40470,Navas de Oro,Segovia,Castilla y León
40480,Coca,Segovia,Castilla y León
40490,Hontanares de Eresma,Segovia,Castilla y León
40490,Los Huertos,Segovia,Castilla y León
40491,Armuña,Segovia,Castilla y León
40492,Añe,Segovia,Castilla y León
40493,Yanguas de Eresma,Segovia,Castilla y León
40494,Armuña,Segovia,Castilla y León
40495,Domingo García,Segovia,Castilla y León
40495,Ortigosa de Pestaño,Segovia,Castilla y León
40496,Coca,Segovia,Castilla y León
40496,Fuente de Santa Cruz,Segovia,Castilla y León
40496,Villeguillo,Segovia,Castilla y León
40500,Riaza,Segovia,Castilla y León
40510,Riaza,Segovia,Castilla y León
40512,Ayllón,Segovia,Castilla y León
40512,Riaza,Segovia,Castilla y León
40513,Ribota,Segovia,Castilla y León
40514,Ayllón,Segovia,Castilla y León
40515,Riofrío de Riaza,Segovia,Castilla y León
40516,Fresno de Cantespino,Segovia,Castilla y León
40517,Riaza,Segovia,Castilla y León
40517,Sequera de Fresno,Segovia,Castilla y León
40518,Fresno de Cantespino,Segovia,Castilla y León
40520,Ayllón,Segovia,Castilla y León
40529,Alconada de Maderuelo,Segovia,Castilla y León
40529,Corral de Ayllón,Segovia,Castilla y León
40529,Riaguas de San Bartolomé,Segovia,Castilla y León
40530,Aldeonte,Segovia,Castilla y León
40530,Barbolla,Segovia,Castilla y León
40531,Aldeonte,Segovia,Castilla y León
40531,Encinas,Segovia,Castilla y León
40531,Navares de Ayuso,Segovia,Castilla y León
40532,Aldeanueva de la Serrezuela,Segovia,Castilla y León
40532,Navares de Enmedio,Segovia,Castilla y León
40532,Navares de las Cuevas,Segovia,Castilla y León
40533,Aldehorno,Segovia,Castilla y León
40540,Fresno de la Fuente,Segovia,Castilla y León
40540,Carabias,Segovia,Castilla y León
40541,Honrubia de la Cuesta,Segovia,Castilla y León
40541,Villaverde de Montejo,Segovia,Castilla y León
40542,Montejo de la Vega de la Serrezuela,Segovia,Castilla y León
40542,Moral de Hornuez,Segovia,Castilla y León
40542,Valdevacas de Montejo,Segovia,Castilla y León
40542,Villaverde de Montejo,Segovia,Castilla y León
40550,Bercimuel,Segovia,Castilla y León
40550,Cedillo de la Torre,Segovia,Castilla y León
40551,Campo de San Pedro,Segovia,Castilla y León
40551,Cilleruelo de San Mamés,Segovia,Castilla y León
40552,Campo de San Pedro,Segovia,Castilla y León
40553,Campo de San Pedro,Segovia,Castilla y León
40554,Maderuelo,Segovia,Castilla y León
40555,Aldealengua de Santa María,Segovia,Castilla y León
40556,Languilla,Segovia,Castilla y León
40560,Boceguillas,Segovia,Castilla y León
40567,Pajarejos,Segovia,Castilla y León
40568,Boceguillas,Segovia,Castilla y León
40569,Grajera,Segovia,Castilla y León
40590,Casla,Segovia,Castilla y León
40590,Santo Tomé del Puerto,Segovia,Castilla y León
40591,Cerezo de Abajo,Segovia,Castilla y León
40592,Cerezo de Arriba,Segovia,Castilla y León
40593,Castillejo de Mesleón,Segovia,Castilla y León
40594,Ayllón,Segovia,Castilla y León
41001,Sevilla,Sevilla,Andalucía
41002,Sevilla,Sevilla,Andalucía
41003,Sevilla,Sevilla,Andalucía
41004,Sevilla,Sevilla,Andalucía
41005,Sevilla,Sevilla,Andalucía
41006,Sevilla,Sevilla,Andalucía
41007,Sevilla,Sevilla,Andalucía
41008,Sevilla,Sevilla,Andalucía
41009,Sevilla,Sevilla,Andalucía
41010,Sevilla,Sevilla,Andalucía
41011,Sevilla,Sevilla,Andalucía
41012,Sevilla,Sevilla,Andalucía
41013,Sevilla,Sevilla,Andalucía
41014,Sevilla,Sevilla,Andalucía
41015,Sevilla,Sevilla,Andalucía
41016,Sevilla,Sevilla,Andalucía
41017,Sevilla,Sevilla,Andalucía
41018,Sevilla,Sevilla,Andalucía
41019,Sevilla,Sevilla,Andalucía
41020,Sevilla,Sevilla,Andalucía
41089,Dos Hermanas,Sevilla,Andalucía
41092,Sevilla,Sevilla,Andalucía
41100,Coria del Río,Sevilla,Andalucía
41110,Bollullos de la Mitación,Sevilla,Andalucía
41111,Almensilla,Sevilla,Andalucía
41120,Gelves,Sevilla,Andalucía
41130,La Puebla del Río,Sevilla,Andalucía
41140,Isla Mayor,Sevilla,Andalucía
41150,Isla Mayor,Sevilla,Andalucía
41200,Alcalá del Río,Sevilla,Andalucía
41209,Alcalá del Río,Sevilla,Andalucía
41210,Guillena,Sevilla,Andalucía
41218,Guillena,Sevilla,Andalucía
41219,Guillena,Sevilla,Andalucía
41220,Burguillos,Sevilla,Andalucía
41230,Castilblanco de los Arroyos,Sevilla,Andalucía
41240,Almadén de la Plata,Sevilla,Andalucía
41250,El Real de la Jara,Sevilla,Andalucía
41300,La Rinconada,Sevilla,Andalucía
41309,La Rinconada,Sevilla,Andalucía
41310,Brenes,Sevilla,Andalucía
41318,Villaverde del Río,Sevilla,Andalucía
41319,Alcalá del Río,Sevilla,Andalucía
41320,Cantillana,Sevilla,Andalucía
41330,Tocina,Sevilla,Andalucía
41339,Carmona,Sevilla,Andalucía
41340,Tocina,Sevilla,Andalucía
41350,Villanueva del Río y Minas,Sevilla,Andalucía
41359,Villanueva del Río y Minas,Sevilla,Andalucía
41360,El Pedroso,Sevilla,Andalucía
41370,Cazalla de la Sierra,Sevilla,Andalucía
41380,Alanís,Sevilla,Andalucía
41388,San Nicolás del Puerto,Sevilla,Andalucía
41389,San Nicolás del Puerto,Sevilla,Andalucía
41390,Guadalcanal,Sevilla,Andalucía
41400,Écija,Sevilla,Andalucía
41409,Écija,Sevilla,Andalucía
41410,Carmona,Sevilla,Andalucía
41420,Fuentes de Andalucía,Sevilla,Andalucía
41429,La Campana,Sevilla,Andalucía
41430,La Luisiana,Sevilla,Andalucía
41439,Fuentes de Andalucía,Sevilla,Andalucía
41439,Cañada Rosal,Sevilla,Andalucía
41440,Lora del Río,Sevilla,Andalucía
41449,Alcolea del Río,Sevilla,Andalucía
41450,Constantina,Sevilla,Andalucía
41460,Las Navas de la Concepción,Sevilla,Andalucía
41470,Peñaflor,Sevilla,Andalucía
41479,La Puebla de los Infantes,Sevilla,Andalucía
41500,Alcalá de Guadaíra,Sevilla,Andalucía
41510,Mairena del Alcor,Sevilla,Andalucía
41520,El Viso del Alcor,Sevilla,Andalucía
41530,Morón de la Frontera,Sevilla,Andalucía
41540,La Puebla de Cazalla,Sevilla,Andalucía
41550,Aguadulce,Sevilla,Andalucía
41560,Estepa,Sevilla,Andalucía
41563,Écija,Sevilla,Andalucía
41564,Lora de Estepa,Sevilla,Andalucía
41565,Gilena,Sevilla,Andalucía
41566,Pedrera,Sevilla,Andalucía
41567,Herrera,Sevilla,Andalucía
41568,El Rubio,Sevilla,Andalucía
41569,Marinaleda,Sevilla,Andalucía
41570,Badolatosa,Sevilla,Andalucía
41580,Casariche,Sevilla,Andalucía
41590,La Roda de Andalucía,Sevilla,Andalucía
41599,Badolatosa,Sevilla,Andalucía
41599,La Roda de Andalucía,Sevilla,Andalucía
41600,Arahal,Sevilla,Andalucía
41610,Paradas,Sevilla,Andalucía
41620,Marchena,Sevilla,Andalucía
41630,Lantejuela,Sevilla,Andalucía
41640,Osuna,Sevilla,Andalucía
41650,El Saucejo,Sevilla,Andalucía
41657,Los Corrales,Sevilla,Andalucía
41658,Martín de la Jara,Sevilla,Andalucía
41659,El Saucejo,Sevilla,Andalucía
41660,Villanueva de San Juan,Sevilla,Andalucía
41661,Algámitas,Sevilla,Andalucía
41670,Pruna,Sevilla,Andalucía
41701,Dos Hermanas,Sevilla,Andalucía
41702,Dos Hermanas,Sevilla,Andalucía
41703,Dos Hermanas,Sevilla,Andalucía
41703,Sevilla,Sevilla,Andalucía
41704,Dos Hermanas,Sevilla,Andalucía
41710,Utrera,Sevilla,Andalucía
41719,Utrera,Sevilla,Andalucía
41720,Los Palacios y Villafranca,Sevilla,Andalucía
41720,Utrera,Sevilla,Andalucía
41727,Los Palacios y Villafranca,Sevilla,Andalucía
41727,Utrera,Sevilla,Andalucía
41728,Dos Hermanas,Sevilla,Andalucía
41728,Los Palacios y Villafranca,Sevilla,Andalucía
41728,Utrera,Sevilla,Andalucía
41730,Las Cabezas de San Juan,Sevilla,Andalucía
41731,Las Cabezas de San Juan,Sevilla,Andalucía
41740,Lebrija,Sevilla,Andalucía
41749,El Cuervo de Sevilla,Sevilla,Andalucía
41750,Los Molares,Sevilla,Andalucía
41760,El Coronil,Sevilla,Andalucía
41770,Montellano,Sevilla,Andalucía
41780,Coripe,Sevilla,Andalucía
41800,Sanlúcar la Mayor,Sevilla,Andalucía
41804,Olivares,Sevilla,Andalucía
41805,Benacazón,Sevilla,Andalucía
41806,Umbrete,Sevilla,Andalucía
41807,Espartinas,Sevilla,Andalucía
41808,Villanueva del Ariscal,Sevilla,Andalucía
41809,Albaida del Aljarafe,Sevilla,Andalucía
41810,Castilleja del Campo,Sevilla,Andalucía
41820,Carrión de los Céspedes,Sevilla,Andalucía
41830,Huévar del Aljarafe,Sevilla,Andalucía
41840,Pilas,Sevilla,Andalucía
41849,Aznalcázar,Sevilla,Andalucía
41850,Villamanrique de la Condesa,Sevilla,Andalucía
41860,Gerena,Sevilla,Andalucía
41870,Aznalcóllar,Sevilla,Andalucía
41880,El Ronquillo,Sevilla,Andalucía
41888,El Garrobo,Sevilla,Andalucía
41889,El Castillo de las Guardas,Sevilla,Andalucía
41890,El Castillo de las Guardas,Sevilla,Andalucía
41897,El Madroño,Sevilla,Andalucía
41898,El Castillo de las Guardas,Sevilla,Andalucía
41898,El Madroño,Sevilla,Andalucía
41899,El Castillo de las Guardas,Sevilla,Andalucía
41900,Camas,Sevilla,Andalucía
41907,Valencina de la Concepción,Sevilla,Andalucía
41908,Castilleja de Guzmán,Sevilla,Andalucía
41909,Salteras,Sevilla,Andalucía
41910,Camas,Sevilla,Andalucía
41920,San Juan de Aznalfarache,Sevilla,Andalucía
41927,Mairena del Aljarafe,Sevilla,Andalucía
41928,Palomares del Río,Sevilla,Andalucía
41930,Bormujos,Sevilla,Andalucía
41940,Tomares,Sevilla,Andalucía
41950,Castilleja de la Cuesta,Sevilla,Andalucía
41960,Gines,Sevilla,Andalucía
41970,Santiponce,Sevilla,Andalucía
41980,La Algaba,Sevilla,Andalucía
41989,La Algaba,Sevilla,Andalucía
42001,Soria,Soria,Castilla y León
42002,Soria,Soria,Castilla y León
42003,Soria,Soria,Castilla y León
42004,Soria,Soria,Castilla y León
42005,Soria,Soria,Castilla y León
42100,Ágreda,Soria,Castilla y León
42107,Ágreda,Soria,Castilla y León
42107,Beratón,Soria,Castilla y León
42107,Borobia,Soria,Castilla y León
42107,Cueva de Ágreda,Soria,Castilla y León
42107,Vozmediano,Soria,Castilla y León
42108,Ágreda,Soria,Castilla y León
42108,Castilruiz,Soria,Castilla y León
42108,Dévanos,Soria,Castilla y León
42108,Ólvega,Soria,Castilla y León
42110,Ólvega,Soria,Castilla y León
42112,Aldealpozo,Soria,Castilla y León
42112,Arancón,Soria,Castilla y León
42112,Hinojosa del Campo,Soria,Castilla y León
42112,Pinilla del Campo,Soria,Castilla y León
42112,Pozalmuro,Soria,Castilla y León
42112,Tajahuerce,Soria,Castilla y León
42112,Valdegeña,Soria,Castilla y León
42112,Villar del Campo,Soria,Castilla y León
42113,Castilruiz,Soria,Castilla y León
42113,Cigudosa,Soria,Castilla y León
42113,Fuentestrún,Soria,Castilla y León
42113,Matalebreras,Soria,Castilla y León
42113,San Felices,Soria,Castilla y León
42113,Trévago,Soria,Castilla y León
42113,Valdelagua del Cerro,Soria,Castilla y León
42120,Gómara,Soria,Castilla y León
42126,Almazul,Soria,Castilla y León
42126,Carabantes,Soria,Castilla y León
42126,Cihuela,Soria,Castilla y León
42126,Deza,Soria,Castilla y León
42126,Quiñonería,Soria,Castilla y León
42126,Reznos,Soria,Castilla y León
42127,Almazul,Soria,Castilla y León
42127,Gómara,Soria,Castilla y León
42127,Serón de Nágima,Soria,Castilla y León
42128,Aldealafuente,Soria,Castilla y León
42128,Bliecos,Soria,Castilla y León
42128,Tejado,Soria,Castilla y León
42130,Almenar de Soria,Soria,Castilla y León
42130,Cabrejas del Campo,Soria,Castilla y León
42130,Candilichera,Soria,Castilla y León
42132,Aliud,Soria,Castilla y León
42132,Almenar de Soria,Soria,Castilla y León
42132,Buberos,Soria,Castilla y León
42132,Gómara,Soria,Castilla y León
42132,Noviercas,Soria,Castilla y León
42132,Villaseca de Arciel,Soria,Castilla y León
42134,Alconaba,Soria,Castilla y León
42134,Aldealafuente,Soria,Castilla y León
42134,Candilichera,Soria,Castilla y León
42134,Renieblas,Soria,Castilla y León
42138,Almenar de Soria,Soria,Castilla y León
42138,Ciria,Soria,Castilla y León
42138,Portillo de Soria,Soria,Castilla y León
42138,Torrubia de Soria,Soria,Castilla y León
42140,San Leonardo de Yagüe,Soria,Castilla y León
42141,Espeja de San Marcelino,Soria,Castilla y León
42141,Fuentearmegil,Soria,Castilla y León
42141,Nafría de Ucero,Soria,Castilla y León
42141,San Leonardo de Yagüe,Soria,Castilla y León
42141,Santa María de las Hoyas,Soria,Castilla y León
42142,Espeja de San Marcelino,Soria,Castilla y León
42142,Espejón,Soria,Castilla y León
42142,Santa María de las Hoyas,Soria,Castilla y León
42145,Cidones,Soria,Castilla y León
42146,Abejar,Soria,Castilla y León
42146,Cabrejas del Pinar,Soria,Castilla y León
42148,Casarejos,Soria,Castilla y León
42148,Cubilla,Soria,Castilla y León
42148,Herrera de Soria,Soria,Castilla y León
42148,Muriel Viejo,Soria,Castilla y León
42148,Talveila,Soria,Castilla y León
42148,Vadillo,Soria,Castilla y León
42149,Navaleno,Soria,Castilla y León
42150,Vinuesa,Soria,Castilla y León
42153,Garray,Soria,Castilla y León
42153,El Royo,Soria,Castilla y León
42156,Molinos de Duero,Soria,Castilla y León
42156,Salduero,Soria,Castilla y León
42156,Vinuesa,Soria,Castilla y León
42157,Covaleda,Soria,Castilla y León
42158,Duruelo de la Sierra,Soria,Castilla y León
42159,El Royo,Soria,Castilla y León
42161,Almarza,Soria,Castilla y León
42161,Arévalo de la Sierra,Soria,Castilla y León
42162,Buitrago,Soria,Castilla y León
42162,Fuentecantos,Soria,Castilla y León
42162,Fuentelsaz de Soria,Soria,Castilla y León
42162,Garray,Soria,Castilla y León
42162,Los Villares de Soria,Soria,Castilla y León
42164,Almarza,Soria,Castilla y León
42165,Rebollar,Soria,Castilla y León
42165,Rollamienta,Soria,Castilla y León
42165,Sotillo del Rincón,Soria,Castilla y León
42165,Valdeavellano de Tera,Soria,Castilla y León
42165,Villar del Ala,Soria,Castilla y León
42166,Sotillo del Rincón,Soria,Castilla y León
42167,Almarza,Soria,Castilla y León
42169,Almarza,Soria,Castilla y León
42169,La Póveda de Soria,Soria,Castilla y León
42172,Ausejo de la Sierra,Soria,Castilla y León
42172,Oncala,Soria,Castilla y León
42172,Villar del Río,Soria,Castilla y León
42172,Yanguas,Soria,Castilla y León
42173,Las Aldehuelas,Soria,Castilla y León
42173,Santa Cruz de Yanguas,Soria,Castilla y León
42173,Villar del Río,Soria,Castilla y León
42173,Vizmanos,Soria,Castilla y León
42174,Las Aldehuelas,Soria,Castilla y León
42174,San Pedro Manrique,Soria,Castilla y León
42174,Villar del Río,Soria,Castilla y León
42175,Cerbón,Soria,Castilla y León
42175,San Pedro Manrique,Soria,Castilla y León
42180,Aldealices,Soria,Castilla y León
42180,Aldealseñor,Soria,Castilla y León
42180,Aldehuela de Periáñez,Soria,Castilla y León
42180,Almajano,Soria,Castilla y León
42180,Arancón,Soria,Castilla y León
42180,Carrascosa de la Sierra,Soria,Castilla y León
42180,Castilfrío de la Sierra,Soria,Castilla y León
42180,Cirujales del Río,Soria,Castilla y León
42180,Estepa de San Juan,Soria,Castilla y León
42180,Los Villares de Soria,Soria,Castilla y León
42181,Cerbón,Soria,Castilla y León
42181,Fuentes de Magaña,Soria,Castilla y León
42181,La Losilla,Soria,Castilla y León
42181,Magaña,Soria,Castilla y León
42181,Valdeprado,Soria,Castilla y León
42181,Valtajeros,Soria,Castilla y León
42189,Narros,Soria,Castilla y León
42189,Renieblas,Soria,Castilla y León
42189,Suellacabras,Soria,Castilla y León
42189,Velilla de la Sierra,Soria,Castilla y León
42190,Golmayo,Soria,Castilla y León
42190,Soria,Soria,Castilla y León
42191,Cubo de la Solana,Soria,Castilla y León
42191,Los Rábanos,Soria,Castilla y León
42191,Soria,Soria,Castilla y León
42192,Golmayo,Soria,Castilla y León
42192,Villaciervos,Soria,Castilla y León
42193,Blacos,Soria,Castilla y León
42193,Burgo de Osma-Ciudad de Osma,Soria,Castilla y León
42193,Calatañazor,Soria,Castilla y León
42193,Golmayo,Soria,Castilla y León
42193,Muriel de la Fuente,Soria,Castilla y León
42193,Rioseco de Soria,Soria,Castilla y León
42193,Torreblacos,Soria,Castilla y León
42193,Valdenebro,Soria,Castilla y León
42200,Almazán,Soria,Castilla y León
42210,Barca,Soria,Castilla y León
42210,Velamazán,Soria,Castilla y León
42211,Almazán,Soria,Castilla y León
42211,Centenera de Andaluz,Soria,Castilla y León
42211,Matamala de Almazán,Soria,Castilla y León
42212,Almazán,Soria,Castilla y León
42213,Alcubilla de las Peñas,Soria,Castilla y León
42213,Alpanseque,Soria,Castilla y León
42213,Baraona,Soria,Castilla y León
42214,Baraona,Soria,Castilla y León
42214,Villasayas,Soria,Castilla y León
42216,Adradas,Soria,Castilla y León
42216,Baraona,Soria,Castilla y León
42216,Coscurita,Soria,Castilla y León
42216,Frechilla de Almazán,Soria,Castilla y León
42216,Morón de Almazán,Soria,Castilla y León
42216,Taroda,Soria,Castilla y León
42218,Borjabad,Soria,Castilla y León
42218,Nepas,Soria,Castilla y León
42218,Tejado,Soria,Castilla y León
42218,Viana de Duero,Soria,Castilla y León
42220,Cañamaque,Soria,Castilla y León
42220,Fuentelmonge,Soria,Castilla y León
42220,Monteagudo de las Vicarías,Soria,Castilla y León
42220,Torlengua,Soria,Castilla y León
42222,Almaluez,Soria,Castilla y León
42223,Coscurita,Soria,Castilla y León
42223,Escobosa de Almazán,Soria,Castilla y León
42223,Morón de Almazán,Soria,Castilla y León
42223,Nolay,Soria,Castilla y León
42223,Soliedra,Soria,Castilla y León
42225,Alentisque,Soria,Castilla y León
42225,Maján,Soria,Castilla y León
42225,Momblona,Soria,Castilla y León
42225,Velilla de los Ajos,Soria,Castilla y León
42230,Medinaceli,Soria,Castilla y León
42230,Miño de Medinaceli,Soria,Castilla y León
42230,Yelo,Soria,Castilla y León
42240,Arcos de Jalón,Soria,Castilla y León
42240,Medinaceli,Soria,Castilla y León
42248,Medinaceli,Soria,Castilla y León
42250,Arcos de Jalón,Soria,Castilla y León
42257,Arcos de Jalón,Soria,Castilla y León
42258,Almaluez,Soria,Castilla y León
42258,Arcos de Jalón,Soria,Castilla y León
42259,Arcos de Jalón,Soria,Castilla y León
42260,Santa María de Huerta,Soria,Castilla y León
42269,Arcos de Jalón,Soria,Castilla y León
42269,Monteagudo de las Vicarías,Soria,Castilla y León
42269,Alconchel de Ariza,Zaragoza,Aragón
42269,Monreal de Ariza,Zaragoza,Aragón
42269,Pozuel de Ariza,Zaragoza,Aragón
42269,Torrehermosa,Zaragoza,Aragón
42290,Cubo de la Solana,Soria,Castilla y León
42290,Golmayo,Soria,Castilla y León
42290,Los Rábanos,Soria,Castilla y León
42291,Quintana Redonda,Soria,Castilla y León
42291,Tardelcuende,Soria,Castilla y León
42294,Fuentepinilla,Soria,Castilla y León
42294,Golmayo,Soria,Castilla y León
42294,Quintana Redonda,Soria,Castilla y León
42294,Tardelcuende,Soria,Castilla y León
42294,Valderrodilla,Soria,Castilla y León
42300,Burgo de Osma-Ciudad de Osma,Soria,Castilla y León
42310,Burgo de Osma-Ciudad de Osma,Soria,Castilla y León
42311,Burgo de Osma-Ciudad de Osma,Soria,Castilla y León
42311,Caracena,Soria,Castilla y León
42311,Carrascosa de Abajo,Soria,Castilla y León
42311,Fresno de Caracena,Soria,Castilla y León
42311,Villanueva de Gormaz,Soria,Castilla y León
42313,Burgo de Osma-Ciudad de Osma,Soria,Castilla y León
42313,Gormaz,Soria,Castilla y León
42313,Quintanas de Gormaz,Soria,Castilla y León
42313,Recuerda,Soria,Castilla y León
42313,Valdenebro,Soria,Castilla y León
42315,Recuerda,Soria,Castilla y León
42315,Retortillo de Soria,Soria,Castilla y León
42317,Talveila,Soria,Castilla y León
42317,Ucero,Soria,Castilla y León
42317,Valdemaluque,Soria,Castilla y León
42318,Burgo de Osma-Ciudad de Osma,Soria,Castilla y León
42318,Valdemaluque,Soria,Castilla y León
42320,Langa de Duero,Soria,Castilla y León
42320,San Esteban de Gormaz,Soria,Castilla y León
42328,Castillejo de Robledo,Soria,Castilla y León
42328,Langa de Duero,Soria,Castilla y León
42328,Miño de San Esteban,Soria,Castilla y León
42329,Langa de Duero,Soria,Castilla y León
42330,San Esteban de Gormaz,Soria,Castilla y León
42340,San Esteban de Gormaz,Soria,Castilla y León
42341,Liceras,Soria,Castilla y León
42341,Montejo de Tiermes,Soria,Castilla y León
42342,Fuentecambrón,Soria,Castilla y León
42342,Montejo de Tiermes,Soria,Castilla y León
42342,San Esteban de Gormaz,Soria,Castilla y León
42344,Montejo de Tiermes,Soria,Castilla y León
42345,San Esteban de Gormaz,Soria,Castilla y León
42351,Alcubilla de Avellaneda,Soria,Castilla y León
42351,Burgo de Osma-Ciudad de Osma,Soria,Castilla y León
42351,Fuentearmegil,Soria,Castilla y León
42351,San Esteban de Gormaz,Soria,Castilla y León
42360,Berlanga de Duero,Soria,Castilla y León
42365,Berlanga de Duero,Soria,Castilla y León
42365,Tajueco,Soria,Castilla y León
42365,Velamazán,Soria,Castilla y León
42366,Bayubas de Abajo,Soria,Castilla y León
42366,Bayubas de Arriba,Soria,Castilla y León
42366,Berlanga de Duero,Soria,Castilla y León
42367,Berlanga de Duero,Soria,Castilla y León
42367,Caltojar,Soria,Castilla y León
42368,Arenillas,Soria,Castilla y León
42368,Barcones,Soria,Castilla y León
42368,Berlanga de Duero,Soria,Castilla y León
42368,Rello,Soria,Castilla y León
42368,La Riba de Escalote,Soria,Castilla y León
42391,Burgo de Osma-Ciudad de Osma,Soria,Castilla y León
42391,San Esteban de Gormaz,Soria,Castilla y León
43001,Tarragona,Tarragona,Cataluña
43002,Tarragona,Tarragona,Cataluña
43003,Tarragona,Tarragona,Cataluña
43004,Tarragona,Tarragona,Cataluña
43005,Tarragona,Tarragona,Cataluña
43006,Tarragona,Tarragona,Cataluña
43007,Tarragona,Tarragona,Cataluña
43008,Tarragona,Tarragona,Cataluña
43100,Tarragona,Tarragona,Cataluña
43110,Tarragona,Tarragona,Cataluña
43120,Constantí,Tarragona,Cataluña
43130,Tarragona,Tarragona,Cataluña
43140,La Pobla de Mafumet,Tarragona,Cataluña
43141,Vilallonga del Camp,Tarragona,Cataluña
43142,El Rourell,Tarragona,Cataluña
43143,La Masó,Tarragona,Cataluña
43143,El Milà,Tarragona,Cataluña
43144,Vallmoll,Tarragona,Cataluña
43150,El Catllar,Tarragona,Cataluña
43151,Els Pallaresos,Tarragona,Cataluña
43152,Perafort,Tarragona,Cataluña
43153,Els Garidells,Tarragona,Cataluña
43154,La Secuita,Tarragona,Cataluña
43155,Perafort,Tarragona,Cataluña
43178,Albinyana,Tarragona,Cataluña
43201,Reus,Tarragona,Cataluña
43202,Reus,Tarragona,Cataluña
43203,Reus,Tarragona,Cataluña
43204,Reus,Tarragona,Cataluña
43205,Reus,Tarragona,Cataluña
43206,Reus,Tarragona,Cataluña
43206,Vila-seca,Tarragona,Cataluña
43300,Mont-roig del Camp,Tarragona,Cataluña
43310,Colldejou,Tarragona,Cataluña
43311,Vilanova d'Escornalbou,Tarragona,Cataluña
43312,Vilanova d'Escornalbou,Tarragona,Cataluña
43320,Pratdip,Tarragona,Cataluña
43320,Tivissa,Tarragona,Cataluña
43321,Pratdip,Tarragona,Cataluña
43330,Riudoms,Tarragona,Cataluña
43340,Montbrió del Camp,Tarragona,Cataluña
43350,Les Borges del Camp,Tarragona,Cataluña
43360,Cornudella de Montsant,Tarragona,Cataluña
43361,La Morera de Montsant,Tarragona,Cataluña
43362,Cornudella de Montsant,Tarragona,Cataluña
43363,Ulldemolins,Tarragona,Cataluña
43364,Capafonts,Tarragona,Cataluña
43364,La Febró,Tarragona,Cataluña
43364,Mont-ral,Tarragona,Cataluña
43364,Prades,Tarragona,Cataluña
43365,Alforja,Tarragona,Cataluña
43365,Arbolí,Tarragona,Cataluña
43370,La Palma d'Ebre,Tarragona,Cataluña
43371,Margalef,Tarragona,Cataluña
43372,La Bisbal de Montsant,Tarragona,Cataluña
43373,Cabacés,Tarragona,Cataluña
43374,La Vilella Baixa,Tarragona,Cataluña
43375,La Vilella Alta,Tarragona,Cataluña
43376,Poboleda,Tarragona,Cataluña
43379,La Morera de Montsant,Tarragona,Cataluña
43380,Vilaplana,Tarragona,Cataluña
43381,L'Aleixar,Tarragona,Cataluña
43382,Maspujols,Tarragona,Cataluña
43390,Riudecols,Tarragona,Cataluña
43391,Vinyols i els Arcs,Tarragona,Cataluña
43392,Castellvell del Camp,Tarragona,Cataluña
43393,Almoster,Tarragona,Cataluña
43400,Montblanc,Tarragona,Cataluña
43410,Montblanc,Tarragona,Cataluña
43411,Blancafort,Tarragona,Cataluña
43412,Solivella,Tarragona,Cataluña
43413,Passanant i Belltall,Tarragona,Cataluña
43414,Montblanc,Tarragona,Cataluña
43415,Montblanc,Tarragona,Cataluña
43420,Santa Coloma de Queralt,Tarragona,Cataluña
43421,Bellprat,Barcelona,Cataluña
43421,Pontils,Tarragona,Cataluña
43422,Barberà de la Conca,Tarragona,Cataluña
43423,Pira,Tarragona,Cataluña
43424,Sarral,Tarragona,Cataluña
43425,Forès,Tarragona,Cataluña
43425,Passanant i Belltall,Tarragona,Cataluña
43425,Sarral,Tarragona,Cataluña
43426,Rocafort de Queralt,Tarragona,Cataluña
43427,Conesa,Tarragona,Cataluña
43427,Llorac,Tarragona,Cataluña
43427,Savallà del Comtat,Tarragona,Cataluña
43427,Vallfogona de Riucorb,Tarragona,Cataluña
43428,Les Piles,Tarragona,Cataluña
43428,Pontils,Tarragona,Cataluña
43428,Sarral,Tarragona,Cataluña
43429,Les Piles,Tarragona,Cataluña
43429,Santa Coloma de Queralt,Tarragona,Cataluña
43430,Vimbodí i Poblet,Tarragona,Cataluña
43439,Vallclara,Tarragona,Cataluña
43439,Vilanova de Prades,Tarragona,Cataluña
43440,L'Espluga de Francolí,Tarragona,Cataluña
43448,Vimbodí i Poblet,Tarragona,Cataluña
43449,Senan,Tarragona,Cataluña
43450,La Riba,Tarragona,Cataluña
43459,Montblanc,Tarragona,Cataluña
43459,Mont-ral,Tarragona,Cataluña
43460,Alcover,Tarragona,Cataluña
43461,Alcover,Tarragona,Cataluña
43470,La Selva del Camp,Tarragona,Cataluña
43479,L'Albiol,Tarragona,Cataluña
43480,Vila-seca,Tarragona,Cataluña
43481,Vila-seca,Tarragona,Cataluña
43490,Vilaverd,Tarragona,Cataluña
43491,Valls,Tarragona,Cataluña
43500,Tortosa,Tarragona,Cataluña
43510,Tortosa,Tarragona,Cataluña
43511,Tivenys,Tarragona,Cataluña
43512,Benifallet,Tarragona,Cataluña
43513,Rasquera,Tarragona,Cataluña
43514,Mas de Barberans,Tarragona,Cataluña
43515,La Galera,Tarragona,Cataluña
43516,Godall,Tarragona,Cataluña
43517,Tortosa,Tarragona,Cataluña
43519,El Perelló,Tarragona,Cataluña
43520,Roquetes,Tarragona,Cataluña
43527,Tortosa,Tarragona,Cataluña
43528,Alfara de Carles,Tarragona,Cataluña
43529,Roquetes,Tarragona,Cataluña
43530,Alcanar,Tarragona,Cataluña
43540,La Ràpita,Tarragona,Cataluña
43548,La Ràpita,Tarragona,Cataluña
43549,Amposta,Tarragona,Cataluña
43550,Ulldecona,Tarragona,Cataluña
43558,Freginals,Tarragona,Cataluña
43558,Ulldecona,Tarragona,Cataluña
43559,Ulldecona,Tarragona,Cataluña
43560,La Sénia,Tarragona,Cataluña
43569,Alcanar,Tarragona,Cataluña
43570,Santa Bàrbara,Tarragona,Cataluña
43580,Deltebre,Tarragona,Cataluña
43590,Tortosa,Tarragona,Cataluña
43591,Aldover,Tarragona,Cataluña
43592,Xerta,Tarragona,Cataluña
43593,Paüls,Tarragona,Cataluña
43594,El Pinell de Brai,Tarragona,Cataluña
43595,Prat de Comte,Tarragona,Cataluña
43596,Horta de Sant Joan,Tarragona,Cataluña
43597,Arnes,Tarragona,Cataluña
43700,El Vendrell,Tarragona,Cataluña
43710,Santa Oliva,Tarragona,Cataluña
43711,Banyeres del Penedès,Tarragona,Cataluña
43712,Llorenç del Penedès,Tarragona,Cataluña
43713,Sant Jaume dels Domenys,Tarragona,Cataluña
43714,Aiguamúrcia,Tarragona,Cataluña
43714,El Montmell,Tarragona,Cataluña
43715,Querol,Tarragona,Cataluña
43716,Albinyana,Tarragona,Cataluña
43717,La Bisbal del Penedès,Tarragona,Cataluña
43718,Albinyana,Tarragona,Cataluña
43718,Masllorenç,Tarragona,Cataluña
43718,El Montmell,Tarragona,Cataluña
43719,Bellvei,Tarragona,Cataluña
43720,L'Arboç,Tarragona,Cataluña
43730,Falset,Tarragona,Cataluña
43736,La Figuera,Tarragona,Cataluña
43736,El Masroig,Tarragona,Cataluña
43736,El Molar,Tarragona,Cataluña
43737,Gratallops,Tarragona,Cataluña
43737,El Lloar,Tarragona,Cataluña
43737,Torroja del Priorat,Tarragona,Cataluña
43738,Bellmunt del Priorat,Tarragona,Cataluña
43739,Porrera,Tarragona,Cataluña
43740,Móra d'Ebre,Tarragona,Cataluña
43746,Tivissa,Tarragona,Cataluña
43747,Benissanet,Tarragona,Cataluña
43747,Miravet,Tarragona,Cataluña
43748,Ginestar,Tarragona,Cataluña
43749,Garcia,Tarragona,Cataluña
43750,Flix,Tarragona,Cataluña
43760,El Morell,Tarragona,Cataluña
43761,La Pobla de Montornès,Tarragona,Cataluña
43762,La Riera de Gaià,Tarragona,Cataluña
43763,La Nou de Gaià,Tarragona,Cataluña
43763,Vespella de Gaià,Tarragona,Cataluña
43764,El Catllar,Tarragona,Cataluña
43765,La Secuita,Tarragona,Cataluña
43770,Móra la Nova,Tarragona,Cataluña
43771,Riudecanyes,Tarragona,Cataluña
43772,Botarell,Tarragona,Cataluña
43773,L'Argentera,Tarragona,Cataluña
43773,Duesaigües,Tarragona,Cataluña
43774,Pradell de la Teixeta,Tarragona,Cataluña
43774,La Torre de Fontaubella,Tarragona,Cataluña
43775,Marçà,Tarragona,Cataluña
43776,Capçanes,Tarragona,Cataluña
43777,Els Guiamets,Tarragona,Cataluña
43780,Gandesa,Tarragona,Cataluña
43781,La Fatarella,Tarragona,Cataluña
43782,Vilalba dels Arcs,Tarragona,Cataluña
43783,La Pobla de Massaluca,Tarragona,Cataluña
43784,Corbera d'Ebre,Tarragona,Cataluña
43785,Bot,Tarragona,Cataluña
43786,Batea,Tarragona,Cataluña
43787,Caseres,Tarragona,Cataluña
43790,Riba-roja d'Ebre,Tarragona,Cataluña
43791,Ascó,Tarragona,Cataluña
43792,La Torre de l'Espanyol,Tarragona,Cataluña
43792,Vinebre,Tarragona,Cataluña
43800,Valls,Tarragona,Cataluña
43810,El Pla de Santa Maria,Tarragona,Cataluña
43811,Cabra del Camp,Tarragona,Cataluña
43811,Figuerola del Camp,Tarragona,Cataluña
43812,Bràfim,Tarragona,Cataluña
43812,Montferri,Tarragona,Cataluña
43812,El Montmell,Tarragona,Cataluña
43812,Puigpelat,Tarragona,Cataluña
43812,Rodonyà,Tarragona,Cataluña
43813,Alió,Tarragona,Cataluña
43813,Figuerola del Camp,Tarragona,Cataluña
43813,Valls,Tarragona,Cataluña
43814,Vila-rodona,Tarragona,Cataluña
43815,Aiguamúrcia,Tarragona,Cataluña
43816,Querol,Tarragona,Cataluña
43817,El Pont d'Armentera,Tarragona,Cataluña
43820,Calafell,Tarragona,Cataluña
43830,Torredembarra,Tarragona,Cataluña
43839,Creixell,Tarragona,Cataluña
43840,Salou,Tarragona,Cataluña
43850,Cambrils,Tarragona,Cataluña
43860,L'Ametlla de Mar,Tarragona,Cataluña
43870,Amposta,Tarragona,Cataluña
43877,Sant Jaume d'Enveja,Tarragona,Cataluña
43878,Masdenverge,Tarragona,Cataluña
43879,Amposta,Tarragona,Cataluña
43879,Sant Jaume d'Enveja,Tarragona,Cataluña
43880,El Vendrell,Tarragona,Cataluña
43881,Cunit,Tarragona,Cataluña
43882,Calafell,Tarragona,Cataluña
43883,Roda de Berà,Tarragona,Cataluña
43884,Bonastre,Tarragona,Cataluña
43885,Salomó,Tarragona,Cataluña
43886,Renau,Tarragona,Cataluña
43886,Vilabella,Tarragona,Cataluña
43887,Nulles,Tarragona,Cataluña
43890,Vandellòs i l'Hospitalet de l'Infant,Tarragona,Cataluña
43891,Vandellòs i l'Hospitalet de l'Infant,Tarragona,Cataluña
43892,Mont-roig del Camp,Tarragona,Cataluña
43893,Altafulla,Tarragona,Cataluña
43894,Camarles,Tarragona,Cataluña
43895,L'Ampolla,Tarragona,Cataluña
43896,L'Aldea,Tarragona,Cataluña
43897,Tortosa,Tarragona,Cataluña
44001,Teruel,Teruel,Aragón
44002,Teruel,Teruel,Aragón
44003,Teruel,Teruel,Aragón
44100,Albarracín,Teruel,Aragón
44110,Gea de Albarracín,Teruel,Aragón
44111,Torres de Albarracín,Teruel,Aragón
44112,Tramacastilla,Teruel,Aragón
44113,Noguera de Albarracín,Teruel,Aragón
44114,Griegos,Teruel,Aragón
44114,Villar del Cobo,Teruel,Aragón
44115,Guadalaviar,Teruel,Aragón
44120,Terriente,Teruel,Aragón
44121,Bezas,Teruel,Aragón
44121,Rubiales,Teruel,Aragón
44121,Teruel,Teruel,Aragón
44122,Jabaloyas,Teruel,Aragón
44122,Saldón,Teruel,Aragón
44122,Valdecuenca,Teruel,Aragón
44123,Albarracín,Teruel,Aragón
44123,Jabaloyas,Teruel,Aragón
44123,Toril y Masegoso,Teruel,Aragón
44123,El Vallecillo,Teruel,Aragón
44124,Moscardón,Teruel,Aragón
44125,Royuela,Teruel,Aragón
44126,Calomarde,Teruel,Aragón
44126,Frías de Albarracín,Teruel,Aragón
44130,Villastar,Teruel,Aragón
44131,Villel,Teruel,Aragón
44132,Libros,Teruel,Aragón
44132,Tramacastiel,Teruel,Aragón
44133,Riodeva,Teruel,Aragón
44133,Tramacastiel,Teruel,Aragón
44134,Alobras,Teruel,Aragón
44134,El Cuervo,Teruel,Aragón
44134,Tormón,Teruel,Aragón
44134,Veguillas de la Sierra,Teruel,Aragón
44140,Cantavieja,Teruel,Aragón
44140,Cañada de Benatanduz,Teruel,Aragón
44141,La Cuba,Teruel,Aragón
44141,Mirambel,Teruel,Aragón
44141,Tronchón,Teruel,Aragón
44142,La Iglesuela del Cid,Teruel,Aragón
44143,Fortanete,Teruel,Aragón
44144,Villarroya de los Pinares,Teruel,Aragón
44145,Allepuz,Teruel,Aragón
44146,Monteagudo del Castillo,Teruel,Aragón
44147,Cedrillas,Teruel,Aragón
44150,Aliaga,Teruel,Aragón
44155,Ababuj,Teruel,Aragón
44155,Camarillas,Teruel,Aragón
44155,El Pobo,Teruel,Aragón
44156,Aguilar del Alfambra,Teruel,Aragón
44156,Jorcas,Teruel,Aragón
44157,Hinojosa de Jarque,Teruel,Aragón
44158,Aliaga,Teruel,Aragón
44159,Miravete de la Sierra,Teruel,Aragón
44160,Alfambra,Teruel,Aragón
44161,Escorihuela,Teruel,Aragón
44161,Orrios,Teruel,Aragón
44161,Perales del Alfambra,Teruel,Aragón
44162,Cuevas Labradas,Teruel,Aragón
44162,Peralejos,Teruel,Aragón
44162,Teruel,Teruel,Aragón
44163,Perales del Alfambra,Teruel,Aragón
44164,Lidón,Teruel,Aragón
44164,Visiedo,Teruel,Aragón
44165,Argente,Teruel,Aragón
44166,Rubielos de la Cérida,Teruel,Aragón
44167,Camañas,Teruel,Aragón
44168,Cañada Vellida,Teruel,Aragón
44168,Galve,Teruel,Aragón
44169,Cuevas de Almudén,Teruel,Aragón
44169,Jarque de la Val,Teruel,Aragón
44169,Mezquita de Jarque,Teruel,Aragón
44190,Teruel,Teruel,Aragón
44191,Cascante del Río,Teruel,Aragón
44191,Cubla,Teruel,Aragón
44191,Valacloche,Teruel,Aragón
44192,Teruel,Teruel,Aragón
44193,Corbalán,Teruel,Aragón
44193,Teruel,Teruel,Aragón
44194,Celadas,Teruel,Aragón
44195,Teruel,Teruel,Aragón
44200,Calamocha,Teruel,Aragón
44210,Calamocha,Teruel,Aragón
44211,Calamocha,Teruel,Aragón
44212,Anadón,Teruel,Aragón
44212,Huesa del Común,Teruel,Aragón
44212,Loscos,Teruel,Aragón
44213,Huesa del Común,Teruel,Aragón
44213,Plou,Teruel,Aragón
44220,Barrachina,Teruel,Aragón
44220,Calamocha,Teruel,Aragón
44221,Torrecilla del Rebollar,Teruel,Aragón
44222,Torrecilla del Rebollar,Teruel,Aragón
44223,Villanueva del Rebollar de la Sierra,Teruel,Aragón
44230,Tornos,Teruel,Aragón
44231,Castejón de Tornos,Teruel,Aragón
44232,Bello,Teruel,Aragón
44233,Odón,Teruel,Aragón
44300,Monreal del Campo,Teruel,Aragón
44310,Ródenas,Teruel,Aragón
44311,Villar del Salz,Teruel,Aragón
44313,Ojos Negros,Teruel,Aragón
44314,Blancas,Teruel,Aragón
44315,Pozuel del Campo,Teruel,Aragón
44320,Báguena,Teruel,Aragón
44330,Burbáguena,Teruel,Aragón
44340,Fuentes Claras,Teruel,Aragón
44350,Caminreal,Teruel,Aragón
44357,Bañón,Teruel,Aragón
44357,Calamocha,Teruel,Aragón
44358,Cosa,Teruel,Aragón
44358,Torre los Negros,Teruel,Aragón
44359,Caminreal,Teruel,Aragón
44359,Torralba de los Sisones,Teruel,Aragón
44360,Santa Eulalia,Teruel,Aragón
44366,Orihuela del Tremedal,Teruel,Aragón
44367,Bronchales,Teruel,Aragón
44368,Monterde de Albarracín,Teruel,Aragón
44368,Pozondón,Teruel,Aragón
44369,Almohaja,Teruel,Aragón
44369,Peracense,Teruel,Aragón
44370,Cella,Teruel,Aragón
44380,Villarquemado,Teruel,Aragón
44381,Torremocha de Jiloca,Teruel,Aragón
44382,Aguatón,Teruel,Aragón
44382,Singra,Teruel,Aragón
44382,Torrelacárcel,Teruel,Aragón
44390,San Martín del Río,Teruel,Aragón
44391,Calamocha,Teruel,Aragón
44392,Calamocha,Teruel,Aragón
44393,Torrijo del Campo,Teruel,Aragón
44394,Bueña,Teruel,Aragón
44394,Villafranca del Campo,Teruel,Aragón
44395,Alba,Teruel,Aragón
44396,Teruel,Teruel,Aragón
44397,Teruel,Teruel,Aragón
44400,Mora de Rubielos,Teruel,Aragón
44409,Cabra de Mora,Teruel,Aragón
44409,El Castellar,Teruel,Aragón
44410,Mosqueruela,Teruel,Aragón
44411,Puertomingalvo,Teruel,Aragón
44412,Linares de Mora,Teruel,Aragón
44413,Valdelinares,Teruel,Aragón
44414,Nogueruelas,Teruel,Aragón
44415,Fuentes de Rubielos,Teruel,Aragón
44415,Rubielos de Mora,Teruel,Aragón
44420,Manzanera,Teruel,Aragón
44421,Arcos de las Salinas,Teruel,Aragón
44421,Torrijas,Teruel,Aragón
44422,Abejuela,Teruel,Aragón
44422,Manzanera,Teruel,Aragón
44423,Manzanera,Teruel,Aragón
44424,Sarrión,Teruel,Aragón
44430,Valbona,Teruel,Aragón
44431,Alcalá de la Selva,Teruel,Aragón
44432,Alcalá de la Selva,Teruel,Aragón
44433,Gúdar,Teruel,Aragón
44440,Formiche Alto,Teruel,Aragón
44441,Formiche Alto,Teruel,Aragón
44450,La Puebla de Valverde,Teruel,Aragón
44459,Camarena de la Sierra,Teruel,Aragón
44460,Sarrión,Teruel,Aragón
44477,Albentosa,Teruel,Aragón
44478,Olba,Teruel,Aragón
44479,Olba,Teruel,Aragón
44480,San Agustín,Teruel,Aragón
44490,Ferreruela de Huerva,Teruel,Aragón
44491,Bádenas,Teruel,Aragón
44491,Cucalón,Teruel,Aragón
44491,Lanzuela,Teruel,Aragón
44492,Allueva,Teruel,Aragón
44492,Bea,Teruel,Aragón
44492,Fonfría,Teruel,Aragón
44492,Lagueruela,Teruel,Aragón
44493,Loscos,Teruel,Aragón
44493,Monforte de Moyuela,Teruel,Aragón
44494,Villahermosa del Campo,Teruel,Aragón
44495,Calamocha,Teruel,Aragón
44496,Calamocha,Teruel,Aragón
44497,Nogueras,Teruel,Aragón
44497,Santa Cruz de Nogueras,Teruel,Aragón
44500,Andorra,Teruel,Aragón
44509,Alloza,Teruel,Aragón
44510,La Puebla de Híjar,Teruel,Aragón
44520,Samper de Calanda,Teruel,Aragón
44530,Híjar,Teruel,Aragón
44540,Albalate del Arzobispo,Teruel,Aragón
44547,Ariño,Teruel,Aragón
44548,Oliete,Teruel,Aragón
44549,Alacón,Teruel,Aragón
44550,Alcorisa,Teruel,Aragón
44555,Pitarque,Teruel,Aragón
44556,Berge,Teruel,Aragón
44556,Molinos,Teruel,Aragón
44557,Crivillén,Teruel,Aragón
44557,La Mata de los Olmos,Teruel,Aragón
44557,Los Olmos,Teruel,Aragón
44558,Estercuel,Teruel,Aragón
44558,Gargallo,Teruel,Aragón
44559,Ejulve,Teruel,Aragón
44559,Villarluengo,Teruel,Aragón
44560,Castellote,Teruel,Aragón
44561,Seno,Teruel,Aragón
44562,Castellote,Teruel,Aragón
44563,Bordón,Teruel,Aragón
44563,Castellote,Teruel,Aragón
44564,Mas de las Matas,Teruel,Aragón
44565,Castellote,Teruel,Aragón
44566,Aguaviva,Teruel,Aragón
44566,Las Parras de Castellote,Teruel,Aragón
44570,Calanda,Teruel,Aragón
44579,Foz-Calanda,Teruel,Aragón
44580,Valderrobres,Teruel,Aragón
44586,Peñarroya de Tastavins,Teruel,Aragón
44587,Fuentespalda,Teruel,Aragón
44588,Beceite,Teruel,Aragón
44589,La Portellada,Teruel,Aragón
44589,Ráfales,Teruel,Aragón
44590,Azaila,Teruel,Aragón
44591,Vinaceite,Teruel,Aragón
44591,Almochuel,Zaragoza,Aragón
44592,Castelnou,Teruel,Aragón
44592,Jatiel,Teruel,Aragón
44593,Urrea de Gaén,Teruel,Aragón
44594,Valdealgorfa,Teruel,Aragón
44595,Valjunquera,Teruel,Aragón
44596,La Fresneda,Teruel,Aragón
44597,Torre del Compte,Teruel,Aragón
44600,Alcañiz,Teruel,Aragón
44610,Calaceite,Teruel,Aragón
44620,Valdeltormo,Teruel,Aragón
44621,Mazaleón,Teruel,Aragón
44622,Arens de Lledó,Teruel,Aragón
44623,Cretas,Teruel,Aragón
44624,Lledó,Teruel,Aragón
44630,Castelserás,Teruel,Aragón
44640,La Codoñera,Teruel,Aragón
44640,Torrecilla de Alcañiz,Teruel,Aragón
44641,Torrevelilla,Teruel,Aragón
44642,Belmonte de San José,Teruel,Aragón
44643,La Cañada de Verich,Teruel,Aragón
44643,La Ginebrosa,Teruel,Aragón
44650,Fórnoles,Teruel,Aragón
44651,La Cerollera,Teruel,Aragón
44652,Monroyo,Teruel,Aragón
44653,Torre de Arcas,Teruel,Aragón
44660,Alcañiz,Teruel,Aragón
44661,Alcañiz,Teruel,Aragón
44700,Montalbán,Teruel,Aragón
44706,Castel de Cabra,Teruel,Aragón
44707,Cañizar del Olivar,Teruel,Aragón
44707,La Zoma,Teruel,Aragón
44708,Palomar de Arroyos,Teruel,Aragón
44709,Torre de las Arcas,Teruel,Aragón
44710,Rillo,Teruel,Aragón
44711,Fuentes Calientes,Teruel,Aragón
44712,Rillo,Teruel,Aragón
44720,Pancrudo,Teruel,Aragón
44721,Alpeñés,Teruel,Aragón
44721,Cosa,Teruel,Aragón
44730,Martín del Río,Teruel,Aragón
44730,Pancrudo,Teruel,Aragón
44740,Vivel del Río Martín,Teruel,Aragón
44741,Fuenferrada,Teruel,Aragón
44742,Vivel del Río Martín,Teruel,Aragón
44750,Martín del Río,Teruel,Aragón
44760,Utrillas,Teruel,Aragón
44769,Utrillas,Teruel,Aragón
44770,Escucha,Teruel,Aragón
44779,Escucha,Teruel,Aragón
44780,Muniesa,Teruel,Aragón
44790,Blesa,Teruel,Aragón
44791,Cortes de Aragón,Teruel,Aragón
44791,La Hoz de la Vieja,Teruel,Aragón
44791,Maicas,Teruel,Aragón
44792,Alcaine,Teruel,Aragón
44792,Josa,Teruel,Aragón
44792,Obón,Teruel,Aragón
44793,Salcedillo,Teruel,Aragón
44793,Segura de los Baños,Teruel,Aragón
45001,Toledo,Toledo,Castilla-La Mancha
45002,Toledo,Toledo,Castilla-La Mancha
45003,Toledo,Toledo,Castilla-La Mancha
45004,Toledo,Toledo,Castilla-La Mancha
45005,Toledo,Toledo,Castilla-La Mancha
45006,Toledo,Toledo,Castilla-La Mancha
45007,Toledo,Toledo,Castilla-La Mancha
45008,Toledo,Toledo,Castilla-La Mancha
45100,Sonseca,Toledo,Castilla-La Mancha
45109,Orgaz,Toledo,Castilla-La Mancha
45109,Sonseca,Toledo,Castilla-La Mancha
45110,Ajofrín,Toledo,Castilla-La Mancha
45111,Cobisa,Toledo,Castilla-La Mancha
45112,Burguillos de Toledo,Toledo,Castilla-La Mancha
45113,Chueca,Toledo,Castilla-La Mancha
45114,Mazarambroz,Toledo,Castilla-La Mancha
45120,San Pablo de los Montes,Toledo,Castilla-La Mancha
45121,Menasalbas,Toledo,Castilla-La Mancha
45122,Argés,Toledo,Castilla-La Mancha
45123,Layos,Toledo,Castilla-La Mancha
45124,Casasbuenas,Toledo,Castilla-La Mancha
45125,Pulgar,Toledo,Castilla-La Mancha
45126,Cuerva,Toledo,Castilla-La Mancha
45126,Mazarambroz,Toledo,Castilla-La Mancha
45127,Las Ventas con Peña Aguilera,Toledo,Castilla-La Mancha
45128,Menasalbas,Toledo,Castilla-La Mancha
45130,Los Navalucillos,Toledo,Castilla-La Mancha
45138,Los Navalucillos,Toledo,Castilla-La Mancha
45139,Los Navalucillos,Toledo,Castilla-La Mancha
45140,Los Navalmorales,Toledo,Castilla-La Mancha
45150,Navahermosa,Toledo,Castilla-La Mancha
45159,Hontanar,Toledo,Castilla-La Mancha
45159,Navahermosa,Toledo,Castilla-La Mancha
45159,Los Navalmorales,Toledo,Castilla-La Mancha
45160,Guadamur,Toledo,Castilla-La Mancha
45161,Polán,Toledo,Castilla-La Mancha
45162,Noez,Toledo,Castilla-La Mancha
45163,Totanés,Toledo,Castilla-La Mancha
45164,Gálvez,Toledo,Castilla-La Mancha
45165,San Martín de Montalbán,Toledo,Castilla-La Mancha
45170,San Martín de Pusa,Toledo,Castilla-La Mancha
45179,Villarejo de Montalbán,Toledo,Castilla-La Mancha
45180,Camarena,Toledo,Castilla-La Mancha
45181,Camarenilla,Toledo,Castilla-La Mancha
45182,Arcicóllar,Toledo,Castilla-La Mancha
45183,Las Ventas de Retamosa,Toledo,Castilla-La Mancha
45190,Nambroca,Toledo,Castilla-La Mancha
45191,Nambroca,Toledo,Castilla-La Mancha
45200,Illescas,Toledo,Castilla-La Mancha
45210,Yuncos,Toledo,Castilla-La Mancha
45211,Recas,Toledo,Castilla-La Mancha
45212,Lominchar,Toledo,Castilla-La Mancha
45213,Palomeque,Toledo,Castilla-La Mancha
45214,Cedillo del Condado,Toledo,Castilla-La Mancha
45215,El Viso de San Juan,Toledo,Castilla-La Mancha
45216,Carranque,Toledo,Castilla-La Mancha
45217,Ugena,Toledo,Castilla-La Mancha
45220,Yeles,Toledo,Castilla-La Mancha
45221,Esquivias,Toledo,Castilla-La Mancha
45222,Borox,Toledo,Castilla-La Mancha
45223,Seseña,Toledo,Castilla-La Mancha
45224,Seseña,Toledo,Castilla-La Mancha
45230,Numancia de la Sagra,Toledo,Castilla-La Mancha
45240,Alameda de la Sagra,Toledo,Castilla-La Mancha
45250,Añover de Tajo,Toledo,Castilla-La Mancha
45260,Villaseca de la Sagra,Toledo,Castilla-La Mancha
45270,Mocejón,Toledo,Castilla-La Mancha
45280,Olías del Rey,Toledo,Castilla-La Mancha
45290,Pantoja,Toledo,Castilla-La Mancha
45291,Cobeja,Toledo,Castilla-La Mancha
45292,Villaseca de la Sagra,Toledo,Castilla-La Mancha
45300,Ocaña,Toledo,Castilla-La Mancha
45310,Villatobas,Toledo,Castilla-La Mancha
45311,Dosbarrios,Toledo,Castilla-La Mancha
45312,Cabañas de Yepes,Toledo,Castilla-La Mancha
45313,Yepes,Toledo,Castilla-La Mancha
45314,Ciruelos,Toledo,Castilla-La Mancha
45340,Ontígola,Toledo,Castilla-La Mancha
45350,Noblejas,Toledo,Castilla-La Mancha
45360,Villarrubia de Santiago,Toledo,Castilla-La Mancha
45370,Santa Cruz de la Zarza,Toledo,Castilla-La Mancha
45400,Mora,Toledo,Castilla-La Mancha
45410,Villanueva de Bogas,Toledo,Castilla-La Mancha
45420,Almonacid de Toledo,Toledo,Castilla-La Mancha
45430,Mascaraque,Toledo,Castilla-La Mancha
45440,Villaminaya,Toledo,Castilla-La Mancha
45450,Orgaz,Toledo,Castilla-La Mancha
45460,Manzaneque,Toledo,Castilla-La Mancha
45470,Los Yébenes,Toledo,Castilla-La Mancha
45479,Marjaliza,Toledo,Castilla-La Mancha
45480,Urda,Toledo,Castilla-La Mancha
45500,Torrijos,Toledo,Castilla-La Mancha
45510,Fuensalida,Toledo,Castilla-La Mancha
45511,Huecas,Toledo,Castilla-La Mancha
45512,Portillo de Toledo,Toledo,Castilla-La Mancha
45513,Santa Cruz del Retamar,Toledo,Castilla-La Mancha
45514,Quismondo,Toledo,Castilla-La Mancha
45515,Maqueda,Toledo,Castilla-La Mancha
45516,La Puebla de Montalbán,Toledo,Castilla-La Mancha
45517,Escalonilla,Toledo,Castilla-La Mancha
45518,Gerindote,Toledo,Castilla-La Mancha
45519,Novés,Toledo,Castilla-La Mancha
45520,Villaluenga de la Sagra,Toledo,Castilla-La Mancha
45521,Burujón,Toledo,Castilla-La Mancha
45522,Albarreal de Tajo,Toledo,Castilla-La Mancha
45523,Alcabón,Toledo,Castilla-La Mancha
45524,Rielves,Toledo,Castilla-La Mancha
45525,Barcience,Toledo,Castilla-La Mancha
45526,Santo Domingo-Caudilla,Toledo,Castilla-La Mancha
45529,Yuncler,Toledo,Castilla-La Mancha
45530,Santa Olalla,Toledo,Castilla-La Mancha
45531,Carmena,Toledo,Castilla-La Mancha
45532,Carriches,Toledo,Castilla-La Mancha
45533,El Carpio de Tajo,Toledo,Castilla-La Mancha
45534,La Mata,Toledo,Castilla-La Mancha
45540,Erustes,Toledo,Castilla-La Mancha
45541,Mesegar de Tajo,Toledo,Castilla-La Mancha
45542,El Casar de Escalona,Toledo,Castilla-La Mancha
45543,Otero,Toledo,Castilla-La Mancha
45544,Domingo Pérez,Toledo,Castilla-La Mancha
45560,Oropesa,Toledo,Castilla-La Mancha
45567,Lagartera,Toledo,Castilla-La Mancha
45568,Las Ventas de San Julián,Toledo,Castilla-La Mancha
45569,Oropesa,Toledo,Castilla-La Mancha
45569,Torralba de Oropesa,Toledo,Castilla-La Mancha
45570,El Puente del Arzobispo,Toledo,Castilla-La Mancha
45571,Alcolea de Tajo,Toledo,Castilla-La Mancha
45571,Azután,Toledo,Castilla-La Mancha
45572,Torrico,Toledo,Castilla-La Mancha
45572,Valdeverdeja,Toledo,Castilla-La Mancha
45573,Navalmoralejo,Toledo,Castilla-La Mancha
45574,La Estrella,Toledo,Castilla-La Mancha
45575,Aldeanueva de San Bartolomé,Toledo,Castilla-La Mancha
45576,Mohedas de la Jara,Toledo,Castilla-La Mancha
45577,Puerto de San Vicente,Toledo,Castilla-La Mancha
45578,El Campillo de la Jara,Toledo,Castilla-La Mancha
45580,Calzada de Oropesa,Toledo,Castilla-La Mancha
45588,Herreruela de Oropesa,Toledo,Castilla-La Mancha
45589,Caleruela,Toledo,Castilla-La Mancha
45590,Magán,Toledo,Castilla-La Mancha
45591,Yunclillos,Toledo,Castilla-La Mancha
45592,Cabañas de la Sagra,Toledo,Castilla-La Mancha
45593,Bargas,Toledo,Castilla-La Mancha
45594,Villamiel de Toledo,Toledo,Castilla-La Mancha
45600,Talavera de la Reina,Toledo,Castilla-La Mancha
45610,Navalcán,Toledo,Castilla-La Mancha
45611,Parrillas,Toledo,Castilla-La Mancha
45612,Velada,Toledo,Castilla-La Mancha
45613,Talavera de la Reina,Toledo,Castilla-La Mancha
45614,Talavera de la Reina,Toledo,Castilla-La Mancha
45620,Montesclaros,Toledo,Castilla-La Mancha
45621,Segurilla,Toledo,Castilla-La Mancha
45622,Mejorada,Toledo,Castilla-La Mancha
45630,Navamorcuende,Toledo,Castilla-La Mancha
45631,Almendral de la Cañada,Toledo,Castilla-La Mancha
45632,Sartajada,Toledo,Castilla-La Mancha
45633,La Iglesuela del Tiétar,Toledo,Castilla-La Mancha
45634,Buenaventura,Toledo,Castilla-La Mancha
45635,Sotillo de las Palomas,Toledo,Castilla-La Mancha
45636,Marrupe,Toledo,Castilla-La Mancha
45637,Cervera de los Montes,Toledo,Castilla-La Mancha
45638,Pepino,Toledo,Castilla-La Mancha
45640,El Real de San Vicente,Toledo,Castilla-La Mancha
45641,Castillo de Bayuela,Toledo,Castilla-La Mancha
45642,Cardiel de los Montes,Toledo,Castilla-La Mancha
45643,Garciotum,Toledo,Castilla-La Mancha
45644,Nuño Gómez,Toledo,Castilla-La Mancha
45645,Hinojosa de San Vicente,Toledo,Castilla-La Mancha
45646,San Román de los Montes,Toledo,Castilla-La Mancha
45650,Espinoso del Rey,Toledo,Castilla-La Mancha
45651,Torrecilla de la Jara,Toledo,Castilla-La Mancha
45652,Retamoso de la Jara,Toledo,Castilla-La Mancha
45653,Santa Ana de Pusa,Toledo,Castilla-La Mancha
45654,San Bartolomé de las Abiertas,Toledo,Castilla-La Mancha
45660,Belvís de la Jara,Toledo,Castilla-La Mancha
45661,Aldeanueva de Barbarroya,Toledo,Castilla-La Mancha
45662,Alcaudete de la Jara,Toledo,Castilla-La Mancha
45663,Las Herencias,Toledo,Castilla-La Mancha
45664,Las Herencias,Toledo,Castilla-La Mancha
45670,La Nava de Ricomalillo,Toledo,Castilla-La Mancha
45671,Sevilleja de la Jara,Toledo,Castilla-La Mancha
45672,Sevilleja de la Jara,Toledo,Castilla-La Mancha
45673,Sevilleja de la Jara,Toledo,Castilla-La Mancha
45674,Robledo del Mazo,Toledo,Castilla-La Mancha
45675,Robledo del Mazo,Toledo,Castilla-La Mancha
45676,Robledo del Mazo,Toledo,Castilla-La Mancha
45677,Robledo del Mazo,Toledo,Castilla-La Mancha
45678,Robledo del Mazo,Toledo,Castilla-La Mancha
45680,Cebolla,Toledo,Castilla-La Mancha
45681,Illán de Vacas,Toledo,Castilla-La Mancha
45682,Los Cerralbos,Toledo,Castilla-La Mancha
45683,Cazalegas,Toledo,Castilla-La Mancha
45684,Lucillos,Toledo,Castilla-La Mancha
45685,Montearagón,Toledo,Castilla-La Mancha
45686,Calera y Chozas,Toledo,Castilla-La Mancha
45687,Alcañizo,Toledo,Castilla-La Mancha
45690,La Pueblanueva,Toledo,Castilla-La Mancha
45691,La Pueblanueva,Toledo,Castilla-La Mancha
45692,Malpica de Tajo,Toledo,Castilla-La Mancha
45693,Malpica de Tajo,Toledo,Castilla-La Mancha
45694,Talavera de la Reina,Toledo,Castilla-La Mancha
45695,Calera y Chozas,Toledo,Castilla-La Mancha
45700,Consuegra,Toledo,Castilla-La Mancha
45710,Madridejos,Toledo,Castilla-La Mancha
45720,Camuñas,Toledo,Castilla-La Mancha
45730,Villafranca de los Caballeros,Toledo,Castilla-La Mancha
45740,Villasequilla,Toledo,Castilla-La Mancha
45749,Villamuelas,Toledo,Castilla-La Mancha
45750,Huerta de Valdecarábanos,Toledo,Castilla-La Mancha
45760,La Guardia,Toledo,Castilla-La Mancha
45770,El Romeral,Toledo,Castilla-La Mancha
45780,Tembleque,Toledo,Castilla-La Mancha
45789,Turleque,Toledo,Castilla-La Mancha
45790,Quero,Toledo,Castilla-La Mancha
45800,Quintanar de la Orden,Toledo,Castilla-La Mancha
45810,Villanueva de Alcardete,Toledo,Castilla-La Mancha
45820,El Toboso,Toledo,Castilla-La Mancha
45830,Miguel Esteban,Toledo,Castilla-La Mancha
45840,La Puebla de Almoradiel,Toledo,Castilla-La Mancha
45850,La Villa de Don Fadrique,Toledo,Castilla-La Mancha
45860,Villacañas,Toledo,Castilla-La Mancha
45870,Lillo,Toledo,Castilla-La Mancha
45880,Corral de Almaguer,Toledo,Castilla-La Mancha
45890,Cabezamesada,Toledo,Castilla-La Mancha
45900,Almorox,Toledo,Castilla-La Mancha
45908,Aldea en Cabo,Toledo,Castilla-La Mancha
45908,Paredes de Escalona,Toledo,Castilla-La Mancha
45909,Santa Cruz del Retamar,Toledo,Castilla-La Mancha
45910,Escalona,Toledo,Castilla-La Mancha
45917,Nombela,Toledo,Castilla-La Mancha
45918,Pelahustán,Toledo,Castilla-La Mancha
45919,Hormigos,Toledo,Castilla-La Mancha
45920,La Torre de Esteban Hambrán,Toledo,Castilla-La Mancha
45930,Méntrida,Toledo,Castilla-La Mancha
45940,Valmojado,Toledo,Castilla-La Mancha
45950,Casarrubios del Monte,Toledo,Castilla-La Mancha
45960,Chozas de Canales,Toledo,Castilla-La Mancha
46001,València,Valencia,Comunitat Valenciana
46002,València,Valencia,Comunitat Valenciana
46003,València,Valencia,Comunitat Valenciana
46004,València,Valencia,Comunitat Valenciana
46005,València,Valencia,Comunitat Valenciana
46006,València,Valencia,Comunitat Valenciana
46007,València,Valencia,Comunitat Valenciana
46008,València,Valencia,Comunitat Valenciana
46009,València,Valencia,Comunitat Valenciana
46010,València,Valencia,Comunitat Valenciana
46011,València,Valencia,Comunitat Valenciana
46012,València,Valencia,Comunitat Valenciana
46013,València,Valencia,Comunitat Valenciana
46014,València,Valencia,Comunitat Valenciana
46015,València,Valencia,Comunitat Valenciana
46016,Tavernes Blanques,Valencia,Comunitat Valenciana
46017,València,Valencia,Comunitat Valenciana
46018,València,Valencia,Comunitat Valenciana
46019,València,Valencia,Comunitat Valenciana
46020,València,Valencia,Comunitat Valenciana
46021,València,Valencia,Comunitat Valenciana
46022,València,Valencia,Comunitat Valenciana
46023,València,Valencia,Comunitat Valenciana
46024,València,Valencia,Comunitat Valenciana
46025,València,Valencia,Comunitat Valenciana
46026,València,Valencia,Comunitat Valenciana
46035,València,Valencia,Comunitat Valenciana
46100,Burjassot,Valencia,Comunitat Valenciana
46110,Godella,Valencia,Comunitat Valenciana
46111,Rocafort,Valencia,Comunitat Valenciana
46112,València,Valencia,Comunitat Valenciana
46113,Montcada/Moncada,Valencia,Comunitat Valenciana
46114,Vinalesa,Valencia,Comunitat Valenciana
46115,Alfara del Patriarca,Valencia,Comunitat Valenciana
46116,Montcada/Moncada,Valencia,Comunitat Valenciana
46117,Bétera,Valencia,Comunitat Valenciana
46117,San Antonio de Benagéber,Valencia,Comunitat Valenciana
46118,Serra,Valencia,Comunitat Valenciana
46119,Nàquera/Náquera,Valencia,Comunitat Valenciana
46120,Alboraia/Alboraya,Valencia,Comunitat Valenciana
46127,Bétera,Valencia,Comunitat Valenciana
46130,Massamagrell,Valencia,Comunitat Valenciana
46131,Bonrepòs i Mirambell,Valencia,Comunitat Valenciana
46131,València,Valencia,Comunitat Valenciana
46132,Almàssera,Valencia,Comunitat Valenciana
46133,Meliana,Valencia,Comunitat Valenciana
46134,Foios,Valencia,Comunitat Valenciana
46135,Albalat dels Sorells,Valencia,Comunitat Valenciana
46135,Emperador,Valencia,Comunitat Valenciana
46135,València,Valencia,Comunitat Valenciana
46136,Museros,Valencia,Comunitat Valenciana
46137,la Pobla de Farnals,Valencia,Comunitat Valenciana
46138,Rafelbunyol,Valencia,Comunitat Valenciana
46139,la Pobla de Farnals,Valencia,Comunitat Valenciana
46140,Ademuz,Valencia,Comunitat Valenciana
46140,Castielfabib,Valencia,Comunitat Valenciana
46140,Puebla de San Miguel,Valencia,Comunitat Valenciana
46141,Castielfabib,Valencia,Comunitat Valenciana
46142,Castielfabib,Valencia,Comunitat Valenciana
46143,Torrebaja,Valencia,Comunitat Valenciana
46144,Castielfabib,Valencia,Comunitat Valenciana
46144,Torrebaja,Valencia,Comunitat Valenciana
46145,Vallanca,Valencia,Comunitat Valenciana
46146,Casas Bajas,Valencia,Comunitat Valenciana
46147,Casas Altas,Valencia,Comunitat Valenciana
46148,Algímia d'Alfara,Valencia,Comunitat Valenciana
46149,Gilet,Valencia,Comunitat Valenciana
46150,Marines,Valencia,Comunitat Valenciana
46160,Llíria,Valencia,Comunitat Valenciana
46162,Andilla,Valencia,Comunitat Valenciana
46162,Higueruelas,Valencia,Comunitat Valenciana
46163,Marines,Valencia,Comunitat Valenciana
46164,Pedralba,Valencia,Comunitat Valenciana
46165,Bugarra,Valencia,Comunitat Valenciana
46166,Gestalgar,Valencia,Comunitat Valenciana
46167,Chulilla,Valencia,Comunitat Valenciana
46168,Losa del Obispo,Valencia,Comunitat Valenciana
46168,Sot de Chera,Valencia,Comunitat Valenciana
46169,Olocau,Valencia,Comunitat Valenciana
46169,Gátova,Valencia,Comunitat Valenciana
46170,Villar del Arzobispo,Valencia,Comunitat Valenciana
46171,Casinos,Valencia,Comunitat Valenciana
46172,Alcublas,Valencia,Comunitat Valenciana
46173,Benagéber,Valencia,Comunitat Valenciana
46174,Domeño,Valencia,Comunitat Valenciana
46175,Calles,Valencia,Comunitat Valenciana
46175,Chelva,Valencia,Comunitat Valenciana
46175,Domeño,Valencia,Comunitat Valenciana
46176,Chelva,Valencia,Comunitat Valenciana
46177,Tuéjar,Valencia,Comunitat Valenciana
46178,Alpuente,Valencia,Comunitat Valenciana
46178,Titaguas,Valencia,Comunitat Valenciana
46178,La Yesa,Valencia,Comunitat Valenciana
46179,Aras de los Olmos,Valencia,Comunitat Valenciana
46180,Benaguasil,Valencia,Comunitat Valenciana
46181,Benissanó,Valencia,Comunitat Valenciana
46182,Paterna,Valencia,Comunitat Valenciana
46183,l'Eliana,Valencia,Comunitat Valenciana
46184,Bétera,Valencia,Comunitat Valenciana
46184,San Antonio de Benagéber,Valencia,Comunitat Valenciana
46185,la Pobla de Vallbona,Valencia,Comunitat Valenciana
46190,Riba-roja de Túria,Valencia,Comunitat Valenciana
46191,Vilamarxant,Valencia,Comunitat Valenciana
46192,Montserrat,Valencia,Comunitat Valenciana
46193,Montroi/Montroy,Valencia,Comunitat Valenciana
46194,Real,Valencia,Comunitat Valenciana
46195,Llombai,Valencia,Comunitat Valenciana
46196,Catadau,Valencia,Comunitat Valenciana
46197,Alfarb,Valencia,Comunitat Valenciana
46198,Dos Aguas,Valencia,Comunitat Valenciana
46198,Millares,Valencia,Comunitat Valenciana
46199,Cortes de Pallás,Valencia,Comunitat Valenciana
46200,Paiporta,Valencia,Comunitat Valenciana
46210,Picanya,Valencia,Comunitat Valenciana
46220,Picassent,Valencia,Comunitat Valenciana
46225,Picassent,Valencia,Comunitat Valenciana
46229,Picassent,Valencia,Comunitat Valenciana
46230,Alginet,Valencia,Comunitat Valenciana
46240,Carlet,Valencia,Comunitat Valenciana
46250,l'Alcúdia,Valencia,Comunitat Valenciana
46260,Alberic,Valencia,Comunitat Valenciana
46266,Antella,Valencia,Comunitat Valenciana
46267,Gavarda,Valencia,Comunitat Valenciana
46268,Alzira,Valencia,Comunitat Valenciana
46269,Tous,Valencia,Comunitat Valenciana
46270,Castelló,Valencia,Comunitat Valenciana
46290,Alcàsser,Valencia,Comunitat Valenciana
46291,Benimodo,Valencia,Comunitat Valenciana
46292,Massalavés,Valencia,Comunitat Valenciana
46293,Alcàntera de Xúquer,Valencia,Comunitat Valenciana
46293,Beneixida,Valencia,Comunitat Valenciana
46294,Càrcer,Valencia,Comunitat Valenciana
46294,Cotes,Valencia,Comunitat Valenciana
46295,Sellent,Valencia,Comunitat Valenciana
46295,Sumacàrcer,Valencia,Comunitat Valenciana
46300,Utiel,Valencia,Comunitat Valenciana
46310,Venta del Moro,Valencia,Comunitat Valenciana
46311,Venta del Moro,Valencia,Comunitat Valenciana
46312,Utiel,Valencia,Comunitat Valenciana
46313,Utiel,Valencia,Comunitat Valenciana
46314,Fuenterrobles,Valencia,Comunitat Valenciana
46315,Caudete de las Fuentes,Valencia,Comunitat Valenciana
46317,Villargordo del Cabriel,Valencia,Comunitat Valenciana
46320,Sinarcas,Valencia,Comunitat Valenciana
46321,Utiel,Valencia,Comunitat Valenciana
46330,Camporrobles,Valencia,Comunitat Valenciana
46339,Camporrobles,Valencia,Comunitat Valenciana
46340,Requena,Valencia,Comunitat Valenciana
46350,Chera,Valencia,Comunitat Valenciana
46351,Chelva,Valencia,Comunitat Valenciana
46351,Requena,Valencia,Comunitat Valenciana
46352,Requena,Valencia,Comunitat Valenciana
46353,Requena,Valencia,Comunitat Valenciana
46354,Requena,Valencia,Comunitat Valenciana
46355,Requena,Valencia,Comunitat Valenciana
46356,Requena,Valencia,Comunitat Valenciana
46357,Requena,Valencia,Comunitat Valenciana
46360,Buñol,Valencia,Comunitat Valenciana
46367,Yátova,Valencia,Comunitat Valenciana
46368,Macastre,Valencia,Comunitat Valenciana
46369,Alborache,Valencia,Comunitat Valenciana
46370,Cheste,Valencia,Comunitat Valenciana
46370,Chiva,Valencia,Comunitat Valenciana
46370,Godelleta,Valencia,Comunitat Valenciana
46380,Cheste,Valencia,Comunitat Valenciana
46388,Godelleta,Valencia,Comunitat Valenciana
46389,Turís,Valencia,Comunitat Valenciana
46390,Requena,Valencia,Comunitat Valenciana
46391,Requena,Valencia,Comunitat Valenciana
46392,Siete Aguas,Valencia,Comunitat Valenciana
46393,Loriguilla,Valencia,Comunitat Valenciana
46394,Riba-roja de Túria,Valencia,Comunitat Valenciana
46400,Cullera,Valencia,Comunitat Valenciana
46408,Cullera,Valencia,Comunitat Valenciana
46409,Cullera,Valencia,Comunitat Valenciana
46410,Sueca,Valencia,Comunitat Valenciana
46417,Riola,Valencia,Comunitat Valenciana
46418,Fortaleny,Valencia,Comunitat Valenciana
46419,Sueca,Valencia,Comunitat Valenciana
46420,Sueca,Valencia,Comunitat Valenciana
46430,Sollana,Valencia,Comunitat Valenciana
46439,Sollana,Valencia,Comunitat Valenciana
46440,Almussafes,Valencia,Comunitat Valenciana
46450,Benifaió,Valencia,Comunitat Valenciana
46460,Silla,Valencia,Comunitat Valenciana
46469,Beniparrell,Valencia,Comunitat Valenciana
46470,Albal,Valencia,Comunitat Valenciana
46470,Catarroja,Valencia,Comunitat Valenciana
46470,Massanassa,Valencia,Comunitat Valenciana
46500,Sagunt/Sagunto,Valencia,Comunitat Valenciana
46501,Petrés,Valencia,Comunitat Valenciana
46510,Quartell,Valencia,Comunitat Valenciana
46511,Benifairó de les Valls,Valencia,Comunitat Valenciana
46512,Faura,Valencia,Comunitat Valenciana
46513,Sagunt/Sagunto,Valencia,Comunitat Valenciana
46514,Benavites,Valencia,Comunitat Valenciana
46515,Quart de les Valls,Valencia,Comunitat Valenciana
46520,Sagunt/Sagunto,Valencia,Comunitat Valenciana
46529,Canet d'En Berenguer,Valencia,Comunitat Valenciana
46530,Puçol,Valencia,Comunitat Valenciana
46530,Sagunt/Sagunto,Valencia,Comunitat Valenciana
46540,el Puig de Santa Maria,Valencia,Comunitat Valenciana
46550,Albuixech,Valencia,Comunitat Valenciana
46560,Massalfassar,Valencia,Comunitat Valenciana
46590,Estivella,Valencia,Comunitat Valenciana
46591,Albalat dels Tarongers,Valencia,Comunitat Valenciana
46592,Segart,Valencia,Comunitat Valenciana
46593,Algar de Palància,Valencia,Comunitat Valenciana
46594,Alfara de la Baronia,Valencia,Comunitat Valenciana
46595,Torres Torres,Valencia,Comunitat Valenciana
46600,Alzira,Valencia,Comunitat Valenciana
46610,Guadassuar,Valencia,Comunitat Valenciana
46611,Benimuslem,Valencia,Comunitat Valenciana
46612,Corbera,Valencia,Comunitat Valenciana
46613,Llaurí,Valencia,Comunitat Valenciana
46614,Favara,Valencia,Comunitat Valenciana
46620,Ayora,Valencia,Comunitat Valenciana
46621,Ayora,Valencia,Comunitat Valenciana
46621,Zarra,Valencia,Comunitat Valenciana
46622,Teresa de Cofrentes,Valencia,Comunitat Valenciana
46623,Jarafuel,Valencia,Comunitat Valenciana
46624,Jalance,Valencia,Comunitat Valenciana
46625,Cofrentes,Valencia,Comunitat Valenciana
46630,la Font de la Figuera,Valencia,Comunitat Valenciana
46635,Fontanars dels Alforins,Valencia,Comunitat Valenciana
46640,Moixent/Mogente,Valencia,Comunitat Valenciana
46650,Canals,Valencia,Comunitat Valenciana
46659,Canals,Valencia,Comunitat Valenciana
46660,Manuel,Valencia,Comunitat Valenciana
46666,Rafelguaraf,Valencia,Comunitat Valenciana
46667,Barxeta,Valencia,Comunitat Valenciana
46668,Llocnou d'En Fenollet,Valencia,Comunitat Valenciana
46668,Rafelguaraf,Valencia,Comunitat Valenciana
46669,l'Énova,Valencia,Comunitat Valenciana
46669,Sant Joanet,Valencia,Comunitat Valenciana
46669,Senyera,Valencia,Comunitat Valenciana
46670,la Pobla Llarga,Valencia,Comunitat Valenciana
46680,Algemesí,Valencia,Comunitat Valenciana
46687,Albalat de la Ribera,Valencia,Comunitat Valenciana
46688,Polinyà de Xúquer,Valencia,Comunitat Valenciana
46689,Benicull de Xúquer,Valencia,Comunitat Valenciana
46690,l'Alcúdia de Crespins,Valencia,Comunitat Valenciana
46691,Vallada,Valencia,Comunitat Valenciana
46692,Montesa,Valencia,Comunitat Valenciana
46701,Gandia,Valencia,Comunitat Valenciana
46702,Gandia,Valencia,Comunitat Valenciana
46703,Benirredrà,Valencia,Comunitat Valenciana
46703,Gandia,Valencia,Comunitat Valenciana
46710,Daimús,Valencia,Comunitat Valenciana
46711,Guardamar de la Safor,Valencia,Comunitat Valenciana
46711,Miramar,Valencia,Comunitat Valenciana
46712,Piles,Valencia,Comunitat Valenciana
46713,Bellreguard,Valencia,Comunitat Valenciana
46714,Palmera,Valencia,Comunitat Valenciana
46715,l'Alqueria de la Comtessa,Valencia,Comunitat Valenciana
46716,Rafelcofer,Valencia,Comunitat Valenciana
46717,la Font d'en Carròs,Valencia,Comunitat Valenciana
46720,Vilallonga/Villalonga,Valencia,Comunitat Valenciana
46721,Potries,Valencia,Comunitat Valenciana
46722,Beniarjó,Valencia,Comunitat Valenciana
46722,Beniflá,Valencia,Comunitat Valenciana
46723,Almoines,Valencia,Comunitat Valenciana
46724,Palma de Gandía,Valencia,Comunitat Valenciana
46725,Alfauir,Valencia,Comunitat Valenciana
46725,Ròtova,Valencia,Comunitat Valenciana
46726,Almiserà,Valencia,Comunitat Valenciana
46726,Castellonet de la Conquesta,Valencia,Comunitat Valenciana
46726,Llocnou de Sant Jeroni,Valencia,Comunitat Valenciana
46727,el Real de Gandia,Valencia,Comunitat Valenciana
46728,Gandia,Valencia,Comunitat Valenciana
46728,Palma de Gandía,Valencia,Comunitat Valenciana
46729,Ador,Valencia,Comunitat Valenciana
46730,Gandia,Valencia,Comunitat Valenciana
46740,Carcaixent,Valencia,Comunitat Valenciana
46749,Carcaixent,Valencia,Comunitat Valenciana
46750,Simat de la Valldigna,Valencia,Comunitat Valenciana
46758,Barx,Valencia,Comunitat Valenciana
46759,Simat de la Valldigna,Valencia,Comunitat Valenciana
46760,Tavernes de la Valldigna,Valencia,Comunitat Valenciana
46770,Xeraco,Valencia,Comunitat Valenciana
46780,Oliva,Valencia,Comunitat Valenciana
46790,Xeresa,Valencia,Comunitat Valenciana
46791,Benifairó de la Valldigna,Valencia,Comunitat Valenciana
46792,Alzira,Valencia,Comunitat Valenciana
46792,Carcaixent,Valencia,Comunitat Valenciana
46800,Xàtiva,Valencia,Comunitat Valenciana
46810,Enguera,Valencia,Comunitat Valenciana
46811,Enguera,Valencia,Comunitat Valenciana
46812,Aielo de Malferit,Valencia,Comunitat Valenciana
46813,Cerdà,Valencia,Comunitat Valenciana
46814,Llanera de Ranes,Valencia,Comunitat Valenciana
46814,Torrella,Valencia,Comunitat Valenciana
46815,la Llosa de Ranes,Valencia,Comunitat Valenciana
46816,Llanera de Ranes,Valencia,Comunitat Valenciana
46816,Rotglà i Corberà,Valencia,Comunitat Valenciana
46817,Estubeny,Valencia,Comunitat Valenciana
46818,la Granja de la Costera,Valencia,Comunitat Valenciana
46818,Vallés,Valencia,Comunitat Valenciana
46819,Novetlè,Valencia,Comunitat Valenciana
46820,Anna,Valencia,Comunitat Valenciana
46821,Chella,Valencia,Comunitat Valenciana
46822,Bolbaite,Valencia,Comunitat Valenciana
46823,Navarrés,Valencia,Comunitat Valenciana
46824,Quesa,Valencia,Comunitat Valenciana
46825,Bicorp,Valencia,Comunitat Valenciana
46830,Benigànim,Valencia,Comunitat Valenciana
46837,Quatretonda,Valencia,Comunitat Valenciana
46838,Benicolet,Valencia,Comunitat Valenciana
46838,Llutxent,Valencia,Comunitat Valenciana
46838,Pinet,Valencia,Comunitat Valenciana
46839,Bellús,Valencia,Comunitat Valenciana
46839,Benissuera,Valencia,Comunitat Valenciana
46839,Guadasséquies,Valencia,Comunitat Valenciana
46839,Sempere,Valencia,Comunitat Valenciana
46840,la Pobla del Duc,Valencia,Comunitat Valenciana
46841,Castelló de Rugat,Valencia,Comunitat Valenciana
46842,Aielo de Rugat,Valencia,Comunitat Valenciana
46842,Montitxelvo/Montichelvo,Valencia,Comunitat Valenciana
46842,Rugat,Valencia,Comunitat Valenciana
46842,Terrateig,Valencia,Comunitat Valenciana
46843,Ráfol de Salem,Valencia,Comunitat Valenciana
46843,Salem,Valencia,Comunitat Valenciana
46844,Beniatjar,Valencia,Comunitat Valenciana
46844,Otos,Valencia,Comunitat Valenciana
46850,l'Olleria,Valencia,Comunitat Valenciana
46860,Albaida,Valencia,Comunitat Valenciana
46868,Bèlgida,Valencia,Comunitat Valenciana
46869,Atzeneta d'Albaida,Valencia,Comunitat Valenciana
46869,Benissoda,Valencia,Comunitat Valenciana
46869,Carrícola,Valencia,Comunitat Valenciana
46870,Ontinyent,Valencia,Comunitat Valenciana
46880,Bocairent,Valencia,Comunitat Valenciana
46890,Agullent,Valencia,Comunitat Valenciana
46891,Bufali,Valencia,Comunitat Valenciana
46891,el Palomar,Valencia,Comunitat Valenciana
46892,Montaverner,Valencia,Comunitat Valenciana
46893,Alfarrasí,Valencia,Comunitat Valenciana
46894,el Genovés,Valencia,Comunitat Valenciana
46900,Torrent,Valencia,Comunitat Valenciana
46901,Torrent,Valencia,Comunitat Valenciana
46909,Torrent,Valencia,Comunitat Valenciana
46910,Alfafar,Valencia,Comunitat Valenciana
46910,Benetússer,Valencia,Comunitat Valenciana
46910,Llocnou de la Corona,Valencia,Comunitat Valenciana
46910,Sedaví,Valencia,Comunitat Valenciana
46920,Mislata,Valencia,Comunitat Valenciana
46930,Quart de Poblet,Valencia,Comunitat Valenciana
46940,Manises,Valencia,Comunitat Valenciana
46950,Xirivella,Valencia,Comunitat Valenciana
46960,Aldaia,Valencia,Comunitat Valenciana
46970,Alaquàs,Valencia,Comunitat Valenciana
46980,Paterna,Valencia,Comunitat Valenciana
46988,Paterna,Valencia,Comunitat Valenciana
46989,Paterna,Valencia,Comunitat Valenciana
47001,Valladolid,Valladolid,Castilla y León
47002,Valladolid,Valladolid,Castilla y León
47003,Valladolid,Valladolid,Castilla y León
47004,Valladolid,Valladolid,Castilla y León
47005,Valladolid,Valladolid,Castilla y León
47006,Valladolid,Valladolid,Castilla y León
47007,Valladolid,Valladolid,Castilla y León
47008,Valladolid,Valladolid,Castilla y León
47009,Valladolid,Valladolid,Castilla y León
47010,Valladolid,Valladolid,Castilla y León
47011,Valladolid,Valladolid,Castilla y León
47012,Valladolid,Valladolid,Castilla y León
47013,Valladolid,Valladolid,Castilla y León
47014,Valladolid,Valladolid,Castilla y León
47015,Valladolid,Valladolid,Castilla y León
47016,Valladolid,Valladolid,Castilla y León
47017,Valladolid,Valladolid,Castilla y León
47100,Tordesillas,Valladolid,Castilla y León
47110,Casasola de Arión,Valladolid,Castilla y León
47111,Villalar de los Comuneros,Valladolid,Castilla y León
47112,Pedrosa del Rey,Valladolid,Castilla y León
47113,Tordesillas,Valladolid,Castilla y León
47113,Villalbarba,Valladolid,Castilla y León
47114,Matilla de los Caños,Valladolid,Castilla y León
47114,Torrecilla de la Abadesa,Valladolid,Castilla y León
47114,Velilla,Valladolid,Castilla y León
47115,Bercero,Valladolid,Castilla y León
47115,Berceruelo,Valladolid,Castilla y León
47116,Pollos,Valladolid,Castilla y León
47120,Mota del Marqués,Valladolid,Castilla y León
47129,Adalia,Valladolid,Castilla y León
47129,Barruelo del Valle,Valladolid,Castilla y León
47129,San Cebrián de Mazote,Valladolid,Castilla y León
47129,San Pelayo,Valladolid,Castilla y León
47129,Torrecilla de la Torre,Valladolid,Castilla y León
47130,Simancas,Valladolid,Castilla y León
47131,Geria,Valladolid,Castilla y León
47131,Robladillo,Valladolid,Castilla y León
47131,Velliza,Valladolid,Castilla y León
47131,Villán de Tordesillas,Valladolid,Castilla y León
47132,San Miguel del Pino,Valladolid,Castilla y León
47132,Tordesillas,Valladolid,Castilla y León
47133,Marzales,Valladolid,Castilla y León
47133,Vega de Valdetronco,Valladolid,Castilla y León
47134,Gallegos de Hornija,Valladolid,Castilla y León
47134,San Salvador,Valladolid,Castilla y León
47134,Torrelobatón,Valladolid,Castilla y León
47134,Villasexmir,Valladolid,Castilla y León
47140,Laguna de Duero,Valladolid,Castilla y León
47150,Viana de Cega,Valladolid,Castilla y León
47151,Boecillo,Valladolid,Castilla y León
47152,Valladolid,Valladolid,Castilla y León
47153,Laguna de Duero,Valladolid,Castilla y León
47153,Valladolid,Valladolid,Castilla y León
47155,Santovenia de Pisuerga,Valladolid,Castilla y León
47160,Aldea de San Miguel,Valladolid,Castilla y León
47160,Portillo,Valladolid,Castilla y León
47161,Cistérniga,Valladolid,Castilla y León
47161,Tudela de Duero,Valladolid,Castilla y León
47162,Aldeamayor de San Martín,Valladolid,Castilla y León
47164,San Miguel del Arroyo,Valladolid,Castilla y León
47165,Camporredondo,Valladolid,Castilla y León
47166,Viloria,Valladolid,Castilla y León
47169,Laguna de Duero,Valladolid,Castilla y León
47169,Tudela de Duero,Valladolid,Castilla y León
47170,Renedo de Esgueva,Valladolid,Castilla y León
47171,Castronuevo de Esgueva,Valladolid,Castilla y León
47172,Villarmentero de Esgueva,Valladolid,Castilla y León
47173,Olmos de Esgueva,Valladolid,Castilla y León
47174,Villanueva de los Infantes,Valladolid,Castilla y León
47175,Piña de Esgueva,Valladolid,Castilla y León
47176,Esguevillas de Esgueva,Valladolid,Castilla y León
47177,Amusquillo,Valladolid,Castilla y León
47180,Villafuerte,Valladolid,Castilla y León
47181,Villaco,Valladolid,Castilla y León
47182,Castroverde de Cerrato,Valladolid,Castilla y León
47183,Torre de Esgueva,Valladolid,Castilla y León
47184,Fombellida,Valladolid,Castilla y León
47185,Canillas de Esgueva,Valladolid,Castilla y León
47186,Encinas de Esgueva,Valladolid,Castilla y León
47190,Wamba,Valladolid,Castilla y León
47191,Ciguñuela,Valladolid,Castilla y León
47192,Castrodeza,Valladolid,Castilla y León
47193,Cistérniga,Valladolid,Castilla y León
47194,Fuensaldaña,Valladolid,Castilla y León
47194,Mucientes,Valladolid,Castilla y León
47195,Arroyo de la Encomienda,Valladolid,Castilla y León
47196,La Pedraja de Portillo,Valladolid,Castilla y León
47197,Valladolid,Valladolid,Castilla y León
47200,Valoria la Buena,Valladolid,Castilla y León
47209,San Martín de Valvení,Valladolid,Castilla y León
47209,Valoria la Buena,Valladolid,Castilla y León
47210,Ataquines,Valladolid,Castilla y León
47219,Muriel,Valladolid,Castilla y León
47219,Salvador de Zapardiel,Valladolid,Castilla y León
47219,San Pablo de la Moraleja,Valladolid,Castilla y León
47220,Pozaldez,Valladolid,Castilla y León
47230,Matapozuelos,Valladolid,Castilla y León
47231,Serrada,Valladolid,Castilla y León
47232,Ventosa de la Cuesta,Valladolid,Castilla y León
47237,Matapozuelos,Valladolid,Castilla y León
47238,Alcazarén,Valladolid,Castilla y León
47238,Hornillos de Eresma,Valladolid,Castilla y León
47239,Valladolid,Valladolid,Castilla y León
47239,Villanueva de Duero,Valladolid,Castilla y León
47240,Valdestillas,Valladolid,Castilla y León
47250,Mojados,Valladolid,Castilla y León
47260,Cabezón de Pisuerga,Valladolid,Castilla y León
47270,Cigales,Valladolid,Castilla y León
47280,Corcos,Valladolid,Castilla y León
47281,Corcos,Valladolid,Castilla y León
47282,Trigueros del Valle,Valladolid,Castilla y León
47283,Quintanilla de Trigueros,Valladolid,Castilla y León
47290,Cubillas de Santa Marta,Valladolid,Castilla y León
47300,Peñafiel,Valladolid,Castilla y León
47310,Campaspero,Valladolid,Castilla y León
47311,Canalejas de Peñafiel,Valladolid,Castilla y León
47311,Fompedraza,Valladolid,Castilla y León
47312,Bahabón,Valladolid,Castilla y León
47313,Cogeces del Monte,Valladolid,Castilla y León
47313,Peñafiel,Valladolid,Castilla y León
47313,Torre de Peñafiel,Valladolid,Castilla y León
47313,Torrescárcela,Valladolid,Castilla y León
47314,Langayo,Valladolid,Castilla y León
47314,Manzanillo,Valladolid,Castilla y León
47314,Peñafiel,Valladolid,Castilla y León
47315,Pesquera de Duero,Valladolid,Castilla y León
47316,Curiel de Duero,Valladolid,Castilla y León
47316,Piñel de Abajo,Valladolid,Castilla y León
47316,Piñel de Arriba,Valladolid,Castilla y León
47316,Roturas,Valladolid,Castilla y León
47317,Bocos de Duero,Valladolid,Castilla y León
47317,Corrales de Duero,Valladolid,Castilla y León
47317,San Llorente,Valladolid,Castilla y León
47317,Valdearcos de la Vega,Valladolid,Castilla y León
47318,Castrillo de Duero,Valladolid,Castilla y León
47318,Olmos de Peñafiel,Valladolid,Castilla y León
47318,Peñafiel,Valladolid,Castilla y León
47319,Rábano,Valladolid,Castilla y León
47319,Torre de Peñafiel,Valladolid,Castilla y León
47320,Montemayor de Pililla,Valladolid,Castilla y León
47320,Tudela de Duero,Valladolid,Castilla y León
47328,La Parrilla,Valladolid,Castilla y León
47329,Castrillo-Tejeriego,Valladolid,Castilla y León
47329,Villabáñez,Valladolid,Castilla y León
47329,Villavaquerín,Valladolid,Castilla y León
47330,Traspinedo,Valladolid,Castilla y León
47331,Santibáñez de Valcorba,Valladolid,Castilla y León
47340,Sardón de Duero,Valladolid,Castilla y León
47350,Quintanilla de Onésimo,Valladolid,Castilla y León
47359,Olivares de Duero,Valladolid,Castilla y León
47359,Valbuena de Duero,Valladolid,Castilla y León
47360,Quintanilla de Arriba,Valladolid,Castilla y León
47400,Medina del Campo,Valladolid,Castilla y León
47410,Olmedo,Valladolid,Castilla y León
47418,Aguasal,Valladolid,Castilla y León
47418,Fuente-Olmedo,Valladolid,Castilla y León
47418,Llano de Olmedo,Valladolid,Castilla y León
47419,Almenara de Adaja,Valladolid,Castilla y León
47419,Bocigas,Valladolid,Castilla y León
47419,Puras,Valladolid,Castilla y León
47420,Íscar,Valladolid,Castilla y León
47430,Pedrajas de San Esteban,Valladolid,Castilla y León
47440,Cogeces de Íscar,Valladolid,Castilla y León
47440,Megeces,Valladolid,Castilla y León
47450,Pozal de Gallinas,Valladolid,Castilla y León
47451,Olmedo,Valladolid,Castilla y León
47452,La Zarza,Valladolid,Castilla y León
47453,Ramiro,Valladolid,Castilla y León
47454,Moraleja de las Panaderas,Valladolid,Castilla y León
47460,El Campillo,Valladolid,Castilla y León
47461,Brahojos de Medina,Valladolid,Castilla y León
47462,Bobadilla del Campo,Valladolid,Castilla y León
47463,Velascálvaro,Valladolid,Castilla y León
47464,Nueva Villa de las Torres,Valladolid,Castilla y León
47465,Villaverde de Medina,Valladolid,Castilla y León
47470,Carpio,Valladolid,Castilla y León
47480,Fresno el Viejo,Valladolid,Castilla y León
47490,Rueda,Valladolid,Castilla y León
47491,La Seca,Valladolid,Castilla y León
47492,Medina del Campo,Valladolid,Castilla y León
47492,Rueda,Valladolid,Castilla y León
47493,Medina del Campo,Valladolid,Castilla y León
47493,San Vicente del Palacio,Valladolid,Castilla y León
47494,Cervillego de la Cruz,Valladolid,Castilla y León
47494,Fuente el Sol,Valladolid,Castilla y León
47494,Lomoviejo,Valladolid,Castilla y León
47494,Rubí de Bracamonte,Valladolid,Castilla y León
47500,Nava del Rey,Valladolid,Castilla y León
47509,Rueda,Valladolid,Castilla y León
47510,Alaejos,Valladolid,Castilla y León
47511,Siete Iglesias de Trabancos,Valladolid,Castilla y León
47512,Castrejón de Trabancos,Valladolid,Castilla y León
47513,Torrecilla de la Orden,Valladolid,Castilla y León
47520,Castronuño,Valladolid,Castilla y León
47529,Villafranca de Duero,Valladolid,Castilla y León
47530,San Román de Hornija,Valladolid,Castilla y León
47600,Villalón de Campos,Valladolid,Castilla y León
47606,Gatón de Campos,Valladolid,Castilla y León
47606,Villafrades de Campos,Valladolid,Castilla y León
47607,Herrín de Campos,Valladolid,Castilla y León
47607,Villacid de Campos,Valladolid,Castilla y León
47608,Bustillo de Chaves,Valladolid,Castilla y León
47608,Villagómez la Nueva,Valladolid,Castilla y León
47608,Villanueva de la Condesa,Valladolid,Castilla y León
47609,Fontihoyuelo,Valladolid,Castilla y León
47609,Santervás de Campos,Valladolid,Castilla y León
47609,Vega de Ruiponce,Valladolid,Castilla y León
47609,Villacarralón,Valladolid,Castilla y León
47610,Zaratán,Valladolid,Castilla y León
47620,Villanubla,Valladolid,Castilla y León
47630,La Mudarra,Valladolid,Castilla y León
47639,Valladolid,Valladolid,Castilla y León
47639,Villalba de los Alcores,Valladolid,Castilla y León
47640,Medina de Rioseco,Valladolid,Castilla y León
47640,Peñaflor de Hornija,Valladolid,Castilla y León
47641,Castromonte,Valladolid,Castilla y León
47650,Cuenca de Campos,Valladolid,Castilla y León
47664,Castroponce,Valladolid,Castilla y León
47670,Becilla de Valderaduey,Valladolid,Castilla y León
47670,La Unión de Campos,Valladolid,Castilla y León
47671,Urones de Castroponce,Valladolid,Castilla y León
47672,Valdunquillo,Valladolid,Castilla y León
47673,Quintanilla del Molar,Valladolid,Castilla y León
47673,Roales de Campos,Valladolid,Castilla y León
47674,Barcial de la Loma,Valladolid,Castilla y León
47675,Bolaños de Campos,Valladolid,Castilla y León
47675,Villalán de Campos,Valladolid,Castilla y León
47676,Villavicencio de los Caballeros,Valladolid,Castilla y León
47680,Mayorga,Valladolid,Castilla y León
47686,Melgar de Arriba,Valladolid,Castilla y León
47687,Melgar de Abajo,Valladolid,Castilla y León
47688,Monasterio de Vega,Valladolid,Castilla y León
47689,Cabezón de Valderaduey,Valladolid,Castilla y León
47689,Castrobol,Valladolid,Castilla y León
47689,Saelices de Mayorga,Valladolid,Castilla y León
47689,Villalba de la Loma,Valladolid,Castilla y León
47690,Valverde de Campos,Valladolid,Castilla y León
47691,Moral de la Reina,Valladolid,Castilla y León
47692,Ceinos de Campos,Valladolid,Castilla y León
47800,Medina de Rioseco,Valladolid,Castilla y León
47810,Villafrechós,Valladolid,Castilla y León
47811,Morales de Campos,Valladolid,Castilla y León
47811,Santa Eufemia del Arroyo,Valladolid,Castilla y León
47811,Villabrágima,Valladolid,Castilla y León
47812,Palazuelo de Vedija,Valladolid,Castilla y León
47813,Berrueces,Valladolid,Castilla y León
47813,Villanueva de San Mancio,Valladolid,Castilla y León
47814,Aguilar de Campos,Valladolid,Castilla y León
47814,Villamuriel de Campos,Valladolid,Castilla y León
47815,Tamariz de Campos,Valladolid,Castilla y León
47815,Villabaruz de Campos,Valladolid,Castilla y León
47816,Medina de Rioseco,Valladolid,Castilla y León
47816,Montealegre de Campos,Valladolid,Castilla y León
47816,Valdenebro de los Valles,Valladolid,Castilla y León
47820,Villabrágima,Valladolid,Castilla y León
47830,Tordehumos,Valladolid,Castilla y León
47831,Pozuelo de la Orden,Valladolid,Castilla y León
47832,Cabreros del Monte,Valladolid,Castilla y León
47840,Villagarcía de Campos,Valladolid,Castilla y León
47850,Villanueva de los Caballeros,Valladolid,Castilla y León
47851,San Pedro de Latarce,Valladolid,Castilla y León
47860,Villardefrades,Valladolid,Castilla y León
47862,Urueña,Valladolid,Castilla y León
47870,Tiedra,Valladolid,Castilla y León
47880,Benafarces,Valladolid,Castilla y León
47881,Tiedra,Valladolid,Castilla y León
47882,Castromembibre,Valladolid,Castilla y León
47883,Villavellid,Valladolid,Castilla y León
48001,Bilbao,Bizkaia,País Vasco
48002,Bilbao,Bizkaia,País Vasco
48003,Arrigorriaga,Bizkaia,País Vasco
48003,Bilbao,Bizkaia,País Vasco
48004,Bilbao,Bizkaia,País Vasco
48005,Bilbao,Bizkaia,País Vasco
48006,Bilbao,Bizkaia,País Vasco
48007,Bilbao,Bizkaia,País Vasco
48008,Bilbao,Bizkaia,País Vasco
48009,Bilbao,Bizkaia,País Vasco
48010,Bilbao,Bizkaia,País Vasco
48011,Bilbao,Bizkaia,País Vasco
48012,Bilbao,Bizkaia,País Vasco
48013,Bilbao,Bizkaia,País Vasco
48014,Bilbao,Bizkaia,País Vasco
48015,Bilbao,Bizkaia,País Vasco
48100,Mungia,Bizkaia,País Vasco
48110,Gatika,Bizkaia,País Vasco
48111,Laukiz,Bizkaia,País Vasco
48112,Maruri-Jatabe,Bizkaia,País Vasco
48113,Gamiz-Fika,Bizkaia,País Vasco
48114,Arrieta,Bizkaia,País Vasco
48115,Morga,Bizkaia,País Vasco
48116,Fruiz,Bizkaia,País Vasco
48120,Meñaka,Bizkaia,País Vasco
48120,Mungia,Bizkaia,País Vasco
48130,Bakio,Bizkaia,País Vasco
48140,Arantzazu,Bizkaia,País Vasco
48140,Igorre,Bizkaia,País Vasco
48141,Dima,Bizkaia,País Vasco
48142,Artea,Bizkaia,País Vasco
48143,Areatza,Bizkaia,País Vasco
48144,Zeanuri,Bizkaia,País Vasco
48145,Ubide,Bizkaia,País Vasco
48150,Sondika,Bizkaia,País Vasco
48160,Derio,Bizkaia,País Vasco
48170,Zamudio,Bizkaia,País Vasco
48180,Loiu,Bizkaia,País Vasco
48190,Sopuerta,Bizkaia,País Vasco
48191,Galdames,Bizkaia,País Vasco
48191,Sopuerta,Bizkaia,País Vasco
48192,Gordexola,Bizkaia,País Vasco
48194,Gordexola,Bizkaia,País Vasco
48195,Larrabetzu,Bizkaia,País Vasco
48196,Lezama,Bizkaia,País Vasco
48200,Durango,Bizkaia,País Vasco
48200,Garai,Bizkaia,País Vasco
48210,Otxandio,Bizkaia,País Vasco
48211,Abadiño,Bizkaia,País Vasco
48212,Mañaria,Bizkaia,País Vasco
48213,Izurtza,Bizkaia,País Vasco
48215,Iurreta,Bizkaia,País Vasco
48220,Abadiño,Bizkaia,País Vasco
48230,Elorrio,Bizkaia,País Vasco
48240,Berriz,Bizkaia,País Vasco
48249,Berriz,Bizkaia,País Vasco
48250,Zaldibar,Bizkaia,País Vasco
48260,Ermua,Bizkaia,País Vasco
48260,Zaldibar,Bizkaia,País Vasco
48269,Mallabia,Bizkaia,País Vasco
48270,Markina-Xemein,Bizkaia,País Vasco
48276,Markina-Xemein,Bizkaia,País Vasco
48277,Etxebarria,Bizkaia,País Vasco
48278,Markina-Xemein,Bizkaia,País Vasco
48278,Ziortza-Bolibar,Bizkaia,País Vasco
48280,Lekeitio,Bizkaia,País Vasco
48287,Ea,Bizkaia,País Vasco
48288,Ispaster,Bizkaia,País Vasco
48289,Amoroto,Bizkaia,País Vasco
48289,Gizaburuaga,Bizkaia,País Vasco
48289,Mendexa,Bizkaia,País Vasco
48291,Atxondo,Bizkaia,País Vasco
48300,Gernika-Lumo,Bizkaia,País Vasco
48309,Errigoiti,Bizkaia,País Vasco
48309,Forua,Bizkaia,País Vasco
48310,Elantxobe,Bizkaia,País Vasco
48311,Ea,Bizkaia,País Vasco
48311,Ibarrangelu,Bizkaia,País Vasco
48312,Nabarniz,Bizkaia,País Vasco
48313,Ereño,Bizkaia,País Vasco
48314,Gautegiz Arteaga,Bizkaia,País Vasco
48314,Sukarrieta,Bizkaia,País Vasco
48315,Kortezubi,Bizkaia,País Vasco
48320,Ajangiz,Bizkaia,País Vasco
48330,Lemoa,Bizkaia,País Vasco
48340,Amorebieta-Etxano,Bizkaia,País Vasco
48350,Busturia,Bizkaia,País Vasco
48360,Mundaka,Bizkaia,País Vasco
48370,Bermeo,Bizkaia,País Vasco
48380,Aulesti,Bizkaia,País Vasco
48381,Munitibar-Arbatzegi Gerrikaitz,Bizkaia,País Vasco
48382,Mendata,Bizkaia,País Vasco
48383,Arratzu,Bizkaia,País Vasco
48390,Bedia,Bizkaia,País Vasco
48391,Muxika,Bizkaia,País Vasco
48392,Muxika,Bizkaia,País Vasco
48393,Forua,Bizkaia,País Vasco
48394,Murueta,Bizkaia,País Vasco
48395,Sukarrieta,Bizkaia,País Vasco
48410,Orozko,Bizkaia,País Vasco
48419,Orozko,Bizkaia,País Vasco
48450,Etxebarri,Bizkaia,País Vasco
48460,Urduña/Orduña,Bizkaia,País Vasco
48480,Arrigorriaga,Bizkaia,País Vasco
48480,Ugao-Miraballes,Bizkaia,País Vasco
48480,Zaratamo,Bizkaia,País Vasco
48490,Ugao-Miraballes,Bizkaia,País Vasco
48498,Arakaldo,Bizkaia,País Vasco
48498,Arrankudiaga-Zollo,Bizkaia,País Vasco
48499,Arrankudiaga-Zollo,Bizkaia,País Vasco
48499,Zeberio,Bizkaia,País Vasco
48499,Ugao-Miraballes,Bizkaia,País Vasco
48500,Abanto y Ciérvana-Abanto Zierbena,Bizkaia,País Vasco
48508,Zierbena,Bizkaia,País Vasco
48510,Valle de Trápaga-Trapagaran,Bizkaia,País Vasco
48520,Valle de Trápaga-Trapagaran,Bizkaia,País Vasco
48530,Ortuella,Bizkaia,País Vasco
48550,Muskiz,Bizkaia,País Vasco
48600,Sopela,Bizkaia,País Vasco
48610,Urduliz,Bizkaia,País Vasco
48620,Gorliz,Bizkaia,País Vasco
48620,Lemoiz,Bizkaia,País Vasco
48620,Plentzia,Bizkaia,País Vasco
48630,Gorliz,Bizkaia,País Vasco
48640,Berango,Bizkaia,País Vasco
48650,Barrika,Bizkaia,País Vasco
48700,Ondarroa,Bizkaia,País Vasco
48710,Berriatua,Bizkaia,País Vasco
48800,Balmaseda,Bizkaia,País Vasco
48810,Alonsotegi,Bizkaia,País Vasco
48820,Güeñes,Bizkaia,País Vasco
48830,Güeñes,Bizkaia,País Vasco
48840,Güeñes,Bizkaia,País Vasco
48850,Zalla,Bizkaia,País Vasco
48860,Zalla,Bizkaia,País Vasco
48869,Sopuerta,Bizkaia,País Vasco
48869,Zalla,Bizkaia,País Vasco
48870,Sopuerta,Bizkaia,País Vasco
48879,Artzentales,Bizkaia,País Vasco
48880,Trucios-Turtzioz,Bizkaia,País Vasco
48890,Karrantza Harana/Valle de Carranza,Bizkaia,País Vasco
48891,Karrantza Harana/Valle de Carranza,Bizkaia,País Vasco
48895,Karrantza Harana/Valle de Carranza,Bizkaia,País Vasco
48895,Lanestosa,Bizkaia,País Vasco
48901,Barakaldo,Bizkaia,País Vasco
48902,Barakaldo,Bizkaia,País Vasco
48903,Barakaldo,Bizkaia,País Vasco
48910,Sestao,Bizkaia,País Vasco
48920,Portugalete,Bizkaia,País Vasco
48930,Getxo,Bizkaia,País Vasco
48940,Leioa,Bizkaia,País Vasco
48950,Erandio,Bizkaia,País Vasco
48960,Galdakao,Bizkaia,País Vasco
48970,Basauri,Bizkaia,País Vasco
48980,Santurtzi,Bizkaia,País Vasco
48991,Getxo,Bizkaia,País Vasco
48992,Getxo,Bizkaia,País Vasco
48993,Getxo,Bizkaia,País Vasco
49001,Zamora,Zamora,Castilla y León
49002,Zamora,Zamora,Castilla y León
49003,Zamora,Zamora,Castilla y León
49004,Zamora,Zamora,Castilla y León
49005,Zamora,Zamora,Castilla y León
49006,Zamora,Zamora,Castilla y León
49007,Zamora,Zamora,Castilla y León
49008,Zamora,Zamora,Castilla y León
49009,Zamora,Zamora,Castilla y León
49010,Zamora,Zamora,Castilla y León
49011,Zamora,Zamora,Castilla y León
49012,Zamora,Zamora,Castilla y León
49013,Zamora,Zamora,Castilla y León
49014,Zamora,Zamora,Castilla y León
49015,Zamora,Zamora,Castilla y León
49016,Zamora,Zamora,Castilla y León
49017,Zamora,Zamora,Castilla y León
49018,Zamora,Zamora,Castilla y León
49019,Zamora,Zamora,Castilla y León
49020,Zamora,Zamora,Castilla y León
49021,Zamora,Zamora,Castilla y León
49022,Zamora,Zamora,Castilla y León
49023,Zamora,Zamora,Castilla y León
49024,Zamora,Zamora,Castilla y León
49025,Zamora,Zamora,Castilla y León
49026,Zamora,Zamora,Castilla y León
49027,Zamora,Zamora,Castilla y León
49028,Zamora,Zamora,Castilla y León
49029,Zamora,Zamora,Castilla y León
49030,Zamora,Zamora,Castilla y León
49031,Zamora,Zamora,Castilla y León
49032,Zamora,Zamora,Castilla y León
49100,Villanueva del Campo,Zamora,Castilla y León
49110,Castroverde de Campos,Zamora,Castilla y León
49120,Molacillos,Zamora,Castilla y León
49121,Monfarracinos,Zamora,Castilla y León
49122,Torres del Carrizal,Zamora,Castilla y León
49123,Benegiles,Zamora,Castilla y León
49124,Aspariegos,Zamora,Castilla y León
49125,Cerecinos del Carrizal,Zamora,Castilla y León
49126,Arquillinos,Zamora,Castilla y León
49126,Villalba de la Lampreana,Zamora,Castilla y León
49127,Castronuevo,Zamora,Castilla y León
49127,Pobladura de Valderaduey,Zamora,Castilla y León
49128,Cañizo,Zamora,Castilla y León
49129,San Martín de Valderaduey,Zamora,Castilla y León
49129,Villárdiga,Zamora,Castilla y León
49130,Manganeses de la Lampreana,Zamora,Castilla y León
49131,Villamayor de Campos,Zamora,Castilla y León
49132,Villar de Fallaves,Zamora,Castilla y León
49133,Vega de Villalobos,Zamora,Castilla y León
49134,Villalobos,Zamora,Castilla y León
49135,Revellinos,Zamora,Castilla y León
49135,San Agustín del Pozo,Zamora,Castilla y León
49135,Vidayanes,Zamora,Castilla y León
49136,Villafáfila,Zamora,Castilla y León
49137,Villarrín de Campos,Zamora,Castilla y León
49140,Tábara,Zamora,Castilla y León
49141,Faramontanos de Tábara,Zamora,Castilla y León
49142,Pajares de la Lampreana,Zamora,Castilla y León
49143,Piedrahita de Castro,Zamora,Castilla y León
49144,San Cebrián de Castro,Zamora,Castilla y León
49145,Perilla de Castro,Zamora,Castilla y León
49145,Santa Eufemia del Barco,Zamora,Castilla y León
49146,Olmillos de Castro,Zamora,Castilla y León
49147,Olmillos de Castro,Zamora,Castilla y León
49148,Moreruela de Tábara,Zamora,Castilla y León
49148,Pozuelo de Tábara,Zamora,Castilla y León
49149,Montamarta,Zamora,Castilla y León
49150,Moraleja del Vino,Zamora,Castilla y León
49151,Arcenillas,Zamora,Castilla y León
49151,Casaseca de las Chanas,Zamora,Castilla y León
49151,Gema,Zamora,Castilla y León
49152,Sanzoles,Zamora,Castilla y León
49153,Venialbo,Zamora,Castilla y León
49154,El Pego,Zamora,Castilla y León
49155,La Bóveda de Toro,Zamora,Castilla y León
49156,Guarrate,Zamora,Castilla y León
49157,Madridanos,Zamora,Castilla y León
49158,Villalazán,Zamora,Castilla y León
49159,Villaralbo,Zamora,Castilla y León
49160,Carbajales de Alba,Zamora,Castilla y León
49161,Santa Eufemia del Barco,Zamora,Castilla y León
49162,Andavías,Zamora,Castilla y León
49162,Palacios del Pan,Zamora,Castilla y León
49163,Manzanal del Barco,Zamora,Castilla y León
49164,Muelas del Pan,Zamora,Castilla y León
49164,Videmala,Zamora,Castilla y León
49165,Muelas del Pan,Zamora,Castilla y León
49165,Videmala,Zamora,Castilla y León
49166,Villalcampo,Zamora,Castilla y León
49167,Muelas del Pan,Zamora,Castilla y León
49168,Fonfría,Zamora,Castilla y León
49170,El Perdigón,Zamora,Castilla y León
49171,Pereruela,Zamora,Castilla y León
49172,Pereruela,Zamora,Castilla y León
49173,Pereruela,Zamora,Castilla y León
49174,Fresno de Sayago,Zamora,Castilla y León
49174,Pereruela,Zamora,Castilla y León
49176,Peñausende,Zamora,Castilla y León
49177,Alfaraz de Sayago,Zamora,Castilla y León
49177,Almeida de Sayago,Zamora,Castilla y León
49177,Moraleja de Sayago,Zamora,Castilla y León
49177,Peñausende,Zamora,Castilla y León
49178,Peñausende,Zamora,Castilla y León
49180,Almaraz de Duero,Zamora,Castilla y León
49181,Villaseco del Pan,Zamora,Castilla y León
49182,San Pedro de la Nave-Almendra,Zamora,Castilla y León
49183,San Pedro de la Nave-Almendra,Zamora,Castilla y León
49190,Morales del Vino,Zamora,Castilla y León
49191,Cazurra,Zamora,Castilla y León
49191,Jambrina,Zamora,Castilla y León
49191,Morales del Vino,Zamora,Castilla y León
49191,Peleas de Abajo,Zamora,Castilla y León
49192,La Hiniesta,Zamora,Castilla y León
49192,Roales,Zamora,Castilla y León
49192,Valcabado,Zamora,Castilla y León
49200,Bermillo de Sayago,Zamora,Castilla y León
49210,Almeida de Sayago,Zamora,Castilla y León
49211,Bermillo de Sayago,Zamora,Castilla y León
49211,Carbellino,Zamora,Castilla y León
49211,Roelos de Sayago,Zamora,Castilla y León
49211,Salce,Zamora,Castilla y León
49212,Muga de Sayago,Zamora,Castilla y León
49213,Fariza,Zamora,Castilla y León
49214,Fariza,Zamora,Castilla y León
49215,Bermillo de Sayago,Zamora,Castilla y León
49215,Luelmo,Zamora,Castilla y León
49216,Bermillo de Sayago,Zamora,Castilla y León
49216,Fresno de Sayago,Zamora,Castilla y León
49220,Fermoselle,Zamora,Castilla y León
49230,Villar del Buey,Zamora,Castilla y León
49231,Villar del Buey,Zamora,Castilla y León
49232,Villar del Buey,Zamora,Castilla y León
49240,Villar del Buey,Zamora,Castilla y León
49250,Villadepera,Zamora,Castilla y León
49250,Villardiegua de la Ribera,Zamora,Castilla y León
49251,Argañín,Zamora,Castilla y León
49251,Gamones,Zamora,Castilla y León
49252,Torregamones,Zamora,Castilla y León
49253,Moralina,Zamora,Castilla y León
49254,Moral de Sayago,Zamora,Castilla y León
49255,Bermillo de Sayago,Zamora,Castilla y León
49260,Bermillo de Sayago,Zamora,Castilla y León
49270,Pereruela,Zamora,Castilla y León
49271,Pereruela,Zamora,Castilla y León
49272,Pereruela,Zamora,Castilla y León
49280,Pereruela,Zamora,Castilla y León
49281,Pereruela,Zamora,Castilla y León
49300,Puebla de Sanabria,Zamora,Castilla y León
49310,Mombuey,Zamora,Castilla y León
49317,Cernadilla,Zamora,Castilla y León
49317,Manzanal de los Infantes,Zamora,Castilla y León
49318,Mombuey,Zamora,Castilla y León
49318,Peque,Zamora,Castilla y León
49318,Rionegro del Puente,Zamora,Castilla y León
49319,Manzanal de los Infantes,Zamora,Castilla y León
49319,Muelas de los Caballeros,Zamora,Castilla y León
49320,Palacios de Sanabria,Zamora,Castilla y León
49320,Robleda-Cervantes,Zamora,Castilla y León
49321,Palacios de Sanabria,Zamora,Castilla y León
49321,Robleda-Cervantes,Zamora,Castilla y León
49322,Palacios de Sanabria,Zamora,Castilla y León
49322,Rosinos de la Requejada,Zamora,Castilla y León
49323,Rosinos de la Requejada,Zamora,Castilla y León
49324,Asturianos,Zamora,Castilla y León
49324,Rosinos de la Requejada,Zamora,Castilla y León
49325,Asturianos,Zamora,Castilla y León
49325,Cernadilla,Zamora,Castilla y León
49326,Rionegro del Puente,Zamora,Castilla y León
49327,Cubo de Benavente,Zamora,Castilla y León
49327,Molezuelas de la Carballeda,Zamora,Castilla y León
49327,Uña de Quintana,Zamora,Castilla y León
49329,Vega de Tera,Zamora,Castilla y León
49330,Rionegro del Puente,Zamora,Castilla y León
49330,Vega de Tera,Zamora,Castilla y León
49331,Calzadilla de Tera,Zamora,Castilla y León
49331,Vega de Tera,Zamora,Castilla y León
49332,Camarzana de Tera,Zamora,Castilla y León
49333,Pueblica de Valverde,Zamora,Castilla y León
49333,Santa María de Valverde,Zamora,Castilla y León
49333,Villanueva de las Peras,Zamora,Castilla y León
49334,Ferreras de Abajo,Zamora,Castilla y León
49335,Ferreras de Abajo,Zamora,Castilla y León
49335,Ferreras de Arriba,Zamora,Castilla y León
49336,Otero de Bodas,Zamora,Castilla y León
49337,Ferreras de Arriba,Zamora,Castilla y León
49337,Otero de Bodas,Zamora,Castilla y León
49340,Justel,Zamora,Castilla y León
49341,Espadañedo,Zamora,Castilla y León
49341,Muelas de los Caballeros,Zamora,Castilla y León
49342,Espadañedo,Zamora,Castilla y León
49343,Justel,Zamora,Castilla y León
49343,Muelas de los Caballeros,Zamora,Castilla y León
49344,Muelas de los Caballeros,Zamora,Castilla y León
49345,Espadañedo,Zamora,Castilla y León
49346,Espadañedo,Zamora,Castilla y León
49347,Espadañedo,Zamora,Castilla y León
49348,Asturianos,Zamora,Castilla y León
49349,Rosinos de la Requejada,Zamora,Castilla y León
49350,Galende,Zamora,Castilla y León
49352,Galende,Zamora,Castilla y León
49357,Robleda-Cervantes,Zamora,Castilla y León
49357,San Justo,Zamora,Castilla y León
49358,San Justo,Zamora,Castilla y León
49358,Trefacio,Zamora,Castilla y León
49359,San Justo,Zamora,Castilla y León
49359,Trefacio,Zamora,Castilla y León
49360,Galende,Zamora,Castilla y León
49361,Galende,Zamora,Castilla y León
49362,Galende,Zamora,Castilla y León
49390,Puebla de Sanabria,Zamora,Castilla y León
49390,Robleda-Cervantes,Zamora,Castilla y León
49391,Pedralba de la Pradería,Zamora,Castilla y León
49392,Pedralba de la Pradería,Zamora,Castilla y León
49393,Puebla de Sanabria,Zamora,Castilla y León
49394,Cobreros,Zamora,Castilla y León
49394,Requejo,Zamora,Castilla y León
49395,Cobreros,Zamora,Castilla y León
49395,Galende,Zamora,Castilla y León
49396,Cobreros,Zamora,Castilla y León
49400,Fuentesaúco,Zamora,Castilla y León
49410,Fuentelapeña,Zamora,Castilla y León
49419,Castrillo de la Guareña,Zamora,Castilla y León
49420,Vadillo de la Guareña,Zamora,Castilla y León
49430,Villaescusa,Zamora,Castilla y León
49440,Cañizal,Zamora,Castilla y León
49450,Vallesa de la Guareña,Zamora,Castilla y León
49500,Alcañices,Zamora,Castilla y León
49510,Fonfría,Zamora,Castilla y León
49511,Fonfría,Zamora,Castilla y León
49512,Fonfría,Zamora,Castilla y León
49512,Gallegos del Río,Zamora,Castilla y León
49512,Rabanales,Zamora,Castilla y León
49513,Fonfría,Zamora,Castilla y León
49513,Samir de los Caños,Zamora,Castilla y León
49514,Alcañices,Zamora,Castilla y León
49514,Fonfría,Zamora,Castilla y León
49514,Pino del Oro,Zamora,Castilla y León
49515,Rábano de Aliste,Zamora,Castilla y León
49515,Viñas,Zamora,Castilla y León
49516,Trabazos,Zamora,Castilla y León
49517,Alcañices,Zamora,Castilla y León
49517,Trabazos,Zamora,Castilla y León
49517,Viñas,Zamora,Castilla y León
49518,Alcañices,Zamora,Castilla y León
49518,Rábano de Aliste,Zamora,Castilla y León
49518,Trabazos,Zamora,Castilla y León
49519,Rabanales,Zamora,Castilla y León
49520,Figueruela de Arriba,Zamora,Castilla y León
49521,Figueruela de Arriba,Zamora,Castilla y León
49522,Mahide,Zamora,Castilla y León
49523,San Vitero,Zamora,Castilla y León
49524,San Vitero,Zamora,Castilla y León
49524,Viñas,Zamora,Castilla y León
49525,Rábano de Aliste,Zamora,Castilla y León
49525,San Vitero,Zamora,Castilla y León
49530,Coreses,Zamora,Castilla y León
49539,Algodre,Zamora,Castilla y León
49539,Gallegos del Pan,Zamora,Castilla y León
49539,Villalube,Zamora,Castilla y León
49540,Ferreruela,Zamora,Castilla y León
49540,Losacio,Zamora,Castilla y León
49540,Olmillos de Castro,Zamora,Castilla y León
49541,Losacino,Zamora,Castilla y León
49542,Gallegos del Río,Zamora,Castilla y León
49542,Vegalatrave,Zamora,Castilla y León
49543,Losacino,Zamora,Castilla y León
49550,Ferreruela,Zamora,Castilla y León
49559,Gallegos del Río,Zamora,Castilla y León
49560,Mahide,Zamora,Castilla y León
49561,Mahide,Zamora,Castilla y León
49562,Villardeciervos,Zamora,Castilla y León
49563,Villardeciervos,Zamora,Castilla y León
49570,Lubián,Zamora,Castilla y León
49571,Hermisende,Zamora,Castilla y León
49572,Hermisende,Zamora,Castilla y León
49573,Lubián,Zamora,Castilla y León
49574,Lubián,Zamora,Castilla y León
49580,Pías,Zamora,Castilla y León
49582,Pías,Zamora,Castilla y León
49583,Porto,Zamora,Castilla y León
49590,Fresno de la Ribera,Zamora,Castilla y León
49590,Matilla la Seca,Zamora,Castilla y León
49591,Riofrío de Aliste,Zamora,Castilla y León
49592,Riofrío de Aliste,Zamora,Castilla y León
49592,San Vicente de la Cabeza,Zamora,Castilla y León
49593,Manzanal de Arriba,Zamora,Castilla y León
49594,Manzanal de Arriba,Zamora,Castilla y León
49600,Benavente,Zamora,Castilla y León
49610,Santibáñez de Vidriales,Zamora,Castilla y León
49618,Fuente Encalada,Zamora,Castilla y León
49618,Santibáñez de Vidriales,Zamora,Castilla y León
49618,Villageriz,Zamora,Castilla y León
49619,Ayoó de Vidriales,Zamora,Castilla y León
49619,Santibáñez de Vidriales,Zamora,Castilla y León
49620,Santa Cristina de la Polvorosa,Zamora,Castilla y León
49621,Granucillo,Zamora,Castilla y León
49621,Santibáñez de Vidriales,Zamora,Castilla y León
49622,Brime de Urz,Zamora,Castilla y León
49622,Granucillo,Zamora,Castilla y León
49622,Quintanilla de Urz,Zamora,Castilla y León
49622,Quiruelas de Vidriales,Zamora,Castilla y León
49622,Santibáñez de Vidriales,Zamora,Castilla y León
49623,Quiruelas de Vidriales,Zamora,Castilla y León
49623,Villanázar,Zamora,Castilla y León
49624,Micereces de Tera,Zamora,Castilla y León
49624,Santibáñez de Tera,Zamora,Castilla y León
49625,Santibáñez de Tera,Zamora,Castilla y León
49626,Camarzana de Tera,Zamora,Castilla y León
49626,Melgar de Tera,Zamora,Castilla y León
49626,Santa Croya de Tera,Zamora,Castilla y León
49627,Camarzana de Tera,Zamora,Castilla y León
49628,San Pedro de Ceque,Zamora,Castilla y León
49629,Brime de Sog,Zamora,Castilla y León
49630,Villalpando,Zamora,Castilla y León
49637,Cotanes del Monte,Zamora,Castilla y León
49638,Prado,Zamora,Castilla y León
49638,Quintanilla del Olmo,Zamora,Castilla y León
49639,Quintanilla del Monte,Zamora,Castilla y León
49639,Tapioles,Zamora,Castilla y León
49640,Cerecinos de Campos,Zamora,Castilla y León
49650,San Esteban del Molar,Zamora,Castilla y León
49660,Castrogonzalo,Zamora,Castilla y León
49660,Villanueva de Azoague,Zamora,Castilla y León
49670,Fuentes de Ropel,Zamora,Castilla y León
49680,San Miguel del Valle,Zamora,Castilla y León
49680,Valdescorriel,Zamora,Castilla y León
49690,San Cristóbal de Entreviñas,Zamora,Castilla y León
49691,San Cristóbal de Entreviñas,Zamora,Castilla y León
49692,Matilla de Arzón,Zamora,Castilla y León
49693,Fresno de la Polvorosa,Zamora,Castilla y León
49693,Morales de Rey,Zamora,Castilla y León
49694,Manganeses de la Polvorosa,Zamora,Castilla y León
49695,Villaferrueña,Zamora,Castilla y León
49696,Alcubilla de Nogales,Zamora,Castilla y León
49696,Arrabalde,Zamora,Castilla y León
49696,Santa María de la Vega,Zamora,Castilla y León
49697,Morales de Valverde,Zamora,Castilla y León
49697,Navianos de Valverde,Zamora,Castilla y León
49697,Pueblica de Valverde,Zamora,Castilla y León
49697,Villanázar,Zamora,Castilla y León
49697,Villaveza de Valverde,Zamora,Castilla y León
49698,Bretocino,Zamora,Castilla y León
49698,Burganes de Valverde,Zamora,Castilla y León
49698,Friera de Valverde,Zamora,Castilla y León
49698,Villanázar,Zamora,Castilla y León
49699,Arcos de la Polvorosa,Zamora,Castilla y León
49699,Milles de la Polvorosa,Zamora,Castilla y León
49699,Santa Colomba de las Monjas,Zamora,Castilla y León
49699,Villanueva de Azoague,Zamora,Castilla y León
49700,Corrales del Vino,Zamora,Castilla y León
49706,Corrales del Vino,Zamora,Castilla y León
49707,Santa Clara de Avedillo,Zamora,Castilla y León
49708,Casaseca de Campeán,Zamora,Castilla y León
49708,Villanueva de Campeán,Zamora,Castilla y León
49709,Cabañas de Sayago,Zamora,Castilla y León
49710,El Cubo de Tierra del Vino,Zamora,Castilla y León
49714,Fuentespreadas,Zamora,Castilla y León
49715,El Piñero,Zamora,Castilla y León
49716,Argujillo,Zamora,Castilla y León
49717,Cuelgamures,Zamora,Castilla y León
49717,San Miguel de la Ribera,Zamora,Castilla y León
49718,Mayalde,Zamora,Castilla y León
49719,El Maderal,Zamora,Castilla y León
49719,Villamor de los Escuderos,Zamora,Castilla y León
49720,El Perdigón,Zamora,Castilla y León
49721,Entrala,Zamora,Castilla y León
49722,El Perdigón,Zamora,Castilla y León
49730,Cubillos,Zamora,Castilla y León
49731,Moreruela de los Infanzones,Zamora,Castilla y León
49740,Granja de Moreruela,Zamora,Castilla y León
49741,Granja de Moreruela,Zamora,Castilla y León
49742,Manganeses de la Lampreana,Zamora,Castilla y León
49743,San Cebrián de Castro,Zamora,Castilla y León
49750,Santovenia,Zamora,Castilla y León
49751,Bretó,Zamora,Castilla y León
49760,Barcial del Barco,Zamora,Castilla y León
49760,Villaveza del Agua,Zamora,Castilla y León
49770,Villabrázaro,Zamora,Castilla y León
49780,Pobladura del Valle,Zamora,Castilla y León
49781,La Torre del Valle,Zamora,Castilla y León
49782,Villabrázaro,Zamora,Castilla y León
49783,Coomonte,Zamora,Castilla y León
49783,Maire de Castroponce,Zamora,Castilla y León
49800,Toro,Zamora,Castilla y León
49810,Morales de Toro,Zamora,Castilla y León
49820,Villabuena del Puente,Zamora,Castilla y León
49830,Belver de los Montes,Zamora,Castilla y León
49831,Bustillo del Oro,Zamora,Castilla y León
49832,Malva,Zamora,Castilla y León
49833,Fuentesecas,Zamora,Castilla y León
49834,Abezames,Zamora,Castilla y León
49835,Pozoantiguo,Zamora,Castilla y León
49836,Toro,Zamora,Castilla y León
49840,Vezdemarbán,Zamora,Castilla y León
49850,Pinilla de Toro,Zamora,Castilla y León
49860,Villalonso,Zamora,Castilla y León
49870,Villavendimio,Zamora,Castilla y León
49871,Villardondiego,Zamora,Castilla y León
49880,Peleagonzalo,Zamora,Castilla y León
49881,Toro,Zamora,Castilla y León
49882,Valdefinjas,Zamora,Castilla y León
50001,Zaragoza,Zaragoza,Aragón
50002,Zaragoza,Zaragoza,Aragón
50003,Zaragoza,Zaragoza,Aragón
50004,Zaragoza,Zaragoza,Aragón
50005,Zaragoza,Zaragoza,Aragón
50006,Zaragoza,Zaragoza,Aragón
50007,Zaragoza,Zaragoza,Aragón
50008,Zaragoza,Zaragoza,Aragón
50009,Zaragoza,Zaragoza,Aragón
50010,Zaragoza,Zaragoza,Aragón
50011,Zaragoza,Zaragoza,Aragón
50012,Zaragoza,Zaragoza,Aragón
50013,Zaragoza,Zaragoza,Aragón
50014,Zaragoza,Zaragoza,Aragón
50015,Zaragoza,Zaragoza,Aragón
50016,Zaragoza,Zaragoza,Aragón
50017,Zaragoza,Zaragoza,Aragón
50018,Zaragoza,Zaragoza,Aragón
50019,Cuarte de Huerva,Zaragoza,Aragón
50019,Zaragoza,Zaragoza,Aragón
50020,Zaragoza,Zaragoza,Aragón
50021,Zaragoza,Zaragoza,Aragón
50022,Zaragoza,Zaragoza,Aragón
50059,Zaragoza,Zaragoza,Aragón
50090,Zaragoza,Zaragoza,Aragón
50100,La Almunia de Doña Godina,Zaragoza,Aragón
50108,Almonacid de la Sierra,Zaragoza,Aragón
50109,Alpartir,Zaragoza,Aragón
50110,Zaragoza,Zaragoza,Aragón
50120,Zaragoza,Zaragoza,Aragón
50130,Belchite,Zaragoza,Aragón
50131,Lécera,Zaragoza,Aragón
50132,Codo,Zaragoza,Aragón
50133,Almonacid de la Cuba,Zaragoza,Aragón
50134,Lagata,Zaragoza,Aragón
50134,Samper del Salz,Zaragoza,Aragón
50135,Mediana de Aragón,Zaragoza,Aragón
50136,Letux,Zaragoza,Aragón
50137,Puebla de Albortón,Zaragoza,Aragón
50138,Valmadrid,Zaragoza,Aragón
50139,Zaragoza,Zaragoza,Aragón
50140,Azuara,Zaragoza,Aragón
50141,Jaulín,Zaragoza,Aragón
50142,Fuendetodos,Zaragoza,Aragón
50143,Moyuela,Zaragoza,Aragón
50143,Plenas,Zaragoza,Aragón
50144,Moneva,Zaragoza,Aragón
50150,Herrera de los Navarros,Zaragoza,Aragón
50151,Luesma,Zaragoza,Aragón
50152,Mezalocha,Zaragoza,Aragón
50153,Villanueva de Huerva,Zaragoza,Aragón
50154,Tosos,Zaragoza,Aragón
50155,Aguilón,Zaragoza,Aragón
50156,Villar de los Navarros,Zaragoza,Aragón
50160,Leciñena,Zaragoza,Aragón
50161,Perdiguera,Zaragoza,Aragón
50162,Villamayor de Gállego,Zaragoza,Aragón
50163,Farlete,Zaragoza,Aragón
50164,Monegrillo,Zaragoza,Aragón
50170,Mequinenza,Zaragoza,Aragón
50171,La Puebla de Alfindén,Zaragoza,Aragón
50172,Alfajarín,Zaragoza,Aragón
50173,Nuez de Ebro,Zaragoza,Aragón
50174,Villafranca de Ebro,Zaragoza,Aragón
50175,Osera de Ebro,Zaragoza,Aragón
50177,Bujaraloz,Zaragoza,Aragón
50178,La Almolda,Zaragoza,Aragón
50180,Utebo,Zaragoza,Aragón
50190,Zaragoza,Zaragoza,Aragón
50191,Zaragoza,Zaragoza,Aragón
50192,Zaragoza,Zaragoza,Aragón
50193,Zaragoza,Zaragoza,Aragón
50194,Zaragoza,Zaragoza,Aragón
50195,Pastriz,Zaragoza,Aragón
50195,Zaragoza,Zaragoza,Aragón
50196,La Muela,Zaragoza,Aragón
50197,Zaragoza,Zaragoza,Aragón
50198,La Muela,Zaragoza,Aragón
50200,Ateca,Zaragoza,Aragón
50210,Nuévalos,Zaragoza,Aragón
50211,Castejón de las Armas,Zaragoza,Aragón
50212,Carenas,Zaragoza,Aragón
50213,Cimballa,Zaragoza,Aragón
50213,Monterde,Zaragoza,Aragón
50213,Nuévalos,Zaragoza,Aragón
50214,Campillo de Aragón,Zaragoza,Aragón
50215,Moros,Zaragoza,Aragón
50216,Villalengua,Zaragoza,Aragón
50217,Torrijo de la Cañada,Zaragoza,Aragón
50219,Munébrega,Zaragoza,Aragón
50219,Valtorres,Zaragoza,Aragón
50219,La Vilueña,Zaragoza,Aragón
50220,Ariza,Zaragoza,Aragón
50227,Sisamón,Zaragoza,Aragón
50228,Cabolafuente,Zaragoza,Aragón
50229,Bordalba,Zaragoza,Aragón
50230,Alhama de Aragón,Zaragoza,Aragón
50236,Ibdes,Zaragoza,Aragón
50237,Jaraba,Zaragoza,Aragón
50238,Calmarza,Zaragoza,Aragón
50238,Godojos,Zaragoza,Aragón
50239,Bubierca,Zaragoza,Aragón
50239,Contamina,Zaragoza,Aragón
50239,Embid de Ariza,Zaragoza,Aragón
50240,Morés,Zaragoza,Aragón
50246,Brea de Aragón,Zaragoza,Aragón
50247,Morés,Zaragoza,Aragón
50248,Sestrica,Zaragoza,Aragón
50249,Sestrica,Zaragoza,Aragón
50250,Illueca,Zaragoza,Aragón
50257,Gotor,Zaragoza,Aragón
50258,Jarque de Moncayo,Zaragoza,Aragón
50258,Oseja,Zaragoza,Aragón
50259,Aranda de Moncayo,Zaragoza,Aragón
50259,Pomer,Zaragoza,Aragón
50260,Morata de Jalón,Zaragoza,Aragón
50266,Arándiga,Zaragoza,Aragón
50267,Mesones de Isuela,Zaragoza,Aragón
50268,Calcena,Zaragoza,Aragón
50268,Purujosa,Zaragoza,Aragón
50268,Trasobares,Zaragoza,Aragón
50269,Chodes,Zaragoza,Aragón
50269,Nigüella,Zaragoza,Aragón
50269,Tierga,Zaragoza,Aragón
50270,Ricla,Zaragoza,Aragón
50280,Calatorao,Zaragoza,Aragón
50290,Épila,Zaragoza,Aragón
50291,Monreal de Ariza,Zaragoza,Aragón
50292,Cetina,Zaragoza,Aragón
50293,Terrer,Zaragoza,Aragón
50294,Lucena de Jalón,Zaragoza,Aragón
50294,Salillas de Jalón,Zaragoza,Aragón
50295,Lumpiaque,Zaragoza,Aragón
50295,Rueda de Jalón,Zaragoza,Aragón
50296,Bardallur,Zaragoza,Aragón
50296,Plasencia de Jalón,Zaragoza,Aragón
50296,Urrea de Jalón,Zaragoza,Aragón
50297,Bárboles,Zaragoza,Aragón
50297,Grisén,Zaragoza,Aragón
50297,Pleitas,Zaragoza,Aragón
50298,Pinseque,Zaragoza,Aragón
50299,Calatayud,Zaragoza,Aragón
50299,Paracuellos de la Ribera,Zaragoza,Aragón
50299,Sabiñán,Zaragoza,Aragón
50300,Calatayud,Zaragoza,Aragón
50310,Villarroya de la Sierra,Zaragoza,Aragón
50311,Torralba de Ribota,Zaragoza,Aragón
50312,Cervera de la Cañada,Zaragoza,Aragón
50313,Aniñón,Zaragoza,Aragón
50314,Clarés de Ribota,Zaragoza,Aragón
50315,Malanquilla,Zaragoza,Aragón
50316,Berdejo,Zaragoza,Aragón
50316,Bijuesca,Zaragoza,Aragón
50316,Torrelapaja,Zaragoza,Aragón
50320,El Frasno,Zaragoza,Aragón
50322,El Frasno,Zaragoza,Aragón
50323,El Frasno,Zaragoza,Aragón
50324,El Frasno,Zaragoza,Aragón
50324,Santa Cruz de Grío,Zaragoza,Aragón
50325,Tobed,Zaragoza,Aragón
50326,Codos,Zaragoza,Aragón
50330,Miedes de Aragón,Zaragoza,Aragón
50331,Mara,Zaragoza,Aragón
50331,Orera,Zaragoza,Aragón
50331,Ruesca,Zaragoza,Aragón
50332,Belmonte de Gracián,Zaragoza,Aragón
50333,Villalba de Perejil,Zaragoza,Aragón
50334,Sediles,Zaragoza,Aragón
50336,Calatayud,Zaragoza,Aragón
50340,Maluenda,Zaragoza,Aragón
50341,Olvés,Zaragoza,Aragón
50342,Paracuellos de Jiloca,Zaragoza,Aragón
50343,Velilla de Jiloca,Zaragoza,Aragón
50344,Morata de Jiloca,Zaragoza,Aragón
50345,Alarba,Zaragoza,Aragón
50346,Castejón de Alarba,Zaragoza,Aragón
50347,Acered,Zaragoza,Aragón
50348,Atea,Zaragoza,Aragón
50360,Daroca,Zaragoza,Aragón
50366,Balconchán,Zaragoza,Aragón
50366,Manchones,Zaragoza,Aragón
50366,Murero,Zaragoza,Aragón
50366,Orcajo,Zaragoza,Aragón
50367,Langa del Castillo,Zaragoza,Aragón
50367,Retascón,Zaragoza,Aragón
50368,Cerveruela,Zaragoza,Aragón
50368,Mainar,Zaragoza,Aragón
50368,Torralbilla,Zaragoza,Aragón
50368,Villarroya del Campo,Zaragoza,Aragón
50369,Anento,Zaragoza,Aragón
50369,Lechón,Zaragoza,Aragón
50369,Nombrevilla,Zaragoza,Aragón
50370,Villanueva de Jiloca,Zaragoza,Aragón
50371,Valdehorna,Zaragoza,Aragón
50372,Val de San Martín,Zaragoza,Aragón
50373,Berrueco,Zaragoza,Aragón
50373,Las Cuerlas,Zaragoza,Aragón
50373,Gallocanta,Zaragoza,Aragón
50373,Santed,Zaragoza,Aragón
50374,Aldehuela de Liestos,Zaragoza,Aragón
50374,Torralba de los Frailes,Zaragoza,Aragón
50374,Used,Zaragoza,Aragón
50375,Abanto,Zaragoza,Aragón
50376,Cubel,Zaragoza,Aragón
50390,Fuentes de Jiloca,Zaragoza,Aragón
50391,Montón,Zaragoza,Aragón
50391,Villafeliche,Zaragoza,Aragón
50400,Cariñena,Zaragoza,Aragón
50408,Aguarón,Zaragoza,Aragón
50409,Cosuenda,Zaragoza,Aragón
50410,Cuarte de Huerva,Zaragoza,Aragón
50411,Cuarte de Huerva,Zaragoza,Aragón
50420,Cadrete,Zaragoza,Aragón
50430,María de Huerva,Zaragoza,Aragón
50440,Mozota,Zaragoza,Aragón
50441,Botorrita,Zaragoza,Aragón
50450,Muel,Zaragoza,Aragón
50460,Longares,Zaragoza,Aragón
50461,Alfamén,Zaragoza,Aragón
50470,Encinacorba,Zaragoza,Aragón
50480,Paniza,Zaragoza,Aragón
50481,Aladrén,Zaragoza,Aragón
50482,Vistabella,Zaragoza,Aragón
50490,Villadoz,Zaragoza,Aragón
50490,Villarreal de Huerva,Zaragoza,Aragón
50491,Badules,Zaragoza,Aragón
50491,Fombuena,Zaragoza,Aragón
50491,Romanos,Zaragoza,Aragón
50500,Tarazona,Zaragoza,Aragón
50510,Novallas,Zaragoza,Aragón
50511,Malón,Zaragoza,Aragón
50512,Torrellas,Zaragoza,Aragón
50513,Los Fayos,Zaragoza,Aragón
50513,Grisel,Zaragoza,Aragón
50513,Santa Cruz de Moncayo,Zaragoza,Aragón
50513,Tarazona,Zaragoza,Aragón
50513,Vierlas,Zaragoza,Aragón
50514,Tarazona,Zaragoza,Aragón
50520,Magallón,Zaragoza,Aragón
50529,Alberite de San Juan,Zaragoza,Aragón
50529,Fuendejalón,Zaragoza,Aragón
50529,Pozuelo de Aragón,Zaragoza,Aragón
50530,Novillas,Zaragoza,Aragón
50540,Borja,Zaragoza,Aragón
50546,Ambel,Zaragoza,Aragón
50546,Bulbuente,Zaragoza,Aragón
50546,Talamantes,Zaragoza,Aragón
50547,Bureta,Zaragoza,Aragón
50547,Tabuenca,Zaragoza,Aragón
50548,Borja,Zaragoza,Aragón
50548,El Buste,Zaragoza,Aragón
50549,Albeta,Zaragoza,Aragón
50549,Maleján,Zaragoza,Aragón
50550,Mallén,Zaragoza,Aragón
50560,Agón,Zaragoza,Aragón
50561,Bisimbre,Zaragoza,Aragón
50562,Fréscano,Zaragoza,Aragón
50570,Ainzón,Zaragoza,Aragón
50580,Vera de Moncayo,Zaragoza,Aragón
50581,Lituénigo,Zaragoza,Aragón
50582,Litago,Zaragoza,Aragón
50583,Trasmoz,Zaragoza,Aragón
50584,San Martín de la Virgen de Moncayo,Zaragoza,Aragón
50590,Añón de Moncayo,Zaragoza,Aragón
50591,Alcalá de Moncayo,Zaragoza,Aragón
50600,Ejea de los Caballeros,Zaragoza,Aragón
50610,El Frago,Zaragoza,Aragón
50610,Luna,Zaragoza,Aragón
50611,Erla,Zaragoza,Aragón
50612,Castejón de Valdejasa,Zaragoza,Aragón
50612,Las Pedrosas,Zaragoza,Aragón
50612,Sierra de Luna,Zaragoza,Aragón
50614,Ardisa,Zaragoza,Aragón
50614,Puendeluna,Zaragoza,Aragón
50615,Luna,Zaragoza,Aragón
50615,Valpalmas,Zaragoza,Aragón
50616,Piedratajada,Zaragoza,Aragón
50616,Marracos,Zaragoza,Aragón
50617,Ejea de los Caballeros,Zaragoza,Aragón
50619,Asín,Zaragoza,Aragón
50619,Ejea de los Caballeros,Zaragoza,Aragón
50619,Luesia,Zaragoza,Aragón
50619,Orés,Zaragoza,Aragón
50619,Biel,Zaragoza,Aragón
50620,Zaragoza,Zaragoza,Aragón
50629,Sobradiel,Zaragoza,Aragón
50630,Alagón,Zaragoza,Aragón
50637,Remolinos,Zaragoza,Aragón
50638,Cabañas de Ebro,Zaragoza,Aragón
50639,Figueruelas,Zaragoza,Aragón
50640,Luceni,Zaragoza,Aragón
50641,Boquiñeni,Zaragoza,Aragón
50650,Gallur,Zaragoza,Aragón
50660,Tauste,Zaragoza,Aragón
50668,Pradilla de Ebro,Zaragoza,Aragón
50669,Tauste,Zaragoza,Aragón
50670,Sádaba,Zaragoza,Aragón
50678,Uncastillo,Zaragoza,Aragón
50679,Layana,Zaragoza,Aragón
50679,Sádaba,Zaragoza,Aragón
50680,Sos del Rey Católico,Zaragoza,Aragón
50682,Sigüés,Zaragoza,Aragón
50683,Artieda,Zaragoza,Aragón
50683,Mianos,Zaragoza,Aragón
50683,Sigüés,Zaragoza,Aragón
50684,Salvatierra de Esca,Zaragoza,Aragón
50685,Bagüés,Zaragoza,Aragón
50685,Navardún,Zaragoza,Aragón
50685,Los Pintanos,Zaragoza,Aragón
50685,Urriés,Zaragoza,Aragón
50686,Petilla de Aragón,Navarra,Comunidad Foral de Navarra
50686,Navardún,Zaragoza,Aragón
50687,Isuerre,Zaragoza,Aragón
50687,Lobera de Onsella,Zaragoza,Aragón
50688,Longás,Zaragoza,Aragón
50689,Sos del Rey Católico,Zaragoza,Aragón
50689,Undués de Lerda,Zaragoza,Aragón
50690,Pedrola,Zaragoza,Aragón
50691,Alcalá de Ebro,Zaragoza,Aragón
50692,La Joyosa,Zaragoza,Aragón
50692,Zaragoza,Zaragoza,Aragón
50693,Torres de Berrellén,Zaragoza,Aragón
50694,Ejea de los Caballeros,Zaragoza,Aragón
50695,Biota,Zaragoza,Aragón
50696,Castiliscar,Zaragoza,Aragón
50696,Sos del Rey Católico,Zaragoza,Aragón
50700,Caspe,Zaragoza,Aragón
50709,Caspe,Zaragoza,Aragón
50710,Maella,Zaragoza,Aragón
50720,Zaragoza,Zaragoza,Aragón
50730,El Burgo de Ebro,Zaragoza,Aragón
50740,Fuentes de Ebro,Zaragoza,Aragón
50741,Fuentes de Ebro,Zaragoza,Aragón
50750,Pina de Ebro,Zaragoza,Aragón
50760,Velilla de Ebro,Zaragoza,Aragón
50770,Quinto,Zaragoza,Aragón
50780,Sástago,Zaragoza,Aragón
50781,Alborge,Zaragoza,Aragón
50782,Cinco Olivas,Zaragoza,Aragón
50783,Alforque,Zaragoza,Aragón
50784,La Zaida,Zaragoza,Aragón
50786,Gelsa,Zaragoza,Aragón
50790,Escatrón,Zaragoza,Aragón
50792,Chiprana,Zaragoza,Aragón
50793,Fabara,Zaragoza,Aragón
50794,Nonaspe,Zaragoza,Aragón
50795,Fayón,Zaragoza,Aragón
50800,Zuera,Zaragoza,Aragón
50810,Zuera,Zaragoza,Aragón
50820,Zaragoza,Zaragoza,Aragón
50830,Villanueva de Gállego,Zaragoza,Aragón
50830,Zuera,Zaragoza,Aragón
50840,San Mateo de Gállego,Zaragoza,Aragón
51001,Ceuta,Ceuta,Ceuta
51002,Ceuta,Ceuta,Ceuta
51003,Ceuta,Ceuta,Ceuta
51004,Ceuta,Ceuta,Ceuta
51005,Ceuta,Ceuta,Ceuta
52001,Melilla,Melilla,Melilla
52002,Melilla,Melilla,Melilla
52003,Melilla,Melilla,Melilla
52004,Melilla,Melilla,Melilla
52005,Melilla,Melilla,Melilla
52006,Melilla,Melilla,Melilla
